registration_number,price,brand_encoded,model_encoded,fuel_type_encoded,transmission_encoded,owner_type_encoded,vehicle_age_scaled,mileage_scaled,engine_cc_scaled,mileage_per_year_scaled,brand,model,fuel_type,transmission,owner_type,vehicle_age,mileage,engine_cc,mileage_per_year
TN 12 GH 9279,2500.0,11,38,1,1,0,1.5885758159870147,2.009507219201739,0.24669594357375135,1.161723410969978,Volkswagen,Polo,Diesel,Manual,First,16,248627.0,1799.0,14625.117647058823
TN 98 ZF 7924,6100.0,0,3,2,1,1,0.30429009647611566,0.6136635755236425,-1.2788729831221701,0.9793021728824638,Audi,A4,Electric,Manual,Fourth & Above,10,155407.0,0.0,14127.90909090909
TS 78 IZ 1711,2500.0,4,50,4,1,1,0.732385336313082,0.171701325075212,-0.43171158358396805,-0.6511553497969976,Hyundai,Tucson,Petrol,Manual,Fourth & Above,12,125891.0,999.0,9683.923076923076
KA 06 VH 5741,3500.0,9,35,2,0,3,0.9464329562315652,1.7757984915625227,-1.2788729831221701,1.9025113642065414,Tesla,Model Y,Electric,Automatic,Third,13,233019.0,0.0,16644.214285714286
HR 90 VU 2169,2500.0,3,5,3,1,3,0.9464329562315652,0.6259868893913434,-0.00940289792828771,-0.10985839179633428,Honda,Accord,Hybrid,Manual,Third,13,156230.0,1497.0,11159.285714285714
TN 41 MI 2084,9000.0,0,4,0,1,3,0.09024247655763246,-0.37733749580812587,0.4154498159542341,-0.9305511502238232,Audi,A6,CNG,Manual,Third,9,89224.0,1998.0,8922.4
GJ 69 IX 8019,15000.0,1,2,2,1,3,-0.5519003831978171,-0.7587163587611522,-1.2788729831221701,-0.8625610462379152,BMW,7 Series,Electric,Manual,Third,6,63754.0,0.0,9107.714285714286
MH 81 FZ 7916,20900.0,0,40,0,0,0,-0.7659480031163003,-0.8754808806813602,0.4154498159542341,-0.7824740289002136,Audi,Q7,CNG,Automatic,First,5,55956.0,1998.0,9326.0
GJ 97 IY 6573,23000.0,0,3,0,0,0,-0.9799956230347835,-0.9309882008606641,0.4154498159542341,-0.3701621633316501,Audi,A4,CNG,Automatic,First,4,52249.0,1998.0,10449.8
WB 65 TG 3504,10700.0,3,12,3,1,0,-1.1940432429532666,-1.2677755344114874,0.4162978253631812,-1.474705219825189,Honda,CR-V,Hybrid,Manual,First,3,29757.0,1999.0,7439.25
UP 11 CX 8962,2500.0,4,45,4,0,3,1.5885758159870147,1.6824527580859163,-0.26380572061243246,0.6903334960935313,Hyundai,Sonata,Petrol,Automatic,Third,16,226785.0,1197.0,13340.29411764706
AP 28 RY 4295,2700.0,3,7,0,1,3,0.732385336313082,-0.0017384617164999732,0.24669594357375135,-0.9780550403305358,Honda,Amaze,CNG,Manual,Third,12,114308.0,1799.0,8792.923076923076
KA 44 AS 4770,18700.0,9,35,2,0,0,-0.9799956230347835,-0.5842583637762402,-1.2788729831221701,1.3289824458702832,Tesla,Model Y,Electric,Automatic,First,4,75405.0,0.0,15081.0
DL 36 VP 4510,2600.0,0,4,1,1,0,1.5885758159870147,0.42613358417602953,1.2592191778566475,-1.1204236066426494,Audi,A6,Diesel,Manual,First,16,142883.0,2993.0,8404.882352941177
AP 46 NN 8651,10300.0,6,8,2,1,0,-1.622138482790233,-1.5138824441679044,-1.2788729831221701,-1.7604214196040813,Maruti,Baleno,Electric,Manual,First,1,13321.0,0.0,6660.5
KL 18 NF 5563,4800.0,9,33,2,1,2,0.9464329562315652,0.02048243473510156,-1.2788729831221701,-1.1695962213454136,Tesla,Model 3,Electric,Manual,Second,13,115792.0,0.0,8270.857142857143
DL 22 NP 8886,2500.0,5,55,0,1,0,1.1604805761500483,0.9591955206160663,0.585051697743664,0.16148704530561075,Mahindra,XUV700,CNG,Manual,First,14,178483.0,2198.0,11898.866666666667
GJ 85 WP 3536,3300.0,1,54,2,0,1,1.3745281960685316,0.46837425054393245,-1.2788729831221701,-0.8630065564783411,BMW,X5,Electric,Automatic,Fourth & Above,15,145704.0,0.0,9106.5
KL 65 QF 1931,4400.0,1,53,0,1,3,0.30429009647611566,0.9847106200456681,0.4154498159542341,1.8058070531417314,BMW,X3,CNG,Manual,Third,10,180187.0,1998.0,16380.636363636364
UP 06 TC 7868,2500.0,6,46,1,0,0,0.5183377163945988,-0.26376236131661807,0.24669594357375135,-1.2442366576065385,Maruti,Swift,Diesel,Automatic,First,11,96809.0,1799.0,8067.416666666667
HR 59 KY 2188,5700.0,11,49,1,0,1,-0.12380514336085073,-0.45249024465623106,-0.26380572061243246,-0.7714265396703109,Volkswagen,Tiguan,Diesel,Automatic,Fourth & Above,8,84205.0,1197.0,9356.111111111111
TS 37 FO 9900,3400.0,10,30,3,1,3,0.9464329562315652,0.01425339637670113,0.585051697743664,-1.180498118993478,Toyota,Highlander,Hybrid,Manual,Third,13,115376.0,2198.0,8241.142857142857
KA 96 RE 5462,2500.0,9,35,2,1,3,1.5885758159870147,1.851520239106828,-1.2788729831221701,0.9340137235850593,Tesla,Model Y,Electric,Manual,Third,16,238076.0,0.0,14004.470588235294
AP 36 BA 6464,5700.0,7,42,3,0,3,0.30429009647611566,0.5862318489068405,0.4154498159542341,0.9181981801207618,Mercedes,S-Class,Hybrid,Automatic,Third,10,153575.0,1998.0,13961.363636363636
MH 70 BL 3426,2500.0,2,25,2,1,0,0.5183377163945988,0.8732317965401604,-1.2788729831221701,1.0773565149788669,Ford,F-150,Electric,Manual,First,11,172742.0,0.0,14395.166666666666
KA 46 YR 7658,2500.0,8,29,4,0,2,1.3745281960685316,0.8446620725309584,0.4162978253631812,-0.28675871535124964,Tata,Harrier,Petrol,Automatic,Second,15,170834.0,1999.0,10677.125
TS 53 ZV 5065,7200.0,0,4,1,0,0,0.09024247655763246,0.6033617043924417,0.8386065110188615,1.4724000542087343,Audi,A6,Diesel,Automatic,First,9,154719.0,2497.0,15471.9
KL 45 JZ 4728,4800.0,7,19,2,1,2,0.9464329562315652,0.6058473302758419,-1.2788729831221701,-0.14510611375942584,Mercedes,E-Class,Electric,Manual,Second,13,154885.0,0.0,11063.214285714286
GJ 43 AD 5279,8000.0,1,0,4,0,3,0.30429009647611566,0.11285488096820794,2.097900483305378,-0.13624593951267125,BMW,3 Series,Petrol,Automatic,Third,10,121961.0,3982.0,11087.363636363636
UP 25 IB 8144,7400.0,2,22,3,0,1,-0.12380514336085073,-0.6585126936303453,0.585051697743664,-1.3323210205346274,Ford,Endeavour,Hybrid,Automatic,Fourth & Above,8,70446.0,2198.0,7827.333333333333
WB 53 KM 5844,4400.0,10,26,3,0,0,0.30429009647611566,0.049082106044103534,1.4330611066908132,-0.27829938120049275,Toyota,Fortuner,Hybrid,Automatic,First,10,117702.0,3198.0,10700.181818181818
HR 37 GN 6279,2500.0,6,8,1,0,1,0.30429009647611566,0.18540221473371293,0.24669594357375135,0.025352774969013746,Maruti,Baleno,Diesel,Automatic,Fourth & Above,10,126806.0,1799.0,11527.818181818182
UP 43 CY 4848,15900.0,5,9,1,1,3,-1.40809086287175,-1.2258493146914844,0.24669594357375135,-0.22247639218002194,Mahindra,Bolero,Diesel,Manual,Third,2,32557.0,1799.0,10852.333333333334
KA 59 NU 4185,3800.0,11,49,4,1,1,0.09024247655763246,0.47550170789633295,0.24669594357375135,1.1591120118444378,Volkswagen,Tiguan,Petrol,Manual,Fourth & Above,9,146180.0,1799.0,14618.0
GJ 60 BR 5082,20300.0,9,34,2,1,1,-0.9799956230347835,-0.9084977787108626,-1.2788729831221701,-0.2599481711472782,Tesla,Model S,Electric,Manual,Fourth & Above,4,53751.0,0.0,10750.2
GJ 55 RO 3607,2500.0,3,14,0,0,1,0.732385336313082,1.2190931619303842,0.24669594357375135,1.3229710814496976,Honda,City,CNG,Automatic,Fourth & Above,12,195840.0,1799.0,15064.615384615385
KA 92 JH 5451,30000.0,9,35,2,0,2,-1.40809086287175,-1.366377019002994,-1.2788729831221701,-1.3702330684453632,Tesla,Model Y,Electric,Automatic,Second,2,23172.0,0.0,7724.0
GJ 60 NB 4388,2500.0,4,50,1,1,0,1.1604805761500483,0.28259617623461963,0.07624605237537437,-0.9437347591424594,Hyundai,Tucson,Diesel,Manual,First,14,133297.0,1598.0,8886.466666666667
HR 97 MN 9818,2500.0,8,6,2,0,0,1.5885758159870147,2.31664672595056,-1.2788729831221701,1.604409517276437,Tata,Altroz,Electric,Automatic,First,16,269139.0,0.0,15831.70588235294
WB 52 XF 8657,8200.0,9,34,2,1,1,0.09024247655763246,0.054023410511103875,-1.2788729831221701,0.12638782675599428,Tesla,Model S,Electric,Manual,Fourth & Above,9,118032.0,0.0,11803.2
MH 07 IM 6363,2500.0,2,22,4,1,1,1.5885758159870147,2.426508395266868,1.057392938527226,1.7627552642523778,Ford,Endeavour,Petrol,Manual,Fourth & Above,16,276476.0,2755.0,16263.29411764706
GJ 07 LH 2124,16000.0,1,54,3,0,3,-0.5519003831978171,-0.6237438785625429,0.4154498159542341,-0.390110539508829,BMW,X5,Hybrid,Automatic,Third,6,72768.0,1998.0,10395.42857142857
KA 73 GO 5198,2500.0,11,38,4,1,2,1.5885758159870147,2.5052548200909732,-0.26380572061243246,1.8762540080640808,Volkswagen,Polo,Petrol,Manual,Second,16,281735.0,1197.0,16572.647058823528
AP 51 WG 2245,2500.0,4,45,3,1,0,0.9464329562315652,1.3827252080375956,-0.00940289792828771,1.2145649335350717,Hyundai,Sonata,Hybrid,Manual,First,13,206768.0,1497.0,14769.142857142857
WB 48 CQ 6590,3400.0,0,4,0,1,0,0.9464329562315652,1.2340817854802852,1.2592191778566475,0.9544131596111955,Audi,A6,CNG,Manual,First,13,196841.0,2993.0,14060.07142857143
GJ 84 IT 9817,19700.0,10,30,2,1,1,-1.622138482790233,-1.5052426481756036,-1.2788729831221701,-1.654573427775882,Toyota,Highlander,Electric,Manual,Fourth & Above,1,13898.0,0.0,6949.0
DL 97 OS 7209,13800.0,5,9,3,1,0,-1.1940432429532666,-0.9326053550498642,-0.00940289792828771,0.5784156199342722,Mahindra,Bolero,Hybrid,Manual,First,3,52141.0,1497.0,13035.25
UP 90 IR 1166,14700.0,4,21,1,0,3,-1.622138482790233,-1.4402869549093993,-0.00940289792828771,-0.8587873124366624,Hyundai,Elantra,Diesel,Automatic,Third,1,18236.0,1497.0,9118.0
KL 03 CJ 4630,2500.0,6,8,0,1,1,1.1604805761500483,0.5089678154228353,0.4162978253631812,-0.5739577653911663,Maruti,Baleno,CNG,Manual,Fourth & Above,14,148415.0,1999.0,9894.333333333334
TS 90 OI 6023,5400.0,8,29,0,0,1,-0.3378527632793339,-0.14181695653100965,0.4162978253631812,0.6091885846295588,Tata,Harrier,CNG,Automatic,Fourth & Above,7,104953.0,1999.0,13119.125
HR 93 SY 9595,3900.0,7,19,0,1,2,0.9464329562315652,1.2818177813614886,0.8386065110188615,1.0379594329333788,Mercedes,E-Class,CNG,Manual,Second,13,200029.0,2497.0,14287.785714285714
MH 36 BB 5786,3500.0,0,39,3,1,3,0.9464329562315652,1.4973934189718034,0.4154498159542341,1.415254193604483,Audi,Q5,Hybrid,Manual,Third,13,214426.0,1998.0,15316.142857142857
MH 07 IP 2869,37600.0,9,33,2,0,1,-1.622138482790233,-1.5625018853932076,-1.2788729831221701,-2.3560686110532387,Tesla,Model 3,Electric,Automatic,Fourth & Above,1,10074.0,0.0,5037.0
KA 32 DR 7818,17700.0,3,14,4,1,2,-1.622138482790233,-1.5297994340116055,0.24669594357375135,-1.9554238724868822,Honda,City,Petrol,Manual,Second,1,12258.0,1799.0,6129.0
KA 98 GU 4457,22500.0,0,4,0,0,3,-0.9799956230347835,-0.9228724826148635,0.4154498159542341,-0.33039120210400025,Audi,A6,CNG,Automatic,Third,4,52791.0,1998.0,10558.2
KL 38 BH 5720,7600.0,7,11,1,1,1,0.5183377163945988,0.04744997820500342,2.097900483305378,-0.6087818158511088,Mercedes,C-Class,Diesel,Manual,Fourth & Above,11,117593.0,3982.0,9799.416666666666
DL 83 EI 3330,28800.0,9,35,2,1,1,-1.40809086287175,-1.2705157123431876,-1.2788729831221701,-0.5872881306242962,Tesla,Model Y,Electric,Manual,Fourth & Above,2,29574.0,0.0,9858.0
HR 90 MI 9199,2500.0,3,15,0,0,1,0.5183377163945988,0.9604832545074664,-0.43171158358396805,1.2555125659271396,Honda,Civic,CNG,Automatic,Fourth & Above,11,178569.0,999.0,14880.75
DL 87 SS 1339,8700.0,6,18,2,0,3,-1.40809086287175,-1.4323209731625988,-1.2788729831221701,-1.9088287426353003,Maruti,Dzire,Electric,Automatic,Third,2,18768.0,0.0,6256.0
AP 82 PC 8700,2500.0,11,49,0,0,3,1.3745281960685316,1.822935541447726,-0.26380572061243246,1.2113710182084905,Volkswagen,Tiguan,CNG,Automatic,Third,15,236167.0,1197.0,14760.4375
WB 52 YR 1601,6800.0,4,17,1,0,1,-0.5519003831978171,-0.6849411857038471,0.4162978253631812,-0.6043223456993961,Hyundai,Creta,Diesel,Automatic,Fourth & Above,6,68681.0,1999.0,9811.57142857143
DL 67 LT 9167,7800.0,5,47,2,1,1,-0.5519003831978171,-0.7459438353964514,-1.2788729831221701,-0.8178527832869599,Mahindra,Thar,Electric,Manual,Fourth & Above,6,64607.0,0.0,9229.57142857143
WB 78 ZH 3594,2500.0,11,52,3,0,1,1.3745281960685316,0.5885527646413408,-0.43171158358396805,-0.6789649658342489,Volkswagen,Virtus,Hybrid,Automatic,Fourth & Above,15,153730.0,999.0,9608.125
HR 66 WI 7807,2500.0,7,42,4,0,0,1.5885758159870147,1.5469112791911068,0.8386065110188615,0.49497494332997444,Mercedes,S-Class,Petrol,Automatic,First,16,217733.0,2497.0,12807.823529411764
AP 44 ZQ 5377,4700.0,5,9,1,1,0,0.09024247655763246,0.00396649889540042,-0.00940289792828771,0.003736236918326262,Mahindra,Bolero,Diesel,Manual,First,9,114689.0,1497.0,11468.9
TS 43 RY 9903,6500.0,10,41,2,1,1,-0.3378527632793339,0.05269075567000378,-1.2788729831221701,1.2049274987752747,Toyota,RAV4,Electric,Manual,Fourth & Above,7,117943.0,0.0,14742.875
KL 91 ZM 7325,5200.0,8,6,1,0,2,-0.5519003831978171,-0.13963080364560948,0.07624605237537437,1.3044531761621387,Tata,Altroz,Diesel,Automatic,Second,6,105099.0,1598.0,15014.142857142857
KL 02 XE 7717,15200.0,11,32,0,0,0,-1.622138482790233,-1.4265561179510984,0.07624605237537437,-0.6905678869488653,Volkswagen,Jetta,CNG,Automatic,First,1,19153.0,1598.0,9576.5
GJ 49 KU 8994,2500.0,11,32,3,0,0,1.1604805761500483,1.0209169055038705,-0.00940289792828771,0.26230863336241894,Volkswagen,Jetta,Hybrid,Automatic,First,14,182605.0,1497.0,12173.666666666666
WB 91 DO 3725,2500.0,6,46,3,1,0,1.1604805761500483,0.5118128089038355,0.07624605237537437,-0.5693104820988828,Maruti,Swift,Hybrid,Manual,First,14,148605.0,1598.0,9907.0
DL 68 NS 3950,3000.0,9,35,2,0,3,1.5885758159870147,0.3761215935100261,-1.2788729831221701,-1.192506855231942,Tesla,Model Y,Electric,Automatic,Third,16,139543.0,0.0,8208.411764705883
HR 59 IV 1153,2500.0,2,24,1,0,2,1.1604805761500483,1.2792722608784883,-0.26380572061243246,0.6843308750732807,Ford,Explorer,Diesel,Automatic,Second,14,199859.0,1197.0,13323.933333333332
HR 26 MP 2747,3300.0,5,44,0,0,1,0.5183377163945988,-0.20243029132621382,0.4162978253631812,-1.1190046025723661,Mahindra,Scorpio,CNG,Automatic,Fourth & Above,11,100905.0,1999.0,8408.75
WB 96 BT 9138,15600.0,1,54,3,1,1,-0.7659480031163003,-0.609623726706842,1.2592191778566475,0.3032169560273903,BMW,X5,Hybrid,Manual,Fourth & Above,5,73711.0,2993.0,12285.166666666666
KL 05 SL 3153,19700.0,7,19,3,1,0,-0.7659480031163003,-0.9240853482567636,0.4154498159542341,-0.9809619442522273,Mercedes,E-Class,Hybrid,Manual,First,5,52710.0,1998.0,8785.0
KL 38 XK 2886,5500.0,3,12,1,0,3,-0.5519003831978171,-0.2975728627908204,-0.26380572061243246,0.7516011742785791,Honda,CR-V,Diesel,Automatic,Third,6,94551.0,1197.0,13507.285714285714
TN 34 RD 8451,2500.0,5,47,2,0,0,0.732385336313082,1.1076892066743766,-1.2788729831221701,1.1129966622517757,Mahindra,Thar,Electric,Automatic,First,12,188400.0,0.0,14492.307692307691
GJ 42 TH 2035,3600.0,4,51,3,1,2,-0.12380514336085073,0.009431881108900798,0.07624605237537437,0.4861527786074194,Hyundai,Verna,Hybrid,Manual,Second,8,115054.0,1598.0,12783.777777777777
DL 69 EM 8432,5000.0,11,52,4,1,3,-0.3378527632793339,-0.17236320232701174,0.07624605237537437,0.5156314341401624,Volkswagen,Virtus,Petrol,Manual,Third,7,102913.0,1598.0,12864.125
HR 05 WL 4559,11400.0,4,51,2,1,1,-1.1940432429532666,-1.031656049138371,-1.2788729831221701,-0.028330017798431452,Hyundai,Verna,Electric,Manual,Fourth & Above,3,45526.0,0.0,11381.5
KA 59 CV 4475,3200.0,5,9,3,0,0,0.09024247655763246,0.5384958530256373,0.07624605237537437,1.3134629656126307,Mahindra,Bolero,Hybrid,Automatic,First,9,150387.0,1598.0,15038.7
DL 30 KY 3417,2500.0,11,38,1,1,0,1.3745281960685316,1.88022472596513,0.24669594357375135,1.2991037774664391,Volkswagen,Polo,Diesel,Manual,First,15,239993.0,1799.0,14999.5625
TN 17 AL 4898,9200.0,0,3,1,0,2,-0.12380514336085073,0.29688103823922063,0.4154498159542341,1.2687308256422534,Audi,A4,Diesel,Automatic,Second,8,134251.0,1998.0,14916.777777777777
TS 66 SD 8405,2700.0,0,39,2,1,0,1.5885758159870147,0.6388342810055442,-1.2788729831221701,-0.8138539820286065,Audi,Q5,Electric,Manual,First,16,157088.0,0.0,9240.470588235294
TN 62 MN 2768,2500.0,6,8,0,0,1,1.3745281960685316,1.7863099937923235,0.4162978253631812,1.1552825892631315,Maruti,Baleno,CNG,Automatic,Fourth & Above,15,233721.0,1999.0,14607.5625
UP 71 WK 7240,2500.0,5,9,1,1,2,1.1604805761500483,1.88309966674593,-0.00940289792828771,1.6706800647818831,Mahindra,Bolero,Diesel,Manual,Second,14,240185.0,1497.0,16012.333333333334
AP 44 OM 7815,34400.0,0,39,4,1,1,-1.40809086287175,-1.2816411342188883,2.097900483305378,-0.6781547486813176,Audi,Q5,Petrol,Manual,Fourth & Above,2,28831.0,3982.0,9610.333333333334
KA 12 ND 7105,13500.0,9,33,2,1,1,-0.5519003831978171,-0.5563924013123382,-1.2788729831221701,-0.15435700286944198,Tesla,Model 3,Electric,Manual,Fourth & Above,6,77266.0,0.0,11038.0
AP 93 BJ 6119,2500.0,2,22,3,1,1,1.3745281960685316,1.4493280027928002,1.4330611066908132,0.6392277677523798,Ford,Endeavour,Hybrid,Manual,Fourth & Above,15,211216.0,3198.0,13201.0
UP 29 ZN 1430,3800.0,4,21,4,0,3,0.30429009647611566,-0.2399243106758164,-0.43171158358396805,-0.9220592962079229,Hyundai,Elantra,Petrol,Automatic,Third,10,98401.0,999.0,8945.545454545454
MH 73 VM 2140,2500.0,0,39,3,0,3,1.5885758159870147,0.692574710496648,0.4154498159542341,-0.736396862511549,Audi,Q5,Hybrid,Automatic,Third,16,160677.0,1998.0,9451.588235294117
HR 93 KY 2391,2500.0,2,36,2,0,3,1.1604805761500483,1.5556409170828074,-1.2788729831221701,1.1357777578400234,Ford,Mustang,Electric,Automatic,Third,14,218316.0,0.0,14554.4
UP 57 NI 4531,2700.0,10,16,4,0,1,0.5183377163945988,0.8649064471957598,0.4162978253631812,1.0603572418834084,Toyota,Corolla,Petrol,Automatic,Fourth & Above,11,172186.0,1999.0,14348.833333333334
UP 08 AG 5938,5300.0,6,46,0,0,3,-0.7659480031163003,-0.7051556130688486,-0.43171158358396805,-0.0869102466669553,Maruti,Swift,CNG,Automatic,Third,5,67331.0,999.0,11221.833333333334
GJ 91 HQ 6802,10400.0,1,1,2,0,2,-0.12380514336085073,-0.3861569755992265,-1.2788729831221701,-0.590834741557881,BMW,5 Series,Electric,Automatic,Second,8,88635.0,0.0,9848.333333333334
WB 54 JD 7636,2500.0,3,14,4,0,1,1.3745281960685316,1.1057576058372764,0.24669594357375135,0.11308344962022247,Honda,City,Petrol,Automatic,Fourth & Above,15,188271.0,1799.0,11766.9375
UP 52 QC 7484,2500.0,10,41,3,1,1,0.5183377163945988,0.9761756396026675,-0.43171158358396805,1.2875543612581486,Toyota,RAV4,Hybrid,Manual,Fourth & Above,11,179617.0,999.0,14968.083333333334
WB 19 HD 3399,9500.0,7,27,0,1,2,0.09024247655763246,-0.16135756965051098,1.2592191778566475,-0.4013478801614489,Mercedes,GLC,CNG,Manual,Second,9,103648.0,2993.0,10364.8
UP 58 VS 6295,6000.0,7,19,4,1,1,0.5183377163945988,0.6570422392839455,0.8386065110188615,0.6359257506762834,Mercedes,E-Class,Petrol,Manual,Fourth & Above,11,158304.0,2497.0,13192.0
HR 60 OB 1932,2500.0,11,49,3,0,0,0.732385336313082,0.5573626518996386,-0.00940289792828771,0.07573996483494681,Volkswagen,Tiguan,Hybrid,Automatic,First,12,151647.0,1497.0,11665.153846153846
TN 58 ZS 4084,2500.0,4,50,4,0,1,1.1604805761500483,1.388624826098196,0.24669594357375135,0.8629577691972186,Hyundai,Tucson,Petrol,Automatic,Fourth & Above,14,207162.0,1799.0,13810.8
KA 65 UF 1641,18000.0,4,56,2,1,3,-1.622138482790233,-1.4461566256701996,-1.2788729831221701,-0.9306979065383162,Hyundai,i20,Electric,Manual,Third,1,17844.0,0.0,8922.0
TS 87 TB 6482,31200.0,1,54,3,0,3,-1.40809086287175,-1.265334829477787,2.097900483305378,-0.544973393278765,BMW,X5,Hybrid,Automatic,Third,2,29920.0,3982.0,9973.333333333334
MH 45 JU 7421,2500.0,3,12,3,1,3,0.9464329562315652,0.9681497632562669,-0.43171158358396805,0.48898599078999605,Honda,CR-V,Hybrid,Manual,Third,13,179081.0,999.0,12791.5
TN 47 JF 4509,2500.0,2,22,3,1,0,1.1604805761500483,0.650214254929545,2.9196216005751654,-0.3432323796221527,Ford,Endeavour,Hybrid,Manual,First,14,157848.0,4951.0,10523.2
GJ 05 VK 3147,3700.0,4,17,4,0,0,0.30429009647611566,-0.1530322203061104,0.24669594357375135,-0.7285077296161335,Hyundai,Creta,Petrol,Automatic,First,10,104204.0,1799.0,9473.09090909091
WB 93 HO 5668,5500.0,0,40,0,1,1,0.732385336313082,0.0804219552848057,0.4154498159542341,-0.8231989061720685,Audi,Q7,CNG,Manual,Fourth & Above,12,119795.0,1998.0,9215.0
UP 57 OY 5616,8900.0,9,35,2,1,3,0.09024247655763246,0.11790100098450829,-1.2788729831221701,0.28290343616296054,Tesla,Model Y,Electric,Manual,Third,9,122298.0,0.0,12229.8
TS 71 DW 9452,11500.0,8,48,0,1,3,-1.1940432429532666,-0.8560301094612589,-0.43171158358396805,1.0474854901330697,Tata,Tiago,CNG,Manual,Third,3,57255.0,999.0,14313.75
DL 58 LA 7797,2500.0,3,12,0,1,1,1.1604805761500483,1.5947371169717102,-0.43171158358396805,1.199641214030302,Honda,CR-V,CNG,Manual,Fourth & Above,14,220927.0,999.0,14728.466666666667
WB 43 ZE 3254,12600.0,10,30,3,1,0,-0.7659480031163003,-0.8633372506124595,1.4330611066908132,-0.7328826242943964,Toyota,Highlander,Hybrid,Manual,First,5,56767.0,3198.0,9461.166666666666
TN 33 GE 9991,24300.0,10,41,2,0,0,-1.622138482790233,-1.466056606387301,-1.2788729831221701,-1.1744968339900963,Toyota,RAV4,Electric,Automatic,First,1,16515.0,0.0,8257.5
WB 80 OC 2816,25500.0,9,34,2,1,0,-1.1940432429532666,-1.2718034462345875,-1.2788729831221701,-1.4993786251993535,Tesla,Model S,Electric,Manual,First,3,29488.0,0.0,7372.0
WB 86 CQ 6908,3600.0,5,47,4,0,2,0.09024247655763246,0.36550527573092534,0.24669594357375135,0.8895940402777293,Mahindra,Thar,Petrol,Automatic,Second,9,138834.0,1799.0,13883.4
TS 09 LH 2698,2500.0,3,7,2,0,3,1.5885758159870147,1.1818536946290816,-1.2788729831221701,-0.031189607749953035,Honda,Amaze,Electric,Automatic,Third,16,193353.0,0.0,11373.70588235294
KA 92 YO 1605,6800.0,0,39,1,0,1,0.732385336313082,-0.1485401253361101,0.8386065110188615,-1.2547471378865065,Audi,Q5,Diesel,Automatic,Fourth & Above,12,104504.0,2497.0,8038.7692307692305
WB 25 JL 1783,2600.0,7,19,3,0,1,1.3745281960685316,1.9283799840435332,2.097900483305378,1.3728488254992575,Mercedes,E-Class,Hybrid,Automatic,Fourth & Above,15,243209.0,3982.0,15200.5625
MH 64 WP 7018,5400.0,11,49,2,0,1,-0.12380514336085073,-0.5689103726287391,-1.2788729831221701,-1.0883794133326452,Volkswagen,Tiguan,Electric,Automatic,Fourth & Above,8,76430.0,0.0,8492.222222222223
TS 85 JJ 8305,2500.0,6,10,0,1,3,1.1604805761500483,1.507590474553704,-0.00940289792828771,1.0572875889719262,Maruti,Brezza,CNG,Manual,Third,14,215107.0,1497.0,14340.466666666667
TN 10 VU 7655,5000.0,0,40,4,0,1,0.5183377163945988,0.7764720708863537,1.2592191778566475,0.8797858265924355,Audi,Q7,Petrol,Automatic,Fourth & Above,11,166280.0,2993.0,13856.666666666666
WB 47 LM 1530,2500.0,4,56,0,0,0,0.5183377163945988,1.1971867121266828,-0.26380572061243246,1.7388300283246492,Hyundai,i20,CNG,Automatic,First,11,194377.0,1197.0,16198.083333333334
HR 32 DA 4048,28200.0,0,4,4,1,3,-1.40809086287175,-1.1523736146321795,2.097900483305378,0.37763463716830264,Audi,A6,Petrol,Manual,Third,2,37464.0,3982.0,12488.0
KL 26 DE 2213,2500.0,5,9,2,1,3,0.9464329562315652,0.38404265430712664,-1.2788729831221701,-0.5333027720785941,Mahindra,Bolero,Electric,Manual,Third,13,140072.0,0.0,10005.142857142857
MH 92 WW 3852,16500.0,5,55,3,0,0,-1.40809086287175,-1.1116003659544766,1.4330611066908132,0.7106491741390562,Mahindra,XUV700,Hybrid,Automatic,First,2,40187.0,3198.0,13395.666666666666
UP 48 OZ 3126,4100.0,4,56,1,1,1,0.09024247655763246,-0.44468897305833055,-0.43171158358396805,-1.0955786258713935,Hyundai,i20,Diesel,Manual,Fourth & Above,9,84726.0,999.0,8472.6
KA 17 KU 2215,3800.0,0,3,2,0,1,1.1604805761500483,0.6869146708344476,-1.2788729831221701,-0.2832824251516925,Audi,A4,Electric,Automatic,Fourth & Above,14,160299.0,0.0,10686.6
TN 16 QE 5982,9700.0,5,9,0,1,2,-0.7659480031163003,-0.9537032277589657,0.07624605237537437,-1.1019136067803488,Mahindra,Bolero,CNG,Manual,Second,5,50732.0,1598.0,8455.333333333334
GJ 36 EU 5961,7600.0,2,24,0,0,0,-0.5519003831978171,-0.12634917618430858,-0.00940289792828771,1.350943480074797,Ford,Explorer,CNG,Automatic,First,6,105986.0,1497.0,15140.857142857143
WB 99 SI 4453,4500.0,0,3,1,0,0,0.5183377163945988,0.6288468565222435,0.4154498159542341,0.5783544714699002,Audi,A4,Diesel,Automatic,First,11,156421.0,1998.0,13035.083333333334
WB 52 JO 2195,2500.0,0,40,3,0,1,1.5885758159870147,1.448998582495,0.8386065110188615,0.35385148149602724,Audi,Q7,Hybrid,Automatic,Fourth & Above,16,211194.0,2497.0,12423.176470588236
TS 94 LM 3142,5600.0,9,33,2,0,2,0.5183377163945988,0.37237818103502585,-1.2788729831221701,0.05467902258676835,Tesla,Model 3,Electric,Automatic,Second,11,139293.0,0.0,11607.75
HR 50 TN 5067,2500.0,4,56,3,0,2,0.9464329562315652,0.5079945281793352,-0.26380572061243246,-0.3163654914760106,Hyundai,i20,Hybrid,Automatic,Second,13,148350.0,1197.0,10596.42857142857
KA 51 QO 4944,10300.0,2,25,0,0,1,-0.5519003831978171,-0.799549502038455,1.4330611066908132,-1.0054912139603716,Ford,F-150,CNG,Automatic,Fourth & Above,6,61027.0,3198.0,8718.142857142857
AP 18 IX 6992,22800.0,1,2,0,0,3,-0.7659480031163003,-1.046150542241572,0.4154498159542341,-1.4794442258140312,BMW,7 Series,CNG,Automatic,Third,5,44558.0,1998.0,7426.333333333333
KL 98 RI 2946,2500.0,8,43,1,0,3,1.3745281960685316,1.2428039365470358,-0.43171158358396805,0.32295644468252666,Tata,Safari,Diesel,Automatic,Third,15,197423.5,999.0,12338.96875
AP 65 BB 1637,14300.0,2,36,0,0,2,-0.9799956230347835,-0.9365883459232645,1.057392938527226,-0.3976055941418728,Ford,Mustang,CNG,Automatic,Second,4,51875.0,2755.0,10375.0
UP 95 JS 6511,21100.0,2,25,0,1,3,-1.622138482790233,-1.4919011261147028,1.4330611066908132,-1.4911235825091127,Ford,F-150,CNG,Manual,Third,1,14789.0,3198.0,7394.5
AP 75 JZ 1436,10300.0,6,23,4,0,3,-1.622138482790233,-1.4545119223144003,0.4162978253631812,-1.033060435897303,Maruti,Ertiga,Petrol,Automatic,Third,1,17286.0,1999.0,8643.0
WB 93 TY 7229,7300.0,0,40,0,1,0,-0.12380514336085073,0.46527470501463225,2.097900483305378,1.727181245861754,Audi,Q7,CNG,Manual,First,8,145497.0,3982.0,16166.333333333334
AP 89 GN 9221,2500.0,2,24,1,1,1,1.3745281960685316,1.4264332920956986,-0.00940289792828771,0.6041667669929957,Ford,Explorer,Diesel,Manual,Fourth & Above,15,209687.0,1497.0,13105.4375
MH 59 RK 9950,2500.0,0,40,0,0,1,1.3745281960685316,1.7147359472703185,2.097900483305378,1.0456739668760446,Audi,Q7,CNG,Automatic,Fourth & Above,15,228941.0,3982.0,14308.8125
HR 99 JW 4396,4800.0,4,51,1,0,3,-0.12380514336085073,0.0022595028068003024,-0.26380572061243246,0.4666260356512446,Hyundai,Verna,Diesel,Automatic,Third,8,114575.0,1197.0,12730.555555555555
GJ 49 ML 3399,38600.0,9,34,2,0,0,-1.622138482790233,-1.510228873592304,-1.2788729831221701,-1.7156607436836642,Tesla,Model S,Electric,Automatic,First,1,13565.0,0.0,6782.5
GJ 35 RW 5450,10500.0,7,11,2,0,1,-0.3378527632793339,0.14620119929551023,-1.2788729831221701,1.4913316187783534,Mercedes,C-Class,Electric,Automatic,Fourth & Above,7,124188.0,0.0,15523.5
TS 92 PD 3252,5300.0,2,36,0,1,2,0.09024247655763246,-0.25341556923571734,0.585051697743664,-0.6269123355374524,Ford,Mustang,CNG,Manual,Second,9,97500.0,2198.0,9750.0
HR 42 JU 1969,3700.0,10,26,2,0,2,0.5183377163945988,0.345515453114424,-1.2788729831221701,-0.00017114995505428077,Toyota,Fortuner,Electric,Automatic,Second,11,137499.0,0.0,11458.25
TN 51 ZP 4052,3900.0,3,7,4,1,1,0.09024247655763246,0.1442246775087101,-0.26380572061243246,0.3474028363827095,Honda,Amaze,Petrol,Manual,Fourth & Above,9,124056.0,1197.0,12405.6
WB 70 QP 3198,3800.0,9,35,2,0,3,1.3745281960685316,0.15328373569821072,-1.2788729831221701,-1.3455367323970593,Tesla,Model Y,Electric,Automatic,Third,15,124661.0,0.0,7791.3125
TS 38 SV 4164,3300.0,6,18,1,0,3,-0.12380514336085073,-0.5023524988232345,0.4162978253631812,-0.907176130576494,Maruti,Dzire,Diesel,Automatic,Third,8,80875.0,1999.0,8986.111111111111
KL 42 HA 5272,14900.0,2,22,4,0,0,-0.9799956230347835,-0.6930419302997477,1.057392938527226,0.7958901334738397,Ford,Endeavour,Petrol,Automatic,First,4,68140.0,2755.0,13628.0
DL 08 VD 8625,13100.0,8,29,3,1,3,-1.40809086287175,-1.175927165924881,0.4162978253631812,0.18526156825350418,Tata,Harrier,Hybrid,Manual,Third,2,35891.0,1999.0,11963.666666666666
DL 18 PE 8454,23400.0,7,19,3,1,3,-0.9799956230347835,-0.7530113981492518,1.2592191778566475,0.502010613701265,Mercedes,E-Class,Hybrid,Manual,Third,4,64135.0,2993.0,12827.0
UP 11 QO 9653,19700.0,9,34,2,1,2,-0.7659480031163003,-0.7551975510346519,-1.2788729831221701,-0.2912684145986958,Tesla,Model S,Electric,Manual,Second,5,63989.0,0.0,10664.833333333334
GJ 57 DV 4365,2700.0,9,35,2,1,2,1.1604805761500483,1.9082254512781318,-1.2788729831221701,1.711722914068473,Tesla,Model Y,Electric,Manual,Second,14,241863.0,0.0,16124.2
KL 73 BR 8575,38200.0,9,34,2,0,2,-1.622138482790233,-1.5344113181808057,-1.2788729831221701,-2.011925053566753,Tesla,Model S,Electric,Automatic,Second,1,11950.0,0.0,5975.0
KA 70 BC 8734,2500.0,11,49,1,1,0,1.5885758159870147,1.2157540380026841,0.07624605237537437,0.01767161225189121,Volkswagen,Tiguan,Diesel,Manual,First,16,195617.0,1598.0,11506.882352941177
AP 49 CV 9835,15600.0,10,41,2,0,1,-1.1940432429532666,-1.250046732929886,-1.2788729831221701,-1.3661055471002428,Toyota,RAV4,Electric,Automatic,Fourth & Above,3,30941.0,0.0,7735.25
HR 60 VX 9920,3200.0,2,25,0,1,2,0.9464329562315652,0.2384688299793166,0.585051697743664,-0.788082216632631,Ford,F-150,CNG,Manual,Second,13,130350.0,2198.0,9310.714285714286
KA 05 ZV 7868,10500.0,8,48,3,1,3,-0.9799956230347835,-0.711249888578149,-0.26380572061243246,0.7066622942619916,Tata,Tiago,Hybrid,Manual,Third,4,66924.0,1197.0,13384.8
AP 57 HR 4559,10400.0,0,3,4,0,0,0.09024247655763246,-0.33651932618072306,0.8386065110188615,-0.830536721896727,Audi,A4,Petrol,Automatic,First,9,91950.0,2497.0,9195.0
MH 85 QH 7775,7400.0,10,16,0,0,3,-0.3378527632793339,-0.5595368677913385,-0.26380572061243246,-0.6702054483129378,Toyota,Corolla,CNG,Automatic,Third,7,77056.0,1197.0,9632.0
WB 86 MZ 9592,3200.0,7,27,1,0,1,1.3745281960685316,1.3843124149269956,0.4154498159542341,0.5396627806384191,Mercedes,GLC,Diesel,Automatic,Fourth & Above,15,206874.0,1998.0,12929.625
MH 60 BR 7761,10600.0,4,51,1,0,2,-1.1940432429532666,-1.1376545167804784,-0.26380572061243246,-0.6776349867341546,Hyundai,Verna,Diesel,Automatic,Second,3,38447.0,1197.0,9611.75
DL 07 IM 1647,2500.0,8,48,3,1,1,0.732385336313082,0.45229255055133133,-0.00940289792828771,-0.12229639262631854,Tata,Tiago,Hybrid,Manual,Fourth & Above,12,144630.0,1497.0,11125.384615384615
KA 96 YP 4974,3300.0,3,5,3,0,0,0.30429009647611566,0.26941936432261876,-0.26380572061243246,0.21250042965564567,Honda,Accord,Hybrid,Automatic,First,10,132417.0,1197.0,12037.90909090909
WB 46 JI 6892,7400.0,9,34,2,0,1,0.30429009647611566,0.10774886635230758,-1.2788729831221701,-0.14761955388589199,Tesla,Model S,Electric,Automatic,Fourth & Above,10,121620.0,0.0,11056.363636363636
AP 06 SH 3390,9600.0,6,18,2,0,2,-1.40809086287175,-1.3704947727254944,-1.2788729831221701,-1.4038647238500483,Maruti,Dzire,Electric,Automatic,Second,2,22897.0,0.0,7632.333333333333
WB 44 IY 9005,15900.0,10,41,1,0,2,-1.1940432429532666,-1.1946592019497824,0.07624605237537437,-1.0268232925313432,Toyota,RAV4,Diesel,Automatic,Second,3,34640.0,1598.0,8660.0
KL 24 RU 1962,39900.0,9,34,2,1,2,-1.622138482790233,-1.465697238789701,-1.2788729831221701,-1.1700941445553013,Tesla,Model S,Electric,Manual,Second,1,16539.0,0.0,8269.5
MH 02 GQ 8471,2500.0,6,46,4,0,2,1.1604805761500483,2.0001037670645383,0.4162978253631812,1.861805705023489,Maruti,Swift,Petrol,Automatic,Second,14,247999.0,1999.0,16533.266666666666
HR 69 JA 9228,16000.0,4,21,0,0,0,-1.622138482790233,-1.478933945301302,-0.43171158358396805,-1.3322598720702552,Hyundai,Elantra,CNG,Automatic,First,1,15655.0,999.0,7827.5
UP 68 IL 5379,23300.0,9,34,2,1,2,-1.1940432429532666,-0.9223783521681634,-1.2788729831221701,0.6410622216835444,Tesla,Model S,Electric,Manual,Second,3,52824.0,0.0,13206.0
KA 84 UY 1519,8100.0,8,37,1,1,3,-0.7659480031163003,-0.3537390235657243,0.4162978253631812,1.34818306368314,Tata,Nexon,Diesel,Manual,Third,5,90800.0,1999.0,15133.333333333334
WB 43 SD 9653,10200.0,3,14,4,1,0,-0.9799956230347835,-0.9648136759847664,0.07624605237537437,-0.5359234205516864,Honda,City,Petrol,Manual,First,4,49990.0,1598.0,9998.0
WB 36 RS 1539,3400.0,10,16,0,0,3,0.30429009647611566,0.8905113885247616,-0.43171158358396805,1.595978877124336,Toyota,Corolla,CNG,Automatic,Third,10,173896.0,999.0,15808.727272727272
DL 73 MV 9856,2500.0,2,25,2,1,3,1.5885758159870147,2.5568839649461768,-1.2788729831221701,1.950668092236501,Ford,F-150,Electric,Manual,Third,16,285183.0,0.0,16775.470588235294
KA 44 TY 7499,2500.0,4,17,4,0,0,0.732385336313082,1.200780388102683,-0.43171158358396805,1.2884551251756304,Hyundai,Creta,Petrol,Automatic,First,12,194617.0,999.0,14970.538461538461
UP 85 MC 5839,3500.0,4,21,1,0,1,-0.12380514336085073,0.22553159646571572,0.07624605237537437,1.0744825371533762,Hyundai,Elantra,Diesel,Automatic,Fourth & Above,8,129486.0,1598.0,14387.333333333334
TN 40 OL 5419,3300.0,1,0,1,0,3,1.1604805761500483,1.0517775979477728,1.2592191778566475,0.31271942739082365,BMW,3 Series,Diesel,Automatic,Third,14,184666.0,2993.0,12311.066666666668
GJ 12 TT 6315,2500.0,3,5,0,0,0,1.1604805761500483,0.3983874109113276,-0.43171158358396805,-0.754590329146511,Honda,Accord,CNG,Automatic,First,14,141030.0,999.0,9402.0
MH 35 JI 9079,5500.0,8,37,0,1,2,-0.3378527632793339,-0.379448780444026,0.4162978253631812,-0.11863101256001068,Tata,Nexon,CNG,Manual,Second,7,89083.0,1999.0,11135.375
DL 93 UP 4203,3400.0,2,36,2,1,3,0.5183377163945988,0.360474129364525,-1.2788729831221701,0.03037250799883692,Ford,Mustang,Electric,Manual,Third,11,138498.0,0.0,11541.5
WB 77 EJ 6253,2500.0,5,47,3,0,3,0.732385336313082,0.34334427387892386,0.07624605237537437,-0.32764234344407045,Mahindra,Thar,Hybrid,Automatic,Third,12,137354.0,1598.0,10565.692307692309
HR 51 LD 4273,34700.0,0,4,3,0,1,-1.622138482790233,-1.4737680360858016,0.8386065110188615,-1.268971211445075,Audi,A6,Hybrid,Automatic,Fourth & Above,1,16000.0,2497.0,8000.0
AP 87 PE 5961,2500.0,0,4,1,0,3,1.5885758159870147,2.529092870731775,0.4154498159542341,1.9106122511042476,Audi,A6,Diesel,Automatic,Third,16,283327.0,1998.0,16666.29411764706
AP 70 BZ 6890,4000.0,1,53,4,0,1,0.732385336313082,1.071512868515974,2.097900483305378,1.0448114207487953,BMW,X3,Petrol,Automatic,Fourth & Above,12,185984.0,3982.0,14306.461538461539
WB 87 UM 6432,4400.0,9,34,2,1,0,1.1604805761500483,0.2228063921839155,-1.2788729831221701,-1.0414010864376648,Tesla,Model S,Electric,Manual,First,14,129304.0,0.0,8620.266666666666
WB 76 WQ 3469,2500.0,8,37,0,1,1,1.5885758159870147,0.4677902781978324,-0.00940289792828771,-1.0603830085661785,Tata,Nexon,CNG,Manual,Fourth & Above,16,145665.0,1497.0,8568.529411764706
KL 27 QP 6706,15200.0,4,21,4,1,2,-1.622138482790233,-1.4764483194179017,-0.00940289792828771,-1.3018079368129223,Hyundai,Elantra,Petrol,Manual,Second,1,15821.0,1497.0,7910.5
TS 83 DV 3692,13400.0,5,47,4,0,0,-1.40809086287175,-1.2154875489606838,0.4162978253631812,-0.13784691748896025,Mahindra,Thar,Petrol,Automatic,First,2,33249.0,1999.0,11083.0
WB 24 FU 8080,6000.0,9,33,2,0,2,0.5183377163945988,0.548183804510938,-1.2788729831221701,0.4136510826835014,Tesla,Model 3,Electric,Automatic,Second,11,151034.0,0.0,12586.166666666666
KA 74 DZ 9796,3400.0,8,37,4,1,2,0.30429009647611566,0.19841431649681385,-0.00940289792828771,0.054337147081415,Tata,Nexon,Petrol,Manual,Second,10,127675.0,1497.0,11606.818181818182
UP 15 LL 8501,10700.0,2,25,2,0,1,-0.5519003831978171,-0.7957611686137548,-1.2788729831221701,-0.9922307326865245,Ford,F-150,Electric,Automatic,Fourth & Above,6,61280.0,0.0,8754.285714285714
MH 48 WE 9369,10000.0,0,4,1,0,0,-0.3378527632793339,0.1384149013475097,0.8386065110188615,1.4674837176732132,Audi,A6,Diesel,Automatic,First,7,123668.0,2497.0,15458.5
MH 24 KO 1878,2500.0,8,6,2,1,2,0.732385336313082,0.809376666541606,-1.2788729831221701,0.5507365323498146,Tata,Altroz,Electric,Manual,Second,12,168477.5,0.0,12959.807692307691
KL 63 FC 1505,15900.0,4,21,0,0,1,-1.622138482790233,-1.509315480948404,0.4162978253631812,-1.70447057470356,Hyundai,Elantra,CNG,Automatic,Fourth & Above,1,13626.0,1999.0,6813.0
HR 70 LR 1681,3100.0,1,53,1,0,1,1.3745281960685316,1.2428039365470358,0.4154498159542341,0.32295644468252666,BMW,X3,Diesel,Automatic,Fourth & Above,15,197423.5,1998.0,12338.96875
TS 12 OD 4882,4900.0,9,35,2,0,0,0.30429009647611566,0.9877053500256683,-1.2788729831221701,1.812477794709602,Tesla,Model Y,Electric,Automatic,First,10,180387.0,0.0,16398.81818181818
DL 08 SL 9720,18800.0,1,2,2,1,2,-0.7659480031163003,-0.4182305336850287,-1.2788729831221701,1.08481662763227,BMW,7 Series,Electric,Manual,Second,5,86493.0,0.0,14415.5
AP 08 IU 3078,7700.0,7,42,3,0,0,0.5183377163945988,0.19456608847251358,0.8386065110188615,-0.3083899846228995,Mercedes,S-Class,Hybrid,Automatic,First,11,127418.0,2497.0,10618.166666666666
WB 35 UN 7146,9000.0,9,33,2,0,1,0.09024247655763246,-0.40390075073072773,-1.2788729831221701,-0.9956375757015443,Tesla,Model 3,Electric,Automatic,Fourth & Above,9,87450.0,0.0,8745.0
KA 94 OU 6869,2500.0,5,47,3,0,1,1.1604805761500483,0.86808086097456,-0.00940289792828771,0.012651683023786796,Mahindra,Thar,Hybrid,Automatic,Fourth & Above,14,172398.0,1497.0,11493.2
TS 71 SE 8951,10400.0,3,7,1,0,3,-0.9799956230347835,-1.0630258456788733,-0.00940289792828771,-1.01721075393204,Honda,Amaze,Diesel,Automatic,Third,4,43431.0,1497.0,8686.2
MH 57 OA 8009,2500.0,4,51,2,1,0,1.3745281960685316,0.23915761787471665,-1.2788729831221701,-1.2140293162066944,Hyundai,Verna,Electric,Manual,First,15,130396.0,0.0,8149.75
WB 84 FB 7493,12500.0,1,1,3,1,3,-0.3378527632793339,-0.6373549263216438,1.2592191778566475,-0.9085468753195032,BMW,5 Series,Hybrid,Manual,Third,7,71859.0,2993.0,8982.375
UP 29 QV 8291,3600.0,11,49,4,1,2,0.09024247655763246,-0.03637251393520236,0.07624605237537437,-0.09510414089282422,Volkswagen,Tiguan,Petrol,Manual,Second,9,111995.0,1598.0,11199.5
AP 12 XZ 2678,6900.0,10,13,2,1,1,-0.5519003831978171,-0.1863485913336127,-1.2788729831221701,1.1409247114411767,Toyota,Camry,Electric,Manual,Fourth & Above,6,101979.0,0.0,14568.42857142857
UP 84 FO 6753,7100.0,3,12,1,1,0,-0.7659480031163003,-0.43164692399542964,0.24669594357375135,1.0300276035548193,Honda,CR-V,Diesel,Manual,First,5,85597.0,1799.0,14266.166666666666
MH 97 DS 7291,4300.0,9,33,2,1,0,0.732385336313082,1.4288889706792987,-1.2788729831221701,1.718394681904278,Tesla,Model 3,Electric,Manual,First,12,209851.0,0.0,16142.384615384615
WB 39 GQ 9348,5100.0,4,17,4,1,3,-0.5519003831978171,-0.2540893834812174,0.4162978253631812,0.9038084375957821,Hyundai,Creta,Petrol,Manual,Third,6,97455.0,1999.0,13922.142857142857
WB 77 CQ 1197,11200.0,1,54,1,0,1,-0.3378527632793339,-0.1356178654724092,0.4154498159542341,0.6281751828171128,BMW,X5,Diesel,Automatic,Fourth & Above,7,105367.0,1998.0,13170.875
KA 03 SC 1225,2500.0,4,50,2,0,2,0.732385336313082,0.48442600323673357,-1.2788729831221701,-0.061731190529713514,Hyundai,Tucson,Electric,Automatic,Second,12,146776.0,0.0,11290.461538461539
AP 11 UR 9808,2800.0,7,19,2,0,1,1.3745281960685316,2.227433719846354,-1.2788729831221701,1.8308202494145092,Mercedes,E-Class,Electric,Automatic,Fourth & Above,15,263181.0,0.0,16448.8125
WB 88 UC 6081,12300.0,0,4,1,1,3,-0.12380514336085073,-0.6351987207360437,2.097900483305378,-1.268848914516331,Audi,A6,Diesel,Manual,Third,8,72003.0,3982.0,8000.333333333333
TN 40 VX 3877,10900.0,9,35,2,1,1,0.09024247655763246,-0.5370763929413369,-1.2788729831221701,-1.3219502409771098,Tesla,Model Y,Electric,Manual,Fourth & Above,9,78556.0,0.0,7855.6
HR 94 DY 1480,2500.0,3,15,3,0,2,0.732385336313082,1.0093871950808697,-0.00940289792828771,0.9277168152041474,Honda,Civic,Hybrid,Automatic,Second,12,181835.0,1497.0,13987.307692307691
TN 64 SF 7024,4400.0,4,17,0,1,1,-0.12380514336085073,-0.09679119128170653,0.07624605237537437,0.196961307770043,Hyundai,Creta,CNG,Manual,Fourth & Above,8,107960.0,1598.0,11995.555555555555
TN 32 BP 6963,2500.0,2,25,4,1,0,0.9464329562315652,1.6400174342693132,0.585051697743664,1.6648709606665282,Ford,F-150,Petrol,Manual,First,13,223951.0,2198.0,15996.5
TS 35 CS 7108,2500.0,8,29,0,0,2,0.5183377163945988,0.4917106839130841,-0.00940289792828771,0.2983403659937112,Tata,Harrier,CNG,Automatic,Second,11,147262.5,1497.0,12271.875
HR 42 CR 8483,2500.0,3,7,4,0,0,1.3745281960685316,0.5494565647524381,0.07624605237537437,-0.7388369560126348,Honda,Amaze,Petrol,Automatic,First,15,151119.0,1598.0,9444.9375
KL 99 YG 9954,4600.0,10,41,0,1,1,0.30429009647611566,-0.016876821765401017,-0.00940289792828771,-0.42522246423286064,Toyota,RAV4,CNG,Manual,Fourth & Above,10,113297.0,1497.0,10299.727272727272
WB 49 XX 6038,2500.0,1,1,0,0,0,1.5885758159870147,2.4535058860365697,1.2592191778566475,1.8016672694040228,BMW,5 Series,CNG,Automatic,First,16,278279.0,2993.0,16369.35294117647
GJ 53 WL 8511,4100.0,3,5,1,0,0,0.09024247655763246,0.0030531062515003573,-0.43171158358396805,0.0014982031223052716,Honda,Accord,Diesel,Automatic,First,9,114628.0,999.0,11462.8
MH 31 JI 6161,3500.0,9,33,2,1,0,0.9464329562315652,0.880898305288961,-1.2788729831221701,0.33628080426290535,Tesla,Model 3,Electric,Manual,First,13,173254.0,0.0,12375.285714285714
KL 60 KN 2978,6100.0,8,43,1,1,0,-0.5519003831978171,-0.5588930008456384,-0.26380572061243246,-0.16310996876957048,Tata,Safari,Diesel,Manual,First,6,77099.0,1197.0,11014.142857142857
UP 06 GK 3430,2500.0,6,10,4,1,2,0.30429009647611566,0.20395456695981423,0.4162978253631812,0.06667801898197723,Maruti,Brezza,Petrol,Manual,Second,10,128045.0,1999.0,11640.454545454546
KL 72 XR 5093,8800.0,3,5,3,0,2,-0.7659480031163003,-0.799834001386555,-0.43171158358396805,-0.47355198689208877,Honda,Accord,Hybrid,Automatic,Second,5,61008.0,999.0,10168.0
AP 48 VU 2376,2500.0,3,14,4,1,2,0.9464329562315652,1.432093331757899,-0.26380572061243246,1.300967713692926,Honda,City,Petrol,Manual,Second,13,210065.0,1197.0,15004.642857142857
TS 16 BO 1829,5000.0,0,39,2,1,0,1.1604805761500483,0.028223811733402094,-1.2788729831221701,-1.359250804244124,Audi,Q5,Electric,Manual,First,14,116309.0,0.0,7753.933333333333
MH 36 IO 3435,15100.0,2,22,4,0,1,-1.1940432429532666,-0.9462463501087651,1.057392938527226,0.4948562433697229,Ford,Endeavour,Petrol,Automatic,Fourth & Above,3,51230.0,2755.0,12807.5
MH 54 GU 9614,4300.0,10,26,0,0,0,0.09024247655763246,0.2818924146893196,0.585051697743664,0.6847222252452628,Toyota,Fortuner,CNG,Automatic,First,9,133250.0,2198.0,13325.0
GJ 42 MI 3946,2700.0,1,2,3,0,1,1.5885758159870147,2.6354806532712822,1.2592191778566475,2.063951017938656,BMW,7 Series,Hybrid,Automatic,Fourth & Above,16,290432.0,2993.0,17084.235294117647
UP 30 FD 5060,5800.0,10,41,3,1,1,0.09024247655763246,-0.5322249303737365,0.24669594357375135,-1.310062979503163,Toyota,RAV4,Hybrid,Manual,Fourth & Above,9,78880.0,1799.0,7888.0
MH 23 HS 6210,5400.0,11,32,4,1,1,-0.12380514336085073,-0.05336760657170354,-0.00940289792828771,0.3151816722228753,Volkswagen,Jetta,Petrol,Manual,Fourth & Above,8,110860.0,1497.0,12317.777777777777
KL 70 JF 9035,18600.0,9,34,2,1,2,-0.7659480031163003,-0.41346891301682837,-1.2788729831221701,1.1042618393026151,Tesla,Model S,Electric,Manual,Second,5,86811.0,0.0,14468.5
DL 17 KW 3907,2500.0,10,13,0,0,0,1.3745281960685316,0.6340427130375439,-0.00940289792828771,-0.6093015777982719,Toyota,Camry,CNG,Automatic,First,15,156768.0,1497.0,9798.0
WB 51 SD 6514,2500.0,4,21,1,1,3,1.5885758159870147,0.6143373897691425,-0.43171158358396805,-0.8491618247507869,Hyundai,Elantra,Diesel,Manual,Third,16,155452.0,999.0,9144.235294117647
GJ 89 TZ 6846,3700.0,7,27,2,0,3,0.732385336313082,1.5364147506112062,-1.2788729831221701,1.9210595077457124,Mercedes,GLC,Electric,Automatic,Third,12,217032.0,0.0,16694.76923076923
UP 51 YS 1530,7100.0,1,2,3,1,2,0.5183377163945988,0.2865042988585199,0.4154498159542341,-0.12066419900038461,BMW,7 Series,Hybrid,Manual,Second,11,133558.0,1998.0,11129.833333333334
KA 31 LK 3750,7900.0,2,22,1,1,1,-0.5519003831978171,-0.09421572349890635,1.057392938527226,1.4634217125399198,Ford,Endeavour,Diesel,Manual,Fourth & Above,6,108132.0,2755.0,15447.42857142857
TN 07 MO 7875,7900.0,11,38,1,1,3,-0.5519003831978171,-0.5625016504715387,-0.26380572061243246,-0.17574149440987527,Volkswagen,Polo,Diesel,Manual,Third,6,76858.0,1197.0,10979.714285714286
UP 84 YV 4695,25100.0,2,20,2,1,1,-1.622138482790233,-1.4255229361079982,-1.2788729831221701,-0.6779101548238293,Ford,EcoSport,Electric,Manual,Fourth & Above,1,19222.0,0.0,9611.0
MH 49 FX 2228,2500.0,2,20,4,0,3,1.1604805761500483,1.6560242660124145,-0.43171158358396805,1.2997534799003936,Ford,EcoSport,Petrol,Automatic,Third,14,225020.0,999.0,15001.333333333334
MH 78 NF 1877,5200.0,6,46,2,1,1,-0.5519003831978171,-0.40920142279532806,-1.2788729831221701,0.3608624869405115,Maruti,Swift,Electric,Manual,Fourth & Above,6,87096.0,0.0,12442.285714285714
TN 51 SR 9043,2500.0,3,12,0,0,3,0.30429009647611566,0.983048544906768,-0.00940289792828771,1.8021047915715624,Honda,CR-V,CNG,Automatic,Third,10,180076.0,1497.0,16370.545454545454
MH 82 JC 8758,10900.0,2,36,0,0,2,-0.7659480031163003,-1.091326043989875,0.585051697743664,-1.6639291428248215,Ford,Mustang,CNG,Automatic,Second,5,41541.0,2198.0,6923.5
AP 48 FO 1731,8700.0,3,12,3,1,1,-0.9799956230347835,-0.8940781538571615,-0.26380572061243246,-0.18928500571881693,Honda,CR-V,Hybrid,Manual,Fourth & Above,4,54714.0,1197.0,10942.8
TS 70 NY 4727,29800.0,7,28,1,1,2,-1.40809086287175,-1.3297814186473915,0.4154498159542341,-1.0713393745942719,Mercedes,GLE,Diesel,Manual,Second,2,25616.0,1998.0,8538.666666666666
AP 92 BQ 9467,6100.0,6,46,0,0,2,-0.9799956230347835,-0.7039726947267484,0.07624605237537437,0.7423240786838324,Maruti,Swift,CNG,Automatic,Second,4,67410.0,1598.0,13482.0
KA 88 NG 3422,2900.0,0,4,1,1,2,0.9464329562315652,1.7335727988445198,0.8386065110188615,1.8286090772653372,Audi,A6,Diesel,Manual,Second,13,230199.0,2497.0,16442.785714285714
HR 67 OA 9561,13300.0,0,39,4,1,1,-0.5519003831978171,-0.10661390561610722,2.097900483305378,1.4200237738255108,Audi,Q5,Petrol,Manual,Fourth & Above,6,107304.0,3982.0,15329.142857142857
HR 69 LN 5327,13200.0,8,37,0,1,0,-1.1940432429532666,-1.2378581819112853,0.24669594357375135,-1.291443272101842,Tata,Nexon,CNG,Manual,First,3,31755.0,1799.0,7938.75
TS 89 HB 8785,19000.0,8,6,1,0,0,-1.622138482790233,-1.5564824781334072,0.07624605237537437,-2.2823235630204204,Tata,Altroz,Diesel,Automatic,First,1,10476.0,1598.0,5238.0
DL 18 JX 8259,2800.0,7,27,3,0,1,1.5885758159870147,1.0752413073410743,0.4154498159542341,-0.18485210174868466,Mercedes,GLC,Hybrid,Automatic,Fourth & Above,16,186233.0,1998.0,10954.882352941177
GJ 48 BQ 3604,11900.0,4,50,2,1,1,-1.1940432429532666,-1.061902821936373,-1.2788729831221701,-0.21360986484605976,Hyundai,Tucson,Electric,Manual,Fourth & Above,3,43506.0,0.0,10876.5
DL 08 HB 8478,10600.0,3,12,0,1,2,-0.9799956230347835,-1.0869836855188748,-0.26380572061243246,-1.134615805526577,Honda,CR-V,CNG,Manual,Second,4,41831.0,1197.0,8366.2
TS 63 TO 3909,3900.0,10,41,0,0,0,0.30429009647611566,-0.04092450350480268,0.4162978253631812,-0.47878851902286806,Toyota,RAV4,CNG,Automatic,First,10,111691.0,1999.0,10153.727272727272
UP 28 HU 4688,8300.0,5,44,4,0,0,-0.7659480031163003,-0.9234414813110635,0.07624605237537437,-0.9783325602842248,Mahindra,Scorpio,Petrol,Automatic,First,5,52753.0,1598.0,8792.166666666666
TN 29 IT 6004,4100.0,11,32,4,0,2,-0.12380514336085073,0.07121316059630506,0.4162978253631812,0.6543518212737595,Volkswagen,Jetta,Petrol,Automatic,Second,8,119180.0,1999.0,13242.222222222223
HR 87 QT 7506,9900.0,9,34,2,0,3,-0.12380514336085073,-0.20984224802671433,-1.2788729831221701,-0.11081929623646816,Tesla,Model S,Electric,Automatic,Third,8,100410.0,0.0,11156.666666666666
TS 36 UK 5536,2500.0,0,3,3,0,3,1.5885758159870147,1.4833930563153026,0.4154498159542341,0.4034249012593822,Audi,A4,Hybrid,Automatic,Third,16,213491.0,1998.0,12558.29411764706
WB 64 JI 7857,9500.0,7,27,4,0,3,0.30429009647611566,-0.23014651729111574,0.8386065110188615,-0.9002793249888229,Mercedes,GLC,Petrol,Automatic,Third,10,99054.0,2497.0,9004.90909090909
KL 86 LQ 5918,2500.0,8,6,1,0,2,1.3745281960685316,1.4675359610712013,0.4162978253631812,0.6671114675060823,Tata,Altroz,Diesel,Automatic,Second,15,212432.0,1999.0,13277.0
DL 96 JN 6428,3700.0,2,22,3,1,3,0.5183377163945988,0.13139225954440922,0.585051697743664,-0.4373826702159591,Ford,Endeavour,Hybrid,Manual,Third,11,123199.0,2198.0,10266.583333333334
WB 49 QJ 7768,5400.0,4,50,4,1,1,-0.3378527632793339,-0.36670620437912516,-0.26380572061243246,-0.07960300517448304,Hyundai,Tucson,Petrol,Manual,Fourth & Above,7,89934.0,1197.0,11241.75
MH 11 PK 3897,2500.0,10,16,0,0,2,0.732385336313082,1.5427036835692065,-0.00940289792828771,1.9329129023778528,Toyota,Corolla,CNG,Automatic,Second,12,217452.0,1497.0,16727.076923076922
AP 82 NM 8029,2500.0,4,51,1,1,1,1.3745281960685316,0.1254327468842088,-0.43171158358396805,-1.388187786296637,Hyundai,Verna,Diesel,Manual,Fourth & Above,15,122801.0,999.0,7675.0625
WB 01 UX 5076,2500.0,5,9,3,1,3,1.5885758159870147,0.32056935238102224,0.24669594357375135,-1.2725753738745398,Mahindra,Bolero,Hybrid,Manual,Third,16,135833.0,1799.0,7990.176470588235
HR 38 OX 9524,16000.0,1,53,0,0,2,-0.3378527632793339,-0.7017416208916483,0.4154498159542341,-1.1057506729197017,BMW,X3,CNG,Automatic,Second,7,67559.0,1998.0,8444.875
AP 03 HH 3149,22000.0,0,39,3,0,3,-1.1940432429532666,-0.8804970533978606,0.8386065110188615,0.8976106039569188,Audi,Q5,Hybrid,Automatic,Third,3,55621.0,2497.0,13905.25
TN 85 DU 1323,7500.0,1,0,4,0,3,0.5183377163945988,-0.13524352422490918,0.4154498159542341,-0.9818180227534377,BMW,3 Series,Petrol,Automatic,Third,11,105392.0,1998.0,8782.666666666666
WB 81 AJ 7895,2500.0,10,31,0,0,1,0.9464329562315652,0.692934078094248,0.4162978253631812,0.007310801435624249,Toyota,Innova,CNG,Automatic,Fourth & Above,13,160701.0,1999.0,11478.642857142857
KA 64 GT 4272,4300.0,11,38,2,1,0,-0.12380514336085073,0.047944108651703454,-1.2788729831221701,0.591002012184207,Volkswagen,Polo,Electric,Manual,First,8,117626.0,0.0,13069.555555555555
KL 43 HA 1208,8500.0,7,42,1,1,1,0.30429009647611566,0.05999789682120429,0.8386065110188615,-0.25398452818560124,Mercedes,S-Class,Diesel,Manual,Fourth & Above,10,118431.0,2497.0,10766.454545454546
HR 83 HO 5850,2500.0,11,38,1,1,0,0.9464329562315652,1.5247951982888053,0.4162978253631812,1.4632120606620729,Volkswagen,Polo,Diesel,Manual,First,13,216256.0,1999.0,15446.857142857143
KA 13 YB 1158,3800.0,7,28,4,0,3,1.3745281960685316,0.3331022973473231,1.2592191778566475,-1.0701622666551076,Mercedes,GLE,Petrol,Automatic,Third,15,136670.0,2993.0,8541.875
MH 15 MM 8479,10800.0,2,24,0,0,0,-0.5519003831978171,-0.6322189644059435,-0.00940289792828771,-0.4197762802242337,Ford,Explorer,CNG,Automatic,First,6,72202.0,1497.0,10314.57142857143
MH 14 NS 8908,45200.0,7,28,1,1,2,-1.622138482790233,-1.4199527383451978,0.4154498159542341,-0.6096684685845047,Mercedes,GLE,Diesel,Manual,Second,1,19594.0,1998.0,9797.0
KA 53 OB 2037,5700.0,0,40,0,1,2,0.5183377163945988,0.6728843608781466,2.097900483305378,0.668273288329153,Audi,Q7,CNG,Manual,Second,11,159362.0,3982.0,13280.166666666666
DL 62 LV 7305,2500.0,7,27,0,1,3,1.5885758159870147,1.9468424943702345,0.4154498159542341,1.071403532123813,Mercedes,GLC,CNG,Manual,Third,16,244442.0,1998.0,14378.941176470587
KL 42 HK 5557,2500.0,2,22,0,0,1,1.3745281960685316,0.1805806994659126,1.057392938527226,-1.303734113440645,Ford,Endeavour,CNG,Automatic,Fourth & Above,15,126484.0,2755.0,7905.25
KL 12 PO 6178,5300.0,10,26,1,1,1,0.09024247655763246,0.14426959845841011,2.9196216005751654,0.34751290361857917,Toyota,Fortuner,Diesel,Manual,Fourth & Above,9,124059.0,4951.0,12405.9
WB 39 QR 4389,2500.0,3,14,0,1,0,1.5885758159870147,0.4888582036071339,0.24669594357375135,-1.0300174005526648,Honda,City,CNG,Manual,First,16,147072.0,1799.0,8651.29411764706
UP 61 WV 6952,8000.0,11,52,1,0,3,-0.5519003831978171,-0.6499627395374447,0.24669594357375135,-0.4818856490365226,Volkswagen,Virtus,Diesel,Automatic,Third,6,71017.0,1799.0,10145.285714285714
HR 71 QL 2741,5600.0,9,35,2,0,3,0.9464329562315652,0.08801359578410622,-1.2788729831221701,-1.0514049752089494,Tesla,Model Y,Electric,Automatic,Third,13,120302.0,0.0,8593.0
DL 16 MG 8488,22600.0,10,16,2,1,3,-1.622138482790233,-1.5146311266629044,-1.2788729831221701,-1.7695936892599045,Toyota,Corolla,Electric,Manual,Third,1,13271.0,0.0,6635.5
GJ 18 PA 9689,3700.0,1,53,0,1,1,0.9464329562315652,1.3355132899028923,2.097900483305378,1.13193588717847,BMW,X3,CNG,Manual,Fourth & Above,13,203615.0,3982.0,14543.92857142857
MH 14 MV 6273,27100.0,9,33,2,1,2,-1.1940432429532666,-0.9332791692953643,-1.2788729831221701,0.5742880985891516,Tesla,Model 3,Electric,Manual,Second,3,52096.0,0.0,13024.0
KL 18 EN 9393,8800.0,6,18,1,0,1,-1.1940432429532666,-0.8441560050905581,-0.00940289792828771,1.1202215885037474,Maruti,Dzire,Diesel,Automatic,Fourth & Above,3,58048.0,1497.0,14512.0
WB 17 WU 3913,16000.0,7,42,1,1,2,-0.5519003831978171,-0.28405165693111945,1.2592191778566475,0.7989300857026267,Mercedes,S-Class,Diesel,Manual,Second,6,95454.0,2993.0,13636.285714285714
GJ 37 NZ 1209,4800.0,6,23,0,0,1,-0.5519003831978171,-0.29588084035212026,0.4162978253631812,0.7575238398277676,Maruti,Ertiga,CNG,Automatic,Fourth & Above,6,94664.0,1999.0,13523.42857142857
WB 33 EB 5835,2500.0,6,46,4,1,3,1.5885758159870147,1.1339080676492783,-0.26380572061243246,-0.10029456642747252,Maruti,Swift,Petrol,Manual,Third,16,190151.0,1197.0,11185.35294117647
HR 89 VB 7251,2800.0,1,2,0,1,1,1.3745281960685316,0.9311798216531644,0.8386065110188615,-0.15426528017288377,BMW,7 Series,CNG,Manual,Fourth & Above,15,176612.0,2497.0,11038.25
WB 48 YS 9955,6700.0,8,6,3,1,1,-0.5519003831978171,-0.10869524295220735,-0.26380572061243246,1.412738371070314,Tata,Altroz,Hybrid,Manual,Fourth & Above,6,107165.0,1197.0,15309.285714285714
KA 24 FX 9418,6600.0,9,34,2,0,2,0.30429009647611566,0.7194374384172498,-1.2788729831221701,1.2149127650596825,Tesla,Model S,Electric,Automatic,Second,10,162471.0,0.0,14770.09090909091
MH 06 EK 1833,2500.0,3,14,1,1,3,1.3745281960685316,1.0942428690641757,-0.43171158358396805,0.0954497612069024,Honda,City,Diesel,Manual,Third,15,187502.0,999.0,11718.875
GJ 21 NR 9798,17400.0,11,49,4,0,2,-1.622138482790233,-1.4273646950456984,-0.26380572061243246,-0.7004739381771543,Volkswagen,Tiguan,Petrol,Automatic,Second,1,19099.0,1197.0,9549.5
UP 68 PR 1144,8000.0,8,37,3,0,3,-0.7659480031163003,-0.9210456973270634,-0.00940289792828771,-0.9685488059846796,Tata,Nexon,Hybrid,Automatic,Third,5,52913.0,1497.0,8818.833333333334
AP 15 MI 9851,14700.0,3,12,0,1,0,-1.40809086287175,-1.2705157123431876,0.4162978253631812,-0.5872881306242962,Honda,CR-V,CNG,Manual,First,2,29574.0,1999.0,9858.0
WB 25 KQ 2349,2500.0,9,35,2,0,1,1.5885758159870147,2.4508555500042695,-1.2788729831221701,1.797847288865009,Tesla,Model Y,Electric,Automatic,Fourth & Above,16,278102.0,0.0,16358.941176470587
AP 83 CX 3519,2500.0,3,5,1,0,0,1.5885758159870147,1.7328690372992197,-0.26380572061243246,0.7629994535786054,Honda,Accord,Diesel,Automatic,First,16,230152.0,1197.0,13538.35294117647
AP 50 OU 7626,11200.0,10,30,1,0,0,-0.5519003831978171,-0.9412152037423648,1.057392938527226,-1.5013703180389038,Toyota,Highlander,Diesel,Automatic,First,6,51566.0,2755.0,7366.571428571428
TS 65 DJ 5937,2500.0,8,43,4,1,0,1.5885758159870147,1.1584948007850802,0.4162978253631812,-0.0648572328395629,Tata,Safari,Petrol,Manual,First,16,191793.0,1999.0,11281.941176470587
DL 18 XM 9941,10100.0,0,3,2,1,1,-0.3378527632793339,-0.031521051367602027,-1.2788729831221701,0.9470032760535267,Audi,A4,Electric,Manual,Fourth & Above,7,112319.0,0.0,14039.875
UP 77 MR 9970,10800.0,7,19,3,1,2,-0.3378527632793339,-0.09520398439230643,0.4154498159542341,0.7519549618224467,Mercedes,E-Class,Hybrid,Manual,Second,7,108066.0,1998.0,13508.25
MH 21 FH 5140,2700.0,3,12,3,1,1,0.30429009647611566,0.6740972265200467,0.4162978253631812,1.113917737722109,Honda,CR-V,Hybrid,Manual,Fourth & Above,10,159443.0,1999.0,14494.818181818182
HR 13 GX 8982,5300.0,1,0,4,0,0,0.5183377163945988,0.7584437964067525,1.2592191778566475,0.842974451040399,BMW,3 Series,Petrol,Automatic,First,11,165076.0,2993.0,13756.333333333334
TS 79 VJ 3496,2500.0,4,50,3,1,2,0.732385336313082,0.9593452571150664,-0.00940289792828771,0.8333976607741137,Hyundai,Tucson,Hybrid,Manual,Second,12,178493.0,1497.0,13730.23076923077
TS 18 VX 6432,12300.0,0,39,3,1,2,-0.5519003831978171,-0.10826100710510732,2.097900483305378,1.4142583471847077,Audi,Q5,Hybrid,Manual,Second,6,107194.0,3982.0,15313.42857142857
HR 18 RG 5312,16100.0,5,9,0,1,2,-1.40809086287175,-1.3330756216253918,0.4162978253631812,-1.0982446989180195,Mahindra,Bolero,CNG,Manual,Second,2,25396.0,1999.0,8465.333333333334
DL 05 RI 9904,3200.0,9,34,2,1,1,1.1604805761500483,1.5570035192237075,-1.2788729831221701,1.1380035619431703,Tesla,Model S,Electric,Manual,Fourth & Above,14,218407.0,0.0,14560.466666666667
KA 51 LQ 1173,2500.0,6,18,0,0,2,0.732385336313082,0.4097823584852284,0.07624605237537437,-0.20241969586595546,Maruti,Dzire,CNG,Automatic,Second,12,141791.0,1598.0,10907.0
TS 06 HY 8989,2500.0,11,32,1,1,2,0.5183377163945988,0.8749088453289605,0.4162978253631812,1.0807808289837078,Volkswagen,Jetta,Diesel,Manual,Second,11,172854.0,1999.0,14404.5
TN 06 UK 2691,12700.0,1,0,1,0,1,-0.12380514336085073,-0.2949524740583202,2.097900483305378,-0.34253121056401886,BMW,3 Series,Diesel,Automatic,Fourth & Above,8,94726.0,3982.0,10525.111111111111
TS 76 UC 9465,9400.0,9,34,2,1,1,-0.12380514336085073,0.27579813918001916,-1.2788729831221701,1.211332800418258,Tesla,Model S,Electric,Manual,Fourth & Above,8,132843.0,0.0,14760.333333333334
MH 57 FH 2263,9100.0,7,28,3,0,1,0.09024247655763246,0.09674323367580683,0.4154498159542341,0.23106176806824816,Mercedes,GLE,Hybrid,Automatic,Fourth & Above,9,120885.0,1998.0,12088.5
KA 62 VP 8848,2900.0,6,10,0,1,2,0.30429009647611566,-0.2660982507010182,0.07624605237537437,-0.9803615775111187,Maruti,Brezza,CNG,Manual,Second,10,96653.0,1598.0,8786.636363636364
GJ 06 SE 1916,4600.0,1,2,1,1,2,0.5183377163945988,0.7100190126301491,0.8386065110188615,0.7440973841506251,BMW,7 Series,Diesel,Manual,Second,11,161842.0,2497.0,13486.833333333334
UP 61 PF 4594,3200.0,2,25,0,1,3,0.5183377163945988,0.4945481905691343,0.585051697743664,0.3041341829929726,Ford,F-150,CNG,Manual,Third,11,147452.0,2198.0,12287.666666666666
KL 77 SC 4765,2500.0,8,48,1,0,2,0.732385336313082,1.216023563700884,0.4162978253631812,1.3171854959744862,Tata,Tiago,Diesel,Automatic,Second,12,195635.0,1999.0,15048.846153846154
KL 79 TB 9706,2500.0,8,6,0,0,2,0.732385336313082,-0.05371200051940356,0.24669594357375135,-1.0760148802547274,Tata,Altroz,CNG,Automatic,Second,12,110837.0,1799.0,8525.923076923076
TN 90 QN 4759,2500.0,6,46,0,1,1,1.1604805761500483,0.9974082751608689,0.24669594357375135,0.22390739773670607,Maruti,Swift,CNG,Manual,Fourth & Above,14,181035.0,1799.0,12069.0
DL 11 JT 9908,8100.0,5,9,0,1,1,-0.7659480031163003,-0.6140259797774422,-0.26380572061243246,0.28523930750197685,Mahindra,Bolero,CNG,Manual,Fourth & Above,5,73417.0,1197.0,12236.166666666666
TS 53 LD 3535,4200.0,8,43,4,1,0,0.30429009647611566,-0.44775857128783075,0.07624605237537437,-1.3850087610181983,Tata,Safari,Petrol,Manual,First,10,84521.0,1598.0,7683.727272727273
DL 53 RZ 8904,4900.0,8,48,0,0,3,-0.12380514336085073,-0.3949465080905271,0.4162978253631812,-0.614764173948851,Tata,Tiago,CNG,Automatic,Third,8,88048.0,1999.0,9783.111111111111
KL 90 FD 4513,25300.0,2,25,3,0,2,-1.622138482790233,-1.5222227671622048,0.585051697743664,-1.8626005035699515,Ford,F-150,Hybrid,Automatic,Second,1,12764.0,2198.0,6382.0
KA 19 PT 8133,3700.0,6,18,4,1,1,-0.5519003831978171,-0.22336345388641526,0.4162978253631812,1.0113598509314916,Maruti,Dzire,Petrol,Manual,Fourth & Above,6,99507.0,1999.0,14215.285714285714
HR 92 TB 3871,5000.0,3,15,4,0,1,-0.12380514336085073,-0.46962010014183225,0.24669594357375135,-0.8180624351648075,Honda,Civic,Petrol,Automatic,Fourth & Above,8,83061.0,1799.0,9229.0
GJ 67 WH 3776,16400.0,11,52,0,0,2,-1.40809086287175,-1.4046496681473968,-0.43171158358396805,-1.6828240183158172,Volkswagen,Virtus,CNG,Automatic,Second,2,20616.0,999.0,6872.0
AP 52 SG 9482,8700.0,11,38,1,1,3,-0.7659480031163003,-0.9202970148320634,0.07624605237537437,-0.9654913827660724,Volkswagen,Polo,Diesel,Manual,Third,5,52963.0,1598.0,8827.166666666666
DL 59 MS 1076,2500.0,10,31,0,0,3,1.1604805761500483,1.9384722240761338,-0.00940289792828771,1.761130873281174,Toyota,Innova,CNG,Automatic,Third,14,243883.0,1497.0,16258.866666666667
HR 69 ZS 5098,30600.0,7,19,0,0,3,-1.1940432429532666,-1.0781492320778743,0.4154498159542341,-0.31312899061174126,Mercedes,E-Class,CNG,Automatic,Third,3,42421.0,1998.0,10605.25
TN 62 DI 2106,24300.0,9,35,2,0,1,-0.9799956230347835,-0.8358007084463576,-1.2788729831221701,0.09630278228489422,Tesla,Model Y,Electric,Automatic,Fourth & Above,4,58606.0,0.0,11721.2
AP 87 XK 2245,3000.0,8,29,3,1,3,0.09024247655763246,0.4827489544479335,-0.26380572061243246,1.1768695258981114,Tata,Harrier,Hybrid,Manual,Third,9,146664.0,1197.0,14666.4
DL 64 XG 4847,12400.0,6,8,0,0,2,-1.622138482790233,-1.5185093019870046,0.4162978253631812,-1.8171060460770685,Maruti,Baleno,CNG,Automatic,Second,1,13012.0,1999.0,6506.0
KA 11 VV 9071,12700.0,9,33,2,0,2,-0.12380514336085073,-0.48022144427103297,-1.2788729831221701,-0.8469245103484643,Tesla,Model 3,Electric,Automatic,Second,8,82353.0,0.0,9150.333333333334
GJ 36 MH 3101,2500.0,0,3,3,0,3,1.3745281960685316,2.02536431444584,2.097900483305378,1.5213708019011745,Audi,A4,Hybrid,Automatic,Third,15,249686.0,3982.0,15605.375
KA 90 QO 6171,15100.0,10,26,1,0,1,-1.1940432429532666,-1.0917602798369752,1.057392938527226,-0.39650492178317404,Toyota,Fortuner,Diesel,Automatic,Fourth & Above,3,41512.0,2755.0,10378.0
HR 24 RI 4885,2500.0,9,33,2,0,3,1.5885758159870147,1.8559823867770282,-1.2788729831221701,0.9404451032496132,Tesla,Model 3,Electric,Automatic,Third,16,238374.0,0.0,14022.0
HR 58 FS 3148,18700.0,7,28,1,0,3,-0.5519003831978171,-0.6210186742807428,1.2592191778566475,-0.3805713790667729,Mercedes,GLE,Diesel,Automatic,Third,6,72950.0,2993.0,10421.42857142857
MH 61 ZA 3893,3000.0,0,4,0,0,1,0.9464329562315652,1.3101629006221907,0.8386065110188615,1.087568308529017,Audi,A6,CNG,Automatic,Fourth & Above,13,201922.0,2497.0,14423.0
UP 07 MD 3676,2500.0,8,6,0,0,1,0.732385336313082,1.5788201271280091,-0.00940289792828771,2.0009852544081466,Tata,Altroz,CNG,Automatic,Fourth & Above,12,219864.0,1497.0,16912.615384615383
GJ 72 ZI 6638,5800.0,10,16,2,0,3,-0.12380514336085073,-0.13150011174990892,-1.2788729831221701,0.10246654749360713,Toyota,Corolla,Electric,Automatic,Third,8,105642.0,0.0,11738.0
WB 66 PY 8322,2500.0,10,30,0,1,2,0.9464329562315652,0.5830125141783403,1.4330611066908132,-0.18507100297408438,Toyota,Highlander,CNG,Manual,Second,13,153360.0,3198.0,10954.285714285714
AP 10 CF 6629,5400.0,3,14,1,0,1,-0.3378527632793339,-0.3164696089646217,0.4162978253631812,0.07426181830195085,Honda,City,Diesel,Automatic,Fourth & Above,7,93289.0,1999.0,11661.125
TS 96 SQ 8377,16100.0,1,53,0,0,3,-0.5519003831978171,-0.35041487328792403,2.097900483305378,0.5666358050477219,BMW,X3,CNG,Automatic,Third,6,91022.0,3982.0,13003.142857142857
KA 13 CP 9985,2500.0,8,29,1,0,0,0.5183377163945988,1.0337642971180714,-0.26380572061243246,1.4051428582458019,Tata,Harrier,Diesel,Automatic,First,11,183463.0,1197.0,15288.583333333334
AP 40 HH 5655,13200.0,10,13,4,0,2,-0.9799956230347835,-0.8457282383300582,-0.43171158358396805,0.04765306403040793,Toyota,Camry,Petrol,Automatic,Second,4,57943.0,999.0,11588.6
GJ 35 RO 3213,2500.0,5,55,4,0,3,0.732385336313082,0.6957790715752481,2.9196216005751654,0.3366275362147302,Mahindra,XUV700,Petrol,Automatic,Third,12,160891.0,4951.0,12376.23076923077
KL 70 HZ 2467,6000.0,9,34,2,0,3,0.5183377163945988,0.6198027719826429,-1.2788729831221701,0.5598876352295092,Tesla,Model S,Electric,Automatic,Third,11,155817.0,0.0,12984.75
GJ 02 WP 8816,8600.0,5,44,4,1,2,-0.7659480031163003,-0.7814912802590538,-0.00940289792828771,-0.3986451180361997,Mahindra,Scorpio,Petrol,Manual,Second,5,62233.0,1497.0,10372.166666666666
AP 51 HF 7385,30200.0,7,11,4,0,2,-1.1940432429532666,-0.944808879718365,2.097900483305378,0.5036616222393132,Mercedes,C-Class,Petrol,Automatic,Second,3,51326.0,3982.0,12831.5
HR 53 GC 3988,5800.0,8,29,0,0,3,-0.12380514336085073,-0.6077220731695417,0.4162978253631812,-1.1940439597677284,Tata,Harrier,CNG,Automatic,Third,8,73838.0,1999.0,8204.222222222223
TN 69 AF 2675,2500.0,2,25,3,0,2,0.9464329562315652,1.1356300373877786,1.4330611066908132,0.7821055225053738,Ford,F-150,Hybrid,Automatic,Second,13,190266.0,3198.0,13590.42857142857
TS 54 JZ 9165,4100.0,7,27,1,1,2,0.732385336313082,1.0677245350912739,0.4154498159542341,1.0376711616013388,Mercedes,GLC,Diesel,Manual,Second,12,185731.0,1998.0,14287.0
KL 24 GI 7251,2500.0,4,17,1,1,3,1.3745281960685316,0.8907359932732616,0.07624605237537437,-0.2162010310238298,Hyundai,Creta,Diesel,Manual,Third,15,173911.0,1598.0,10869.4375
KA 67 VG 8746,5500.0,10,13,1,1,2,0.09024247655763246,-0.043320287488802844,0.07624605237537437,-0.11212787337403192,Toyota,Camry,Diesel,Manual,Second,9,111531.0,1598.0,11153.1
DL 47 BV 4568,7700.0,8,43,0,1,3,-0.5519003831978171,-0.7935300947786547,0.07624605237537437,-0.9844212002367089,Tata,Safari,CNG,Manual,Third,6,61429.0,1598.0,8775.57142857143
TN 75 ZW 8786,9500.0,3,5,3,1,1,-1.1940432429532666,-1.1832193334261816,-0.26380572061243246,-0.9567471523608541,Honda,Accord,Hybrid,Manual,Fourth & Above,3,35404.0,1197.0,8851.0
TS 98 UB 1979,5400.0,9,34,2,0,0,0.732385336313082,0.41178882757182855,-1.2788729831221701,-0.19863789853093944,Tesla,Model S,Electric,Automatic,First,12,141925.0,0.0,10917.307692307691
WB 97 LZ 8187,2500.0,4,51,1,0,2,0.732385336313082,1.0466715833318723,-0.00940289792828771,0.9979905119518393,Hyundai,Verna,Diesel,Automatic,Second,12,184325.0,1497.0,14178.846153846154
KL 72 JR 9029,2500.0,9,33,2,0,0,1.5885758159870147,1.8909907802432306,-1.2788729831221701,0.9909033772621182,Tesla,Model 3,Electric,Automatic,First,16,240712.0,0.0,14159.529411764706
MH 58 JI 9873,4900.0,1,2,2,0,2,0.5183377163945988,0.534078626305137,-1.2788729831221701,0.3848501559642166,BMW,7 Series,Electric,Automatic,Second,11,150092.0,0.0,12507.666666666666
KA 85 RM 4110,2500.0,4,17,1,1,3,1.5885758159870147,2.1074798104974457,0.24669594357375135,1.3029332000477454,Hyundai,Creta,Diesel,Manual,Third,16,255170.0,1799.0,15010.0
TN 17 FB 4310,2500.0,6,18,3,1,0,0.732385336313082,0.8599501690788595,0.24669594357375135,0.6460575808499467,Maruti,Dzire,Hybrid,Manual,First,12,171855.0,1799.0,13219.615384615385
DL 78 WC 1214,3100.0,3,14,2,0,3,0.30429009647611566,-0.3184161834516218,-1.2788729831221701,-1.0968994327018322,Honda,City,Electric,Automatic,Third,10,93159.0,0.0,8469.0
HR 68 BX 2153,3400.0,1,54,3,0,3,1.1604805761500483,0.998127010356069,0.4154498159542341,0.22508144825265172,BMW,X5,Hybrid,Automatic,Third,14,181083.0,1998.0,12072.2
DL 73 UF 7802,5500.0,7,11,1,0,2,0.30429009647611566,0.9436828193196652,0.8386065110188615,1.7144178936618928,Mercedes,C-Class,Diesel,Automatic,Second,10,177447.0,2497.0,16131.545454545454
GJ 52 QK 3591,19200.0,9,33,2,1,2,-0.7659480031163003,-0.552379463139138,-1.2788729831221701,0.5369875353221376,Tesla,Model 3,Electric,Manual,Second,5,77534.0,0.0,12922.333333333334
AP 93 KT 4943,10200.0,6,23,0,0,3,-1.40809086287175,-1.1251814664137776,0.07624605237537437,0.5997258597679682,Maruti,Ertiga,CNG,Automatic,Third,2,39280.0,1598.0,13093.333333333334
TN 93 BJ 1267,23300.0,0,4,3,0,1,-0.9799956230347835,-0.7051406394189486,2.097900483305378,0.7366005824185986,Audi,A6,Hybrid,Automatic,Fourth & Above,4,67332.0,3982.0,13466.4
GJ 66 RS 3534,5000.0,6,8,1,0,0,-0.3378527632793339,-0.7940092515754547,0.4162978253631812,-1.388348301015614,Maruti,Baleno,Diesel,Automatic,First,7,61397.0,1999.0,7674.625
KA 74 MS 4562,14400.0,3,15,3,1,2,-1.40809086287175,-1.3440063860523925,-0.00940289792828771,-1.1875214569013652,Honda,Civic,Hybrid,Manual,Second,2,24666.0,1497.0,8222.0
UP 49 CY 1916,12200.0,9,33,2,1,3,-0.5519003831978171,-0.2569343769622176,-1.2788729831221701,0.8938499733980314,Tesla,Model 3,Electric,Manual,Third,6,97265.0,0.0,13895.0
TN 41 RS 3450,10500.0,4,50,1,1,1,-1.1940432429532666,-1.0999358926823757,-0.43171158358396805,-0.4465855141039686,Hyundai,Tucson,Diesel,Manual,Fourth & Above,3,40966.0,999.0,10241.5
HR 51 EE 6507,3900.0,4,56,2,0,0,0.09024247655763246,-0.37347429413392563,-1.2788729831221701,-0.9210853679390132,Hyundai,i20,Electric,Automatic,First,9,89482.0,0.0,8948.2
KL 72 GP 7476,2500.0,3,14,2,0,2,1.3745281960685316,1.345365951537093,-1.2788729831221701,0.4800200972014289,Honda,City,Electric,Automatic,Second,15,204273.0,0.0,12767.0625
AP 55 LL 4120,4000.0,11,32,2,0,0,0.09024247655763246,-0.277777697623019,-1.2788729831221701,-0.6866054664575499,Volkswagen,Jetta,Electric,Automatic,First,9,95873.0,0.0,9587.3
DL 26 VL 3555,2500.0,4,50,3,0,2,1.5885758159870147,2.0723815751318435,0.07624605237537437,1.2523454351695111,Hyundai,Tucson,Hybrid,Automatic,Second,16,252826.0,1598.0,14872.117647058823
KA 40 OP 1372,2900.0,9,33,2,1,3,0.9464329562315652,1.3130827623526908,-1.2788729831221701,1.0926785730515467,Tesla,Model 3,Electric,Manual,Third,13,202117.0,0.0,14436.92857142857
TN 49 SV 9631,3700.0,4,45,3,0,2,0.30429009647611566,-0.16397795838301116,0.4162978253631812,-0.7528892900467038,Hyundai,Sonata,Hybrid,Automatic,Second,10,103473.0,1999.0,9406.636363636364
TN 09 MV 5445,4500.0,10,41,0,0,0,0.5183377163945988,-0.26967695302711847,0.07624605237537437,-1.2563134793200392,Toyota,RAV4,CNG,Automatic,First,11,96414.0,1598.0,8034.5
KA 41 PT 9709,2500.0,11,49,2,1,1,0.9464329562315652,-0.05203495173060344,-0.00940289792828771,-1.2965142268972756,Volkswagen,Tiguan,Electric,Manual,Fourth & Above,13,110949.0,1497.0,7924.928571428572
KL 51 XF 1301,2700.0,3,5,4,1,2,0.30429009647611566,0.27660671627461925,0.24669594357375135,0.22851020941853717,Honda,Accord,Petrol,Manual,Second,10,132897.0,1799.0,12081.545454545454
AP 04 RI 4695,7400.0,4,51,0,0,0,-0.7659480031163003,-0.8152568607835561,0.4162978253631812,-0.5365349051954077,Hyundai,Verna,CNG,Automatic,First,5,59978.0,1999.0,9996.333333333334
MH 55 JT 6395,12400.0,2,25,2,1,1,-0.9799956230347835,-0.8204976382485565,-1.2788729831221701,0.17129525899090445,Ford,F-150,Electric,Manual,Fourth & Above,4,59628.0,0.0,11925.6
MH 84 SF 6201,3000.0,5,55,1,1,3,0.30429009647611566,0.5113037048072354,1.057392938527226,0.7512962260926196,Mahindra,XUV700,Diesel,Manual,Third,10,148571.0,2755.0,13506.454545454546
HR 57 XU 5485,2500.0,3,7,1,1,3,0.9464329562315652,0.2675925790348186,0.07624605237537437,-0.7371106038309853,Honda,Amaze,Diesel,Manual,Third,13,132295.0,1598.0,9449.642857142857
WB 04 LC 8808,2900.0,2,24,0,0,2,0.9464329562315652,0.11650845154380819,0.24669594357375135,-1.0015340347660024,Ford,Explorer,CNG,Automatic,Second,13,122205.0,1799.0,8728.92857142857
DL 29 BN 1245,20700.0,2,22,2,0,1,-1.622138482790233,-1.4495706178474,-1.2788729831221701,-0.9725234561688699,Ford,Endeavour,Electric,Automatic,Fourth & Above,1,17616.0,0.0,8808.0
KL 89 KO 5043,8800.0,7,28,1,1,2,0.09024247655763246,0.43934034338783046,2.097900483305378,1.070507886969186,Mercedes,GLE,Diesel,Manual,Second,9,143765.0,3982.0,14376.5
KL 06 HQ 9812,2500.0,8,6,3,0,0,1.3745281960685316,1.5132654878658045,0.24669594357375135,0.7371417463282923,Tata,Altroz,Hybrid,Automatic,First,15,215486.0,1799.0,13467.875
HR 37 OF 7921,9500.0,8,37,4,1,3,-0.9799956230347835,-0.8723214405524601,0.07624605237537437,-0.08266654323952813,Tata,Nexon,Petrol,Manual,Third,4,56167.0,1598.0,11233.4
KA 24 YS 9952,3000.0,7,42,2,0,0,1.3745281960685316,1.7022479232537175,-1.2788729831221701,1.0265497846436533,Mercedes,S-Class,Electric,Automatic,First,15,228107.0,0.0,14256.6875
TS 89 UW 3686,14800.0,2,20,2,1,1,-1.1940432429532666,-1.192218497016082,-1.2788729831221701,-1.0118724929923513,Ford,EcoSport,Electric,Manual,Fourth & Above,3,34803.0,0.0,8700.75
GJ 79 FM 7235,5500.0,9,34,2,1,1,0.9464329562315652,0.07868501189640557,-1.2788729831221701,-1.0677316151963145,Tesla,Model S,Electric,Manual,Fourth & Above,13,119679.0,0.0,8548.5
TN 54 JJ 8311,9300.0,10,16,1,1,2,-0.5519003831978171,-0.43209613349242965,-0.26380572061243246,0.28072305663334807,Toyota,Corolla,Diesel,Manual,Second,6,85567.0,1197.0,12223.857142857143
KL 70 ZA 9084,3600.0,7,19,4,0,0,0.9464329562315652,1.665487612749215,2.097900483305378,1.7094481911938288,Mercedes,E-Class,Petrol,Automatic,First,13,225652.0,3982.0,16118.0
GJ 27 BF 3429,39800.0,1,1,0,1,2,-1.622138482790233,-1.4841896964162022,1.2592191778566475,-1.396649205054134,BMW,5 Series,CNG,Manual,Second,1,15304.0,2993.0,7652.0
AP 23 FV 5659,10000.0,10,31,0,0,3,-0.7659480031163003,-1.0208001529608703,-0.43171158358396805,-1.3759198756319735,Toyota,Innova,CNG,Automatic,Third,5,46251.0,999.0,7708.5
AP 09 YN 2063,29100.0,0,4,4,1,3,-1.40809086287175,-1.2128222392784835,1.2592191778566475,-0.11607806417247302,Audi,A6,Petrol,Manual,Third,2,33427.0,2993.0,11142.333333333334
KA 74 XU 9666,6600.0,7,28,3,0,2,0.732385336313082,0.009821196006300823,0.8386065110188615,-0.9562673721019344,Mercedes,GLE,Hybrid,Automatic,Second,12,115080.0,2497.0,8852.307692307691
GJ 94 UP 9069,5400.0,3,14,3,0,2,-0.3378527632793339,-0.30893786306492116,0.24669594357375135,0.09733007648634616,Honda,City,Hybrid,Automatic,Second,7,93792.0,1799.0,11724.0
KA 95 GZ 7793,4900.0,2,22,4,1,0,0.09024247655763246,0.3932813962954273,2.9196216005751654,0.9576522811239373,Ford,Endeavour,Petrol,Manual,First,9,140689.0,4951.0,14068.9
KA 40 JQ 6307,6600.0,8,37,1,1,2,-0.5519003831978171,-0.6172303408560424,0.4162978253631812,-0.3673108977929251,Tata,Nexon,Diesel,Manual,Second,6,73203.0,1999.0,10457.57142857143
TS 87 PP 1582,8700.0,10,13,0,1,2,-0.5519003831978171,-0.6295686283736432,-0.26380572061243246,-0.410499184629487,Toyota,Camry,CNG,Manual,Second,6,72379.0,1197.0,10339.857142857143
TN 67 JS 6169,20000.0,11,32,0,0,1,-1.622138482790233,-1.5277330703254053,0.07624605237537437,-1.9301084082368103,Volkswagen,Jetta,CNG,Automatic,Fourth & Above,1,12396.0,1598.0,6198.0
TS 49 UR 3719,2500.0,6,23,3,1,2,1.5885758159870147,0.7582491389580525,-0.00940289792828771,-0.6417390396634538,Maruti,Ertiga,Hybrid,Manual,Second,16,165063.0,1497.0,9709.588235294117
KL 31 LO 5958,5000.0,0,40,3,0,0,0.5183377163945988,0.6514271205714451,1.2592191778566475,0.6244604136065045,Audi,Q7,Hybrid,Automatic,First,11,157929.0,2993.0,13160.75
KL 65 EG 6572,14400.0,1,2,4,1,0,-0.3378527632793339,-0.654005625010445,2.097900483305378,-0.9595446946058801,BMW,7 Series,Petrol,Manual,First,7,70747.0,3982.0,8843.375
AP 92 QD 1067,7000.0,5,44,0,1,2,-0.5519003831978171,-0.798696003994155,0.4162978253631812,-1.0025036747010465,Mahindra,Scorpio,CNG,Manual,Second,6,61084.0,1999.0,8726.285714285714
DL 42 GG 5695,3800.0,7,11,4,0,0,1.1604805761500483,0.7306077812426506,1.2592191778566475,-0.2119099375365139,Mercedes,C-Class,Petrol,Automatic,First,14,163217.0,2993.0,10881.133333333333
UP 72 QD 4384,13300.0,7,42,3,1,2,-0.5519003831978171,-0.24516508814081678,1.2592191778566475,0.9350465673950428,Mercedes,S-Class,Hybrid,Manual,Second,6,98051.0,2993.0,14007.285714285714
TS 70 OB 3131,4700.0,6,10,3,1,2,-0.5519003831978171,-0.6796255399893467,-0.43171158358396805,-0.585715741540441,Maruti,Brezza,Hybrid,Manual,Second,6,69036.0,999.0,9862.285714285714
UP 81 WW 8304,2500.0,10,30,2,0,2,1.3745281960685316,0.3396008614039236,-1.2788729831221701,-1.0602103540785395,Toyota,Highlander,Electric,Automatic,Second,15,137104.0,0.0,8569.0
KL 13 OJ 8625,11500.0,0,39,0,1,1,-0.3378527632793339,-0.49965724184123433,0.8386065110188615,-0.48680591654475325,Audi,Q5,CNG,Manual,Fourth & Above,7,81055.0,2497.0,10131.875
WB 43 ZK 8426,5200.0,5,55,3,0,1,0.09024247655763246,-0.3729502163874256,1.057392938527226,-0.9198012501871979,Mahindra,XUV700,Hybrid,Automatic,Fourth & Above,9,89517.0,2755.0,8951.7
UP 74 EQ 2686,2500.0,5,47,2,1,3,1.1604805761500483,0.9961654622191689,-1.2788729831221701,0.2218772687195507,Mahindra,Thar,Electric,Manual,Third,14,180952.0,0.0,12063.466666666667
UP 32 RF 8903,6600.0,8,37,3,0,1,-0.5519003831978171,-0.47574432295093266,0.24669594357375135,0.12793925065206438,Tata,Nexon,Hybrid,Automatic,Fourth & Above,6,82652.0,1799.0,11807.42857142857
DL 23 VV 2276,7400.0,8,37,2,0,3,-0.5519003831978171,-0.7509899554127517,-1.2788729831221701,-0.8355159539956027,Tata,Nexon,Electric,Automatic,Third,6,64270.0,0.0,9181.42857142857
AP 09 TD 7208,34300.0,9,34,2,1,1,-1.622138482790233,-1.4764483194179017,-1.2788729831221701,-1.3018079368129223,Tesla,Model S,Electric,Manual,Fourth & Above,1,15821.0,0.0,7910.5
GJ 38 MT 8326,2500.0,4,17,0,1,2,1.3745281960685316,0.35074125692952435,0.4162978253631812,-1.0431499325187084,Hyundai,Creta,CNG,Manual,Second,15,137848.0,1999.0,8615.5
UP 66 ME 5819,16800.0,1,1,3,0,3,-0.5519003831978171,-0.6627801838518456,0.4154498159542341,-0.5267511508958632,BMW,5 Series,Hybrid,Automatic,Third,6,70161.0,1998.0,10023.0
UP 51 UK 7271,2500.0,10,41,3,1,3,1.3745281960685316,0.1338928590777094,-0.43171158358396805,-1.3752319554077868,Toyota,RAV4,Hybrid,Manual,Third,15,123366.0,999.0,7710.375
TS 54 EJ 3056,11800.0,8,6,2,1,2,-1.1940432429532666,-1.0544609179360727,-1.2788729831221701,-0.16802368465661852,Tata,Altroz,Electric,Manual,Second,3,44003.0,0.0,11000.75
WB 54 OZ 7974,2500.0,2,36,2,0,2,1.1604805761500483,1.346518922579393,-1.2788729831221701,0.7941779764714196,Ford,Mustang,Electric,Automatic,Second,14,204350.0,0.0,13623.333333333334
AP 78 AS 9161,28200.0,0,4,2,0,3,-1.40809086287175,-1.2731810220253876,-1.2788729831221701,-0.6090569839407834,Audi,A6,Electric,Automatic,Third,2,29396.0,0.0,9798.666666666666
TS 15 SP 2311,11000.0,9,33,2,1,0,-0.12380514336085073,-0.2152177883408147,-1.2788729831221701,-0.1254541620428704,Tesla,Model 3,Electric,Manual,First,8,100051.0,0.0,11116.777777777777
WB 86 CV 9834,6900.0,2,22,0,1,2,-0.12380514336085073,-0.17844250418641217,1.057392938527226,-0.0253337430441961,Ford,Endeavour,CNG,Manual,Second,8,102507.0,2755.0,11389.666666666666
TS 54 LZ 5827,2600.0,0,39,4,0,1,1.3745281960685316,2.1599924006967495,2.097900483305378,1.72754049308994,Audi,Q5,Petrol,Automatic,Fourth & Above,15,258677.0,3982.0,16167.3125
UP 07 VJ 1447,2900.0,7,19,3,0,0,1.3745281960685316,1.6953750179496172,2.097900483305378,1.0160246052135962,Mercedes,E-Class,Hybrid,Automatic,First,15,227648.0,3982.0,14228.0
HR 02 XD 3860,4200.0,7,28,3,0,2,1.1604805761500483,0.24913006870811732,1.2592191778566475,-0.9984014862911655,Mercedes,GLE,Hybrid,Automatic,Second,14,131062.0,2993.0,8737.466666666667
KA 19 TE 9125,29800.0,0,4,1,0,2,-1.40809086287175,-1.337567716595392,0.4154498159542341,-1.1349337775413122,Audi,A6,Diesel,Automatic,Second,2,25096.0,1998.0,8365.333333333334
KA 07 FO 7533,3600.0,8,6,1,1,3,0.09024247655763246,0.043122593383903125,-0.43171158358396805,0.09967817751823675,Tata,Altroz,Diesel,Manual,Third,9,117304.0,999.0,11730.4
KL 34 EQ 8122,19200.0,5,44,0,1,1,-1.622138482790233,-1.421794497282898,0.4162978253631812,-0.6322322519378298,Mahindra,Scorpio,CNG,Manual,Fourth & Above,1,19471.0,1999.0,9735.5
AP 79 UI 6488,19200.0,10,41,0,1,0,-1.40809086287175,-1.3254989547759912,0.24669594357375135,-1.0363624529733992,Toyota,RAV4,CNG,Manual,First,2,25902.0,1799.0,8634.0
WB 89 FK 9972,4900.0,7,27,2,1,2,0.9464329562315652,0.3909155596112271,-1.2788729831221701,-0.5212739955871005,Mercedes,GLC,Electric,Manual,Second,13,140531.0,0.0,10037.92857142857
HR 33 GB 1388,2500.0,10,31,4,1,1,1.5885758159870147,2.211516730002653,-0.00940289792828771,1.452883622562238,Toyota,Innova,Petrol,Manual,Fourth & Above,16,262118.0,1497.0,15418.70588235294
MH 49 VY 4027,2900.0,0,3,1,1,0,1.3745281960685316,2.2457165463742554,0.4154498159542341,1.8588186025389093,Audi,A4,Diesel,Manual,First,15,264402.0,1998.0,16525.125
WB 99 YK 5216,4900.0,3,5,4,0,3,-0.12380514336085073,-0.3476447480564238,0.07624605237537437,-0.4859855079810934,Honda,Accord,Petrol,Automatic,Third,8,91207.0,1598.0,10134.111111111111
KA 63 GT 7432,5200.0,2,36,0,1,3,-0.12380514336085073,0.2137473339944149,1.4330611066908132,1.042399976179452,Ford,Mustang,CNG,Manual,Third,8,128699.0,3198.0,14299.888888888889
TN 10 CS 5105,2800.0,2,20,1,1,1,0.9464329562315652,0.18498295253651292,0.4162978253631812,-0.8816917800914892,Ford,EcoSport,Diesel,Manual,Fourth & Above,13,126778.0,1999.0,9055.57142857143
AP 74 AQ 9039,19600.0,5,47,4,0,3,-1.622138482790233,-1.5179552769407045,-0.26380572061243246,-1.8103185665317594,Mahindra,Thar,Petrol,Automatic,Third,1,13049.0,1197.0,6524.5
KL 16 SR 6880,11500.0,5,9,4,1,0,-0.9799956230347835,-0.6669129112242459,0.07624605237537437,0.9239350178691313,Mahindra,Bolero,Petrol,Manual,First,4,69885.0,1598.0,13977.0
HR 83 GF 1644,6100.0,4,51,4,0,3,-0.3378527632793339,-0.4020739654429276,-0.43171158358396805,-0.18792750980975484,Hyundai,Verna,Petrol,Automatic,Third,7,87572.0,999.0,10946.5
DL 18 BG 1415,5100.0,8,29,3,0,0,-0.3378527632793339,-0.07677142136540516,0.4162978253631812,0.8084102815540384,Tata,Harrier,Hybrid,Automatic,First,7,109297.0,1999.0,13662.125
KL 03 BK 1918,8800.0,9,34,2,0,1,0.09024247655763246,0.0427931730861031,-1.2788729831221701,0.09887101778852471,Tesla,Model S,Electric,Automatic,Fourth & Above,9,117282.0,0.0,11728.2
KA 05 XE 9010,2500.0,4,51,0,0,2,1.3745281960685316,1.0219201400471707,0.4162978253631812,-0.015305394887162533,Hyundai,Verna,CNG,Automatic,Second,15,182672.0,1999.0,11417.0
HR 13 OT 3796,17900.0,11,38,1,1,0,-1.622138482790233,-1.4057127972902967,-0.26380572061243246,-0.43521189973074786,Volkswagen,Polo,Diesel,Manual,First,1,20545.0,1197.0,10272.5
WB 52 KD 9943,4800.0,0,3,0,1,0,0.9464329562315652,0.11677797724200821,0.8386065110188615,-1.0010623180408453,Audi,A4,CNG,Manual,First,13,122223.0,2497.0,8730.214285714286
AP 22 WL 3703,3300.0,2,25,3,1,0,0.30429009647611566,0.6793679512848471,1.4330611066908132,1.1256582428815627,Ford,F-150,Hybrid,Manual,First,10,159795.0,3198.0,14526.818181818182
KA 01 AF 2460,2500.0,5,55,0,0,2,1.3745281960685316,0.4453896979474309,0.585051697743664,-0.8982051412825626,Mahindra,XUV700,CNG,Automatic,Second,15,144169.0,2198.0,9010.5625
HR 67 ON 4919,11500.0,9,34,2,1,2,-0.3378527632793339,-0.37522621117222577,-1.2788729831221701,-0.10569811234530001,Tesla,Model S,Electric,Manual,Second,7,89365.0,0.0,11170.625
GJ 31 GD 9686,2500.0,2,22,0,1,3,1.3745281960685316,1.4806678520335024,1.4330611066908132,0.6872216687264746,Ford,Endeavour,CNG,Manual,Third,15,213309.0,3198.0,13331.8125
HR 07 GD 3444,7200.0,3,7,0,1,1,-0.7659480031163003,-0.3944224303440271,0.4162978253631812,1.1820426859839959,Honda,Amaze,CNG,Manual,Fourth & Above,5,88083.0,1999.0,14680.5
HR 43 TZ 8424,16100.0,11,52,4,1,3,-1.622138482790233,-1.5120556588801042,-0.00940289792828771,-1.7380410816438727,Volkswagen,Virtus,Petrol,Manual,Third,1,13443.0,1497.0,6721.5
KL 76 SK 7865,2500.0,10,13,4,0,0,1.3745281960685316,2.186271156271251,-0.43171158358396805,1.7677838262048642,Toyota,Camry,Petrol,Automatic,First,15,260432.0,999.0,16277.0
DL 10 PS 8936,7300.0,1,53,4,1,1,0.09024247655763246,0.4490282948731311,0.6270281634865478,1.0942457208384566,BMW,X3,Petrol,Manual,Fourth & Above,9,144412.0,2247.5,14441.2
DL 81 LI 4313,3200.0,10,30,1,0,3,0.732385336313082,0.16400486902661146,1.057392938527226,-0.6656616470372839,Toyota,Highlander,Diesel,Automatic,Third,12,125377.0,2755.0,9644.384615384615
TS 29 JT 3568,2500.0,4,45,1,1,1,1.3745281960685316,1.6567729485074145,0.07624605237537437,0.9569093272818158,Hyundai,Sonata,Diesel,Manual,Fourth & Above,15,225070.0,1598.0,14066.875
HR 02 XN 5041,5300.0,11,32,2,1,1,0.09024247655763246,-0.4524153764067311,-1.2788729831221701,-1.1145101904410128,Volkswagen,Jetta,Electric,Manual,Fourth & Above,9,84210.0,0.0,8421.0
TN 61 XY 9261,30400.0,1,53,0,1,0,-1.1940432429532666,-1.0252922479308706,2.097900483305378,0.010652128238817076,BMW,X3,CNG,Manual,First,3,45951.0,3982.0,11487.75
TN 89 XN 4571,11100.0,10,30,4,0,1,-0.9799956230347835,-0.8843752287219608,1.057392938527226,-0.14173595982302942,Toyota,Highlander,Petrol,Automatic,Fourth & Above,4,55362.0,2755.0,11072.4
UP 96 SA 8452,9000.0,2,25,4,0,3,-0.3378527632793339,-0.5494446277587378,1.057392938527226,-0.6392948995728137,Ford,F-150,Petrol,Automatic,Third,7,77730.0,2755.0,9716.25
TS 68 BJ 7977,10900.0,5,55,2,1,0,-0.9799956230347835,-1.0562427822741727,-1.2788729831221701,-0.9839704486993375,Mahindra,XUV700,Electric,Manual,First,4,43884.0,0.0,8776.8
TS 60 TB 6989,5500.0,7,42,3,1,3,0.30429009647611566,0.6838300989550473,0.4154498159542341,1.1355976478176908,Mercedes,S-Class,Hybrid,Manual,Third,10,160093.0,1998.0,14553.90909090909
KL 95 YS 4437,2500.0,4,45,1,0,2,1.1604805761500483,1.200525836054383,0.24669594357375135,0.555698965420017,Hyundai,Sonata,Diesel,Automatic,Second,14,194600.0,1799.0,12973.333333333334
TS 58 PQ 9629,13800.0,9,33,2,0,0,-0.5519003831978171,-0.6467434048089444,-1.2788729831221701,-0.47061686060222535,Tesla,Model 3,Electric,Automatic,First,6,71232.0,0.0,10176.0
MH 37 CD 3699,4600.0,3,14,4,1,1,-0.3378527632793339,-0.36405586834682496,-0.43171158358396805,-0.07148554652907953,Honda,City,Petrol,Manual,Fourth & Above,7,90111.0,999.0,11263.875
GJ 17 PL 7883,5500.0,7,11,0,1,3,0.732385336313082,0.6833209948584473,2.097900483305378,0.3131465258958228,Mercedes,C-Class,CNG,Manual,Third,12,160059.0,3982.0,12312.23076923077
WB 42 PS 9686,6600.0,5,47,1,0,1,-0.3378527632793339,-0.6603694262179454,0.24669594357375135,-0.9790357676245044,Mahindra,Thar,Diesel,Automatic,Fourth & Above,7,70322.0,1799.0,8790.25
HR 99 BE 6785,9900.0,6,18,3,1,3,-1.40809086287175,-1.2705157123431876,-0.26380572061243246,-0.5872881306242962,Maruti,Dzire,Hybrid,Manual,Third,2,29574.0,1197.0,9858.0
WB 20 FH 2915,6100.0,7,28,1,0,2,0.5183377163945988,0.6478783655451449,0.8386065110188615,0.6172143205784042,Mercedes,GLE,Diesel,Automatic,Second,11,157692.0,2497.0,13141.0
KL 70 FR 5940,2500.0,10,41,1,1,3,0.732385336313082,0.5534395556258384,-0.00940289792828771,0.0683457043739449,Toyota,RAV4,Diesel,Manual,Third,12,151385.0,1497.0,11645.0
GJ 65 KU 5842,7100.0,3,15,2,0,2,-0.9799956230347835,-0.6155383184173423,-1.2788729831221701,1.1756954753821665,Honda,Civic,Electric,Automatic,Second,4,73316.0,0.0,14663.2
TN 18 VR 2914,2500.0,5,44,2,0,0,0.732385336313082,1.2194375558780843,-1.2788729831221701,1.3236201959176481,Mahindra,Scorpio,Electric,Automatic,First,12,195863.0,0.0,15066.384615384615
DL 75 QH 5553,23900.0,7,11,3,1,3,-0.9799956230347835,-0.8361600760439576,0.4154498159542341,0.09454170651097578,Mercedes,C-Class,Hybrid,Manual,Third,4,58582.0,1998.0,11716.4
UP 66 BV 6915,2900.0,1,0,4,0,2,1.1604805761500483,1.1340278568484783,2.097900483305378,0.44707483330932124,BMW,3 Series,Petrol,Automatic,Second,14,190159.0,3982.0,12677.266666666666
GJ 12 GX 8278,13600.0,8,29,3,0,3,-1.1940432429532666,-1.1506366712437792,-0.00940289792828771,-0.7571585646501415,Tata,Harrier,Hybrid,Automatic,Third,3,37580.0,1497.0,9395.0
UP 12 EG 5968,35000.0,9,35,2,0,2,-1.40809086287175,-1.3241064053352911,-1.2788729831221701,-1.0249888386001784,Tesla,Model Y,Electric,Automatic,Second,2,25995.0,0.0,8665.0
HR 54 FR 8571,2500.0,5,44,2,1,0,1.1604805761500483,1.9702313355140364,-1.2788729831221701,1.8130092304545096,Mahindra,Scorpio,Electric,Manual,First,14,246004.0,0.0,16400.266666666666
HR 75 JP 8593,6200.0,9,34,2,0,0,0.732385336313082,0.1469798290903103,-1.2788729831221701,-0.6977504796485794,Tesla,Model S,Electric,Automatic,First,12,124240.0,0.0,9556.923076923076
KL 89 UH 1466,2800.0,1,0,2,1,3,1.5885758159870147,0.605233410629942,-1.2788729831221701,-0.8622835658113528,BMW,3 Series,Electric,Manual,Third,16,154844.0,0.0,9108.470588235294
KL 89 DL 9397,15800.0,3,12,3,0,1,-1.622138482790233,-1.4257026199067981,-0.00940289792828771,-0.6801114995412268,Honda,CR-V,Hybrid,Automatic,Fourth & Above,1,19210.0,1497.0,9605.0
MH 46 FB 5467,2500.0,9,34,2,1,3,1.5885758159870147,2.253113529424856,-1.2788729831221701,1.5128378933948894,Tesla,Model S,Electric,Manual,Third,16,264896.0,0.0,15582.117647058823
MH 70 KK 5932,8800.0,4,17,4,1,2,-0.7659480031163003,-1.045491701645972,-0.43171158358396805,-1.4767536933816563,Hyundai,Creta,Petrol,Manual,Second,5,44602.0,999.0,7433.666666666667
KL 53 KF 2678,3600.0,7,27,1,1,2,0.9464329562315652,0.9202340835762637,1.2592191778566475,0.40512523965104097,Mercedes,GLC,Diesel,Manual,Second,13,175881.0,2993.0,12562.92857142857
KA 17 AP 6705,8100.0,1,1,0,1,1,0.09024247655763246,0.548004120712138,2.097900483305378,1.3367605305384216,BMW,5 Series,CNG,Manual,Fourth & Above,9,151022.0,3982.0,15102.2
KA 29 EW 3332,3600.0,7,27,0,0,2,0.732385336313082,1.260465356604087,1.2592191778566475,1.4009494847082804,Mercedes,GLC,CNG,Automatic,Second,12,198603.0,2993.0,15277.153846153846
KL 97 NB 4217,12500.0,9,33,2,0,0,-0.3378527632793339,-0.7206832880151496,-1.2788729831221701,-1.1637652784927832,Tesla,Model 3,Electric,Automatic,First,7,66294.0,0.0,8286.75
KA 16 TG 4277,2500.0,3,15,4,1,3,1.3745281960685316,1.2064554014147835,0.4162978253631812,0.26729223320874973,Honda,Civic,Petrol,Manual,Third,15,194996.0,1999.0,12187.25
UP 31 QS 2119,2500.0,2,25,3,0,3,1.5885758159870147,0.4864025250235337,1.057392938527226,-1.033556817549265,Ford,F-150,Hybrid,Automatic,Third,16,146908.0,2755.0,8641.64705882353
DL 65 WP 7004,2500.0,3,7,3,1,0,1.5885758159870147,1.5281043749167056,0.4162978253631812,0.46786818877064756,Honda,Amaze,Hybrid,Manual,First,16,216477.0,1999.0,12733.941176470587
GJ 30 ND 6149,5700.0,9,34,2,0,1,0.5183377163945988,0.4008430894949278,-1.2788729831221701,0.11280063797250103,Tesla,Model S,Electric,Automatic,Fourth & Above,11,141194.0,0.0,11766.166666666666
KA 50 JO 6111,2500.0,3,14,3,0,0,0.9464329562315652,0.9002592346096623,-0.43171158358396805,0.37016578901998937,Honda,City,Hybrid,Automatic,First,13,174547.0,999.0,12467.642857142857
KL 87 LF 1209,4400.0,11,52,2,1,0,0.09024247655763246,0.14359578421291005,-1.2788729831221701,0.345861895080531,Volkswagen,Virtus,Electric,Manual,First,9,124014.0,0.0,12401.4
UP 14 XF 2060,2500.0,11,52,4,1,2,0.9464329562315652,0.6617439653525458,0.07624605237537437,-0.047277306258888964,Volkswagen,Virtus,Petrol,Manual,Second,13,158618.0,1598.0,11329.857142857143
KL 36 YW 5472,7600.0,4,45,2,1,2,-0.5519003831978171,-0.4977256410041342,-1.2788729831221701,0.050997011482073806,Hyundai,Sonata,Electric,Manual,Second,6,81184.0,0.0,11597.714285714286
KL 14 DI 9017,7700.0,11,52,2,0,3,-0.7659480031163003,-0.7070722402560486,-1.2788729831221701,-0.0947372501065913,Volkswagen,Virtus,Electric,Automatic,Third,5,67203.0,0.0,11200.5
WB 42 EJ 2578,3000.0,5,55,4,0,0,0.732385336313082,-0.16330414413751113,1.057392938527226,-1.282574392903865,Mahindra,XUV700,Petrol,Automatic,First,12,103518.0,2755.0,7962.923076923077
GJ 70 AY 1517,15500.0,3,7,2,0,3,-1.622138482790233,-1.4477887535092997,-1.2788729831221701,-0.9506934543880108,Honda,Amaze,Electric,Automatic,Third,1,17735.0,0.0,8867.5
GJ 85 YJ 3689,8400.0,8,37,2,0,0,-0.9799956230347835,-0.8985403015273619,-1.2788729831221701,-0.21115169657829888,Tata,Nexon,Electric,Automatic,First,4,54416.0,0.0,10883.2
MH 65 BM 5315,2600.0,5,9,4,0,1,0.732385336313082,0.3238336080592225,0.07624605237537437,-0.36441608917187857,Mahindra,Bolero,Petrol,Automatic,Fourth & Above,12,136051.0,1598.0,10465.461538461539
TS 95 SA 6591,9400.0,5,9,4,1,0,-0.7659480031163003,-0.5085515898818349,-0.26380572061243246,0.7159690905394336,Mahindra,Bolero,Petrol,Manual,First,5,80461.0,1197.0,13410.166666666666
HR 76 CW 2073,11000.0,8,37,3,1,2,-1.1940432429532666,-1.1625706702140801,-0.26380572061243246,-0.8302615538070524,Tata,Nexon,Hybrid,Manual,Second,3,36783.0,1197.0,9195.75
KL 76 AK 7188,16500.0,7,11,4,0,1,-0.5519003831978171,-0.7948627496197547,2.097900483305378,-0.9890859545188134,Mercedes,C-Class,Petrol,Automatic,Fourth & Above,6,61340.0,3982.0,8762.857142857143
WB 44 FT 5907,14500.0,0,40,4,1,3,-0.5519003831978171,-0.4168529578942286,2.097900483305378,0.3340794595455078,Audi,Q7,Petrol,Manual,Third,6,86585.0,3982.0,12369.285714285714
UP 52 ZH 2506,2500.0,4,17,4,1,3,0.30429009647611566,0.29438043870592046,-0.00940289792828771,0.2681010606238543,Hyundai,Creta,Petrol,Manual,Third,10,134084.0,1497.0,12189.454545454546
KA 84 JQ 5913,3100.0,9,34,2,0,1,0.9464329562315652,1.027355574960871,-1.2788729831221701,0.5926064314160668,Tesla,Model S,Electric,Automatic,Fourth & Above,13,183035.0,0.0,13073.92857142857
GJ 24 SP 4489,7600.0,8,48,0,0,2,-0.5519003831978171,-0.4977256410041342,-0.43171158358396805,0.050997011482073806,Tata,Tiago,CNG,Automatic,Second,6,81184.0,999.0,11597.714285714286
KL 19 HE 5919,3600.0,11,52,0,0,0,-0.12380514336085073,0.41445413725402874,0.24669594357375135,1.5888226538090253,Volkswagen,Virtus,CNG,Automatic,First,8,142103.0,1799.0,15789.222222222223
HR 88 TH 7649,6300.0,8,6,1,0,3,-0.5519003831978171,-0.15226856416121035,-0.00940289792828771,1.2602166299363404,Tata,Altroz,Diesel,Automatic,Third,6,104255.0,1497.0,14893.57142857143
TN 26 FI 3235,5800.0,1,0,3,0,1,0.732385336313082,0.09864488721310695,2.097900483305378,-0.7888522841070321,BMW,3 Series,Hybrid,Automatic,Fourth & Above,12,121012.0,3982.0,9308.615384615385
KA 41 TJ 2041,6300.0,10,41,4,0,0,-0.12380514336085073,0.05948879272460425,-0.43171158358396805,0.6224323228714949,Toyota,RAV4,Petrol,Automatic,First,8,118397.0,999.0,13155.222222222223
KA 67 VS 9605,2500.0,8,43,1,1,0,1.1604805761500483,0.8609833509219595,0.24669594357375135,0.0010579341788261591,Tata,Safari,Diesel,Manual,First,14,171924.0,1799.0,11461.6
DL 19 DF 4507,4600.0,7,28,3,0,1,1.1604805761500483,0.48506987018243364,0.8386065110188615,-0.6129949450463503,Mercedes,GLE,Hybrid,Automatic,Fourth & Above,14,146819.0,2497.0,9787.933333333332
AP 61 VH 5550,27300.0,7,28,2,0,0,-1.1940432429532666,-1.1894633454344818,-1.2788729831221701,-0.9949955168256367,Mercedes,GLE,Electric,Automatic,First,3,34987.0,0.0,8746.75
AP 40 UW 6945,21300.0,2,25,4,1,0,-1.622138482790233,-1.422228733129998,1.057392938527226,-0.6375521683382073,Ford,F-150,Petrol,Manual,First,1,19442.0,2755.0,9721.0
DL 39 GF 8190,2900.0,11,38,2,0,3,0.09024247655763246,0.043122593383903125,-1.2788729831221701,0.09967817751823675,Volkswagen,Polo,Electric,Automatic,Third,9,117304.0,0.0,11730.4
TS 92 ND 3627,11600.0,11,49,4,0,1,-1.1940432429532666,-0.9680330107132666,0.4162978253631812,0.3613997198774956,Volkswagen,Tiguan,Petrol,Automatic,Fourth & Above,3,49775.0,1999.0,12443.75
TN 83 UF 8264,3600.0,9,35,2,0,1,1.1604805761500483,0.7523345472475521,-1.2788729831221701,-0.1764193688149153,Tesla,Model Y,Electric,Automatic,Fourth & Above,14,164668.0,0.0,10977.866666666667
WB 98 ET 7722,2500.0,11,32,3,1,0,1.5885758159870147,1.215783985302484,-0.26380572061243246,0.017714775873800926,Volkswagen,Jetta,Hybrid,Manual,First,16,195619.0,1197.0,11507.0
TS 24 MM 4677,13700.0,4,17,1,0,3,-1.622138482790233,-1.4397928244626992,-0.26380572061243246,-0.8527336144638191,Hyundai,Creta,Diesel,Automatic,Third,1,18269.0,1197.0,9134.5
AP 77 IE 2459,3800.0,10,13,1,0,2,0.09024247655763246,0.6601567584631457,-0.43171158358396805,1.611561729426884,Toyota,Camry,Diesel,Automatic,Second,9,158512.0,999.0,15851.2
DL 25 ZI 5717,2500.0,4,45,2,0,0,0.9464329562315652,-0.08214696167950553,-1.2788729831221701,-1.3492154676911625,Hyundai,Sonata,Electric,Automatic,First,13,108938.0,0.0,7781.285714285715
DL 54 FN 3391,24800.0,9,35,2,1,3,-0.9799956230347835,-1.089948468199075,-1.2788729831221701,-1.149144680661401,Tesla,Model Y,Electric,Manual,Third,4,41633.0,0.0,8326.6
MH 42 WM 4476,5700.0,10,41,1,0,1,-0.12380514336085073,-0.4309731097499296,-0.43171158358396805,-0.7128463108017871,Toyota,RAV4,Diesel,Automatic,Fourth & Above,8,85642.0,999.0,9515.777777777777
DL 61 LT 1745,24500.0,9,35,2,1,0,-1.1940432429532666,-0.9929940850965684,-1.2788729831221701,0.20849798471492312,Tesla,Model Y,Electric,Manual,First,3,48108.0,0.0,12027.0
MH 65 PK 8669,11900.0,10,41,3,1,0,-0.9799956230347835,-1.01439143080367,0.24669594357375135,-0.7788784991951311,Toyota,RAV4,Hybrid,Manual,First,4,46679.0,1799.0,9335.8
KL 36 XL 8046,10200.0,2,36,3,1,3,-0.5519003831978171,-0.3156011372704216,0.585051697743664,0.6884959590465156,Ford,Mustang,Hybrid,Manual,Third,6,93347.0,2198.0,13335.285714285714
WB 82 ZO 1871,11200.0,7,27,1,0,1,-0.12380514336085073,-0.09469488029570639,0.8386065110188615,0.20266849777811113,Mercedes,GLC,Diesel,Automatic,Fourth & Above,8,108100.0,2497.0,12011.111111111111
KL 06 OL 8949,2900.0,1,1,3,1,1,1.3745281960685316,0.6168829102521427,2.097900483305378,-0.6355801303622053,BMW,5 Series,Hybrid,Manual,Fourth & Above,15,155622.0,3982.0,9726.375
MH 22 XQ 5469,2500.0,5,9,4,0,0,0.9464329562315652,1.5572880185718077,-0.26380572061243246,1.5200801325281765,Mahindra,Bolero,Petrol,Automatic,First,13,218426.0,1197.0,15601.857142857143
WB 13 KA 5657,2500.0,0,4,2,1,2,1.5885758159870147,1.5126515682199044,-1.2788729831221701,0.4455957598652136,Audi,A6,Electric,Manual,Second,16,215445.0,0.0,12673.235294117647
WB 62 OU 5412,9100.0,11,38,4,0,2,-0.9799956230347835,-0.9398376279515647,-0.43171158358396805,-0.41352865426438173,Volkswagen,Polo,Petrol,Automatic,Second,4,51658.0,999.0,10331.6
TN 83 JK 1909,11800.0,0,3,2,0,2,-0.5519003831978171,-0.06908993896670462,-1.2788729831221701,1.5513706752968988,Audi,A4,Electric,Automatic,Second,6,109810.0,0.0,15687.142857142857
DL 21 MY 7592,20200.0,9,33,2,0,0,-0.9799956230347835,-1.148510412957979,-1.2788729831221701,-1.436126653652797,Tesla,Model 3,Electric,Automatic,First,4,37722.0,0.0,7544.4
GJ 26 PO 7358,5100.0,7,19,3,1,3,0.9464329562315652,0.4880047055628338,0.4154498159542341,-0.35135114859179273,Mercedes,E-Class,Hybrid,Manual,Third,13,147015.0,1998.0,10501.07142857143
TN 66 KO 4673,13200.0,5,44,3,1,1,-1.1940432429532666,-1.2731810220253876,0.4162978253631812,-1.507817113282711,Mahindra,Scorpio,Hybrid,Manual,Fourth & Above,3,29396.0,1999.0,7349.0
KL 39 EE 5921,15200.0,11,32,4,0,1,-1.622138482790233,-1.4608757235219008,0.07624605237537437,-1.1110247279718,Volkswagen,Jetta,Petrol,Automatic,Fourth & Above,1,16861.0,1598.0,8430.5
KL 85 XS 5151,27100.0,1,2,4,1,0,-1.1940432429532666,-1.203418787141283,2.097900483305378,-1.0804810700179088,BMW,7 Series,Petrol,Manual,First,3,34055.0,3982.0,8513.75
TN 11 NW 5876,2500.0,4,50,2,1,2,1.1604805761500483,1.59096375719691,-1.2788729831221701,1.1934774488215885,Hyundai,Tucson,Electric,Manual,Second,14,220675.0,0.0,14711.666666666666
UP 34 VD 8107,11800.0,4,56,3,0,2,-1.40809086287175,-1.205050914980383,-0.26380572061243246,-0.05260595815417659,Hyundai,i20,Hybrid,Automatic,Second,2,33946.0,1197.0,11315.333333333334
UP 93 PJ 6910,2500.0,6,46,2,0,1,1.5885758159870147,1.1652179695901805,-1.2788729831221701,-0.05516699972082246,Maruti,Swift,Electric,Automatic,Fourth & Above,16,192242.0,0.0,11308.35294117647
TN 90 GA 4428,18600.0,9,34,2,1,2,-0.9799956230347835,-0.7320333146393504,-1.2788729831221701,0.6048134120037315,Tesla,Model S,Electric,Manual,Second,4,65536.0,0.0,13107.2
MH 61 NA 2908,4600.0,5,55,0,1,0,0.09024247655763246,0.004505550291800458,1.4330611066908132,0.0050570437487649335,Mahindra,XUV700,CNG,Manual,First,9,114725.0,3198.0,11472.5
AP 07 KA 2682,17800.0,2,24,2,1,2,-1.40809086287175,-1.1419070333520787,-1.2788729831221701,0.46312019036057467,Ford,Explorer,Electric,Manual,Second,2,38163.0,0.0,12721.0
GJ 76 XT 8993,11400.0,11,52,0,0,0,-1.1940432429532666,-0.9136636879263629,0.07624605237537437,0.6944448310804353,Volkswagen,Virtus,CNG,Automatic,First,3,53406.0,1598.0,13351.5
UP 83 LO 8147,2500.0,1,0,4,0,1,1.5885758159870147,1.2482019373359863,2.097900483305378,0.06443939659111185,BMW,3 Series,Petrol,Automatic,Fourth & Above,16,197784.0,3982.0,11634.35294117647
WB 44 TW 8675,6900.0,10,16,2,1,2,-0.3378527632793339,-0.07057233030680472,-1.2788729831221701,0.8273968797415924,Toyota,Corolla,Electric,Manual,Second,7,109711.0,0.0,13713.875
KA 86 PE 3839,11800.0,2,25,3,0,2,-0.9799956230347835,-0.5944554193581408,1.057392938527226,1.2790119207853583,Ford,F-150,Hybrid,Automatic,Second,4,74724.0,2755.0,14944.8
TN 03 LI 6849,35500.0,1,1,2,0,2,-1.622138482790233,-1.538573992853006,-1.2788729831221701,-2.0629228728531297,BMW,5 Series,Electric,Automatic,Second,1,11672.0,0.0,5836.0
DL 16 RH 8968,2500.0,11,32,4,1,3,0.5183377163945988,1.0365943169491716,0.07624605237537437,1.4109213881289704,Volkswagen,Jetta,Petrol,Manual,Third,11,183652.0,1598.0,15304.333333333334
KL 59 YD 2734,19500.0,7,27,0,0,2,-0.7659480031163003,-0.4772866088906328,0.4154498159542341,0.8436470841484922,Mercedes,GLC,CNG,Automatic,Second,5,82549.0,1998.0,13758.166666666666
KL 98 QP 2626,2800.0,0,3,4,1,3,1.3745281960685316,1.2479024643379864,0.8386065110188615,0.3307643392270462,Audi,A4,Petrol,Manual,Third,15,197764.0,2497.0,12360.25
KL 44 JQ 3805,8100.0,2,25,1,0,1,-0.5519003831978171,-0.23633063469981616,0.585051697743664,0.9659702193775328,Ford,F-150,Diesel,Automatic,Fourth & Above,6,98641.0,2198.0,14091.57142857143
AP 53 NO 9456,6400.0,3,12,1,1,1,-0.7659480031163003,-0.5391128093277371,-0.26380572061243246,0.5911650747558663,Honda,CR-V,Diesel,Manual,Fourth & Above,5,78420.0,1197.0,13070.0
MH 56 BM 1607,2500.0,11,49,0,1,0,1.5885758159870147,1.3247023146750916,-0.00940289792828771,0.1747008687595841,Volkswagen,Tiguan,CNG,Manual,First,16,202893.0,1497.0,11934.882352941177
GJ 39 XX 6139,2500.0,11,32,0,0,1,1.3745281960685316,2.353197405356463,0.07624605237537437,2.0234149815126563,Volkswagen,Jetta,CNG,Automatic,Fourth & Above,15,271580.0,1598.0,16973.75
GJ 80 ZT 8244,3300.0,4,21,1,0,1,-0.12380514336085073,0.374848833268526,-0.00940289792828771,1.4809975282994596,Hyundai,Elantra,Diesel,Automatic,Fourth & Above,8,139458.0,1497.0,15495.333333333334
MH 67 RJ 4501,20200.0,9,35,2,1,3,-0.9799956230347835,-0.7020410938896483,-1.2788729831221701,0.7517898609686416,Tesla,Model Y,Electric,Manual,Third,4,67539.0,0.0,13507.8
DL 39 XN 9278,5300.0,3,7,1,1,0,-0.3378527632793339,-0.26807477248781836,0.24669594357375135,0.2224856959400535,Honda,Amaze,Diesel,Manual,First,7,96521.0,1799.0,12065.125
TN 59 KH 9737,7500.0,3,15,4,1,0,-0.7659480031163003,-0.8745674880374602,0.07624605237537437,-0.7787439725735124,Honda,Civic,Petrol,Manual,First,5,56017.0,1598.0,9336.166666666666
GJ 75 GY 6919,16500.0,0,4,0,1,1,-0.7659480031163003,-0.8354862617984575,0.8386065110188615,-0.619146480562189,Audi,A6,CNG,Manual,Fourth & Above,5,58627.0,2497.0,9771.166666666666
KL 28 OC 7050,2500.0,5,47,4,1,0,0.732385336313082,1.0674100884433737,0.07624605237537437,1.0370784918697318,Mahindra,Thar,Petrol,Manual,First,12,185710.0,1598.0,14285.384615384615
AP 21 EQ 3082,10300.0,11,52,2,0,1,-0.9799956230347835,-0.6619416594574455,-0.00940289792828771,0.9482965660749977,Volkswagen,Virtus,Electric,Automatic,Fourth & Above,4,70217.0,1497.0,14043.4
MH 72 LD 7694,2500.0,5,9,0,1,2,0.732385336313082,1.5092226023928044,0.07624605237537437,1.8698076871457894,Mahindra,Bolero,CNG,Manual,Second,12,215216.0,1598.0,16555.076923076922
HR 38 PA 3340,8600.0,3,15,1,1,3,-0.7659480031163003,-0.668949327610646,-0.00940289792828771,0.060946740184914416,Honda,Civic,Diesel,Manual,Third,5,69749.0,1497.0,11624.833333333334
GJ 45 CB 7841,14600.0,2,22,3,1,2,-1.1940432429532666,-1.263597886089387,2.9196216005751654,-1.4491145874854425,Ford,Endeavour,Hybrid,Manual,Second,3,30036.0,4951.0,7509.0
KL 98 OV 8357,14900.0,5,44,2,1,2,-1.40809086287175,-1.1423861901488788,-1.2788729831221701,0.45920668864075703,Mahindra,Scorpio,Electric,Manual,Second,2,38131.0,0.0,12710.333333333334
TS 70 BV 8259,2500.0,2,25,2,0,2,1.1604805761500483,1.695120465901317,-1.2788729831221701,1.3636169360906714,Ford,F-150,Electric,Automatic,Second,14,227631.0,0.0,15175.4
KA 25 TR 1866,3100.0,9,35,2,0,0,1.1604805761500483,1.836336958108227,-1.2788729831221701,1.5942934030881872,Tesla,Model Y,Electric,Automatic,First,14,237062.0,0.0,15804.133333333333
DL 91 SO 2386,40100.0,0,4,0,1,0,-1.622138482790233,-1.4764483194179017,1.2592191778566475,-1.3018079368129223,Audi,A6,CNG,Manual,First,1,15821.0,2993.0,7910.5
GJ 41 MI 2491,4800.0,6,23,4,0,1,-0.5519003831978171,-0.6159725542644423,-0.26380572061243246,-0.36290820835813,Maruti,Ertiga,Petrol,Automatic,Fourth & Above,6,73287.0,1197.0,10469.57142857143
TN 79 KF 1445,2800.0,3,15,4,1,3,0.5183377163945988,0.10024706775240706,0.07624605237537437,-0.5009770731630001,Honda,Civic,Petrol,Manual,Third,11,121119.0,1598.0,10093.25
KA 07 GH 4874,12700.0,9,33,2,0,3,-0.3378527632793339,-0.4319763442932297,-1.2788729831221701,-0.27951262232314933,Tesla,Model 3,Electric,Automatic,Third,7,85575.0,0.0,10696.875
WB 30 AI 2663,2500.0,5,9,0,0,0,0.9464329562315652,0.4021308233863279,0.07624605237537437,-0.5016453385236389,Mahindra,Bolero,CNG,Automatic,First,13,141280.0,1598.0,10091.42857142857
MH 32 RN 8401,5500.0,1,2,4,1,2,0.732385336313082,0.3107915589963216,1.2592191778566475,-0.3889977718494847,BMW,7 Series,Petrol,Manual,Second,12,135180.0,2993.0,10398.461538461539
HR 88 ML 4485,16300.0,10,13,1,1,0,-1.40809086287175,-1.1337913151062782,0.07624605237537437,0.52940512573999,Toyota,Camry,Diesel,Manual,First,2,38705.0,1598.0,12901.666666666666
MH 93 RI 8077,3500.0,0,39,4,0,0,1.3745281960685316,0.49299093097953417,2.097900483305378,-0.8253085281929078,Audi,Q5,Petrol,Automatic,First,15,147348.0,3982.0,9209.25
TS 44 GO 6381,14500.0,1,2,3,0,3,-0.5519003831978171,-0.12887972301740874,0.8386065110188615,1.342085688235745,BMW,7 Series,Hybrid,Automatic,Third,6,105817.0,2497.0,15116.714285714286
AP 72 WW 9011,2500.0,10,31,2,1,0,0.732385336313082,0.9007683387062623,-1.2788729831221701,0.722991756486174,Toyota,Innova,Electric,Manual,First,12,174581.0,0.0,13429.307692307691
AP 77 LM 3903,2500.0,8,48,4,1,1,1.1604805761500483,1.6679882122825151,0.4162978253631812,1.319296529113734,Tata,Tiago,Petrol,Manual,Fourth & Above,14,225819.0,1999.0,15054.6
HR 88 WL 4137,4000.0,9,33,2,1,2,0.9464329562315652,0.8156281653748564,-1.2788729831221701,0.22204673732081023,Tesla,Model 3,Electric,Manual,Second,13,168895.0,0.0,12063.92857142857
UP 27 AG 7489,4400.0,3,7,2,0,0,-0.3378527632793339,0.0007321905170001972,-1.2788729831221701,1.0457886202467424,Honda,Amaze,Electric,Automatic,First,7,114473.0,0.0,14309.125
KA 17 IS 4734,13900.0,3,12,0,1,0,-1.622138482790233,-1.5414639072837062,0.24669594357375135,-2.0983278337246074,Honda,CR-V,CNG,Manual,First,1,11479.0,1799.0,5739.5
WB 87 UB 6292,2500.0,6,10,0,0,1,0.30429009647611566,0.7701681642784532,-0.43171158358396805,1.327915127219424,Maruti,Brezza,CNG,Automatic,Fourth & Above,10,165859.0,999.0,15078.09090909091
DL 07 IN 9723,6000.0,8,6,2,0,0,-0.12380514336085073,-0.5632203856667387,-1.2788729831221701,-1.0728884690250327,Tata,Altroz,Electric,Automatic,First,8,76810.0,0.0,8534.444444444445
KA 32 GF 6394,2500.0,5,44,0,1,2,1.5885758159870147,1.1771070476107814,0.4162978253631812,-0.03803104182264883,Mahindra,Scorpio,CNG,Manual,Second,16,193036.0,1999.0,11355.058823529413
DL 44 BK 9514,5100.0,7,11,4,0,3,0.9464329562315652,-0.060989194370804065,0.8386065110188615,-1.3121857047663679,Mercedes,C-Class,Petrol,Automatic,Third,13,110351.0,2497.0,7882.214285714285
AP 41 WC 3089,35400.0,1,0,0,1,0,-1.40809086287175,-1.1925179700140822,0.4154498159542341,0.049756571204810134,BMW,3 Series,CNG,Manual,First,2,34783.0,1998.0,11594.333333333334
AP 52 DT 7735,2500.0,10,30,4,1,0,1.3745281960685316,0.8130826448918562,0.585051697743664,-0.33511950711157734,Toyota,Highlander,Petrol,Manual,First,15,168725.0,2198.0,10545.3125
WB 04 OQ 6377,2500.0,1,2,2,1,3,1.5885758159870147,1.332323902474192,-1.2788729831221701,0.18568601053561673,BMW,7 Series,Electric,Manual,Third,16,203402.0,0.0,11964.823529411764
KL 93 TO 4046,4800.0,0,4,4,1,2,0.9464329562315652,0.09442231794130666,1.2592191778566475,-1.0401885997441138,Audi,A6,Petrol,Manual,Second,13,120730.0,2993.0,8623.57142857143
GJ 19 EP 6057,3900.0,1,1,2,0,3,1.3745281960685316,0.2529932703823176,-1.2788729831221701,-1.1928413733017427,BMW,5 Series,Electric,Automatic,Third,15,131320.0,0.0,8207.5
GJ 07 NL 4201,13000.0,0,39,0,1,0,-0.3378527632793339,-0.4727795402707325,0.8386065110188615,-0.4044847963837402,Audi,Q5,CNG,Manual,First,7,82850.0,2497.0,10356.25
AP 43 FD 8443,3600.0,1,1,2,0,3,1.1604805761500483,0.7346656403655508,-1.2788729831221701,-0.20528144399857204,BMW,5 Series,Electric,Automatic,Third,14,163488.0,0.0,10899.2
TS 95 MG 7558,3900.0,10,30,1,0,2,0.09024247655763246,0.6577310271793455,1.057392938527226,1.6056180986899105,Toyota,Highlander,Diesel,Automatic,Second,9,158350.0,2755.0,15835.0
WB 75 YL 1719,12400.0,2,36,0,1,2,-0.7659480031163003,-1.0705875388783737,1.4330611066908132,-1.5792385196693874,Ford,Mustang,CNG,Manual,Second,5,42926.0,3198.0,7154.333333333333
DL 03 FI 2657,4200.0,10,16,3,1,3,0.30429009647611566,-0.06197745526420413,0.24669594357375135,-0.5256838322450041,Toyota,Corolla,Hybrid,Manual,Third,10,110285.0,1799.0,10025.90909090909
TS 48 VF 9633,2800.0,10,31,4,0,2,0.732385336313082,0.46711646395233236,-0.00940289792828771,-0.09435624813627269,Toyota,Innova,Petrol,Automatic,Second,12,145620.0,1497.0,11201.538461538461
TS 77 NU 5006,4300.0,0,40,1,1,2,1.1604805761500483,0.27993086655241944,2.097900483305378,-0.9480885298057569,Audi,Q7,Diesel,Manual,Second,14,133119.0,3982.0,8874.6
HR 17 QS 9011,3300.0,10,26,1,0,2,0.30429009647611566,0.7965367617523551,0.585051697743664,1.3866510067245315,Toyota,Fortuner,Diesel,Automatic,Second,10,167620.0,2198.0,15238.181818181818
MH 42 WL 9609,38100.0,1,0,1,0,3,-1.622138482790233,-1.423321809572698,2.097900483305378,-0.6509436820357091,BMW,3 Series,Diesel,Automatic,Third,1,19369.0,3982.0,9684.5
DL 58 HM 4581,34300.0,9,35,2,1,2,-1.622138482790233,-1.4728396697920014,-1.2788729831221701,-1.2575975970718545,Tesla,Model Y,Electric,Manual,Second,1,16062.0,0.0,8031.0
HR 57 QL 4771,24800.0,7,28,3,0,0,-0.9799956230347835,-0.8209767950453565,0.8386065110188615,0.16894715795901383,Mercedes,GLE,Hybrid,Automatic,First,4,59596.0,2497.0,11919.2
KL 41 IM 1404,30000.0,0,3,2,0,1,-1.40809086287175,-1.2852497838447885,-1.2788729831221701,-0.7076283085086964,Audi,A4,Electric,Automatic,Fourth & Above,2,28590.0,0.0,9530.0
KA 16 CL 1627,6800.0,2,20,4,0,0,0.09024247655763246,-0.2577729013566176,-0.00940289792828771,-0.6375888574168307,Ford,EcoSport,Petrol,Automatic,First,9,97209.0,1497.0,9720.9
MH 97 WX 9898,5300.0,6,8,3,0,2,-0.5519003831978171,-0.7832581709472539,0.4162978253631812,-0.948465903185882,Maruti,Baleno,Hybrid,Automatic,Second,6,62115.0,1999.0,8873.57142857143
GJ 98 EM 4728,14400.0,7,11,2,0,0,-0.3378527632793339,-0.5436797725472373,-1.2788729831221701,-0.6216382804853541,Mercedes,C-Class,Electric,Automatic,First,7,78115.0,0.0,9764.375
TS 25 NY 7843,42000.0,1,1,0,0,1,-1.622138482790233,-1.508432035604304,1.2592191778566475,-1.6936472965096885,BMW,5 Series,CNG,Automatic,Fourth & Above,1,13685.0,2993.0,6842.5
WB 46 KH 7867,31600.0,1,54,1,1,3,-1.40809086287175,-1.2015620545536827,0.4154498159542341,-0.024110773756752787,BMW,X5,Diesel,Manual,Third,2,34179.0,1998.0,11393.0
UP 78 SM 7247,6100.0,8,6,4,1,2,-0.3378527632793339,-0.5166822817775355,-0.00940289792828771,-0.5389502695381081,Tata,Altroz,Petrol,Manual,Second,7,79918.0,1497.0,9989.75
KA 87 RF 1525,2700.0,1,54,4,0,1,1.1604805761500483,1.1104144109561767,1.2592191778566475,0.4085023819833662,BMW,X5,Petrol,Automatic,Fourth & Above,14,188582.0,2993.0,12572.133333333333
WB 68 CO 1941,35200.0,9,34,2,0,2,-1.622138482790233,-1.5626516218922077,-1.2788729831221701,-2.3579030649844035,Tesla,Model S,Electric,Automatic,Second,1,10064.0,0.0,5032.0
MH 69 NP 2126,2500.0,4,56,2,0,2,1.5885758159870147,0.6813893940213471,-1.2788729831221701,-0.7525184752948426,Hyundai,i20,Electric,Automatic,Second,16,159930.0,0.0,9407.64705882353
GJ 92 VO 5512,2500.0,8,29,2,1,3,0.732385336313082,1.3216926110451914,-1.2788729831221701,1.5163507481626224,Tata,Harrier,Electric,Manual,Third,12,202692.0,0.0,15591.692307692309
UP 06 XC 5717,4800.0,1,0,0,1,3,0.732385336313082,0.5893912890357408,2.097900483305378,0.1361076103543497,BMW,3 Series,CNG,Manual,Third,12,153786.0,3982.0,11829.692307692309
UP 94 NO 7302,7600.0,11,52,3,0,2,-0.7659480031163003,-0.5324944560719366,0.07624605237537437,0.6181926960083585,Volkswagen,Virtus,Hybrid,Automatic,Second,5,78862.0,1598.0,13143.666666666666
WB 09 WX 4559,2500.0,11,32,1,1,3,0.9464329562315652,0.6815990251199472,0.4162978253631812,-0.012527507505684368,Volkswagen,Jetta,Diesel,Manual,Third,13,159944.0,1999.0,11424.57142857143
DL 65 BO 1437,2500.0,5,9,4,0,1,0.9464329562315652,1.8009242760947244,0.07624605237537437,1.9464858455850305,Mahindra,Bolero,Petrol,Automatic,Fourth & Above,13,234697.0,1598.0,16764.071428571428
MH 42 VX 8606,8600.0,3,14,1,0,0,-0.9799956230347835,-0.9894752773700681,-0.43171158358396805,-0.6567772455368125,Honda,City,Diesel,Automatic,First,4,48343.0,999.0,9668.6
MH 22 AT 2646,2500.0,5,9,2,1,1,1.1604805761500483,0.19106225439591332,-1.2788729831221701,-1.0932549842252521,Mahindra,Bolero,Electric,Manual,Fourth & Above,14,127184.0,0.0,8478.933333333332
MH 28 WB 9721,2500.0,2,25,4,1,3,0.9464329562315652,0.9230341561075638,1.057392938527226,0.41002585229572375,Ford,F-150,Petrol,Manual,Third,13,176068.0,2755.0,12576.285714285714
TN 07 YM 4305,2500.0,1,54,4,0,3,1.3745281960685316,2.02588839219234,2.097900483305378,1.522173375496059,BMW,X5,Petrol,Automatic,Third,15,249721.0,3982.0,15607.5625
KA 29 DZ 3750,10700.0,1,53,4,1,3,0.09024247655763246,-0.349815927291924,0.8386065110188615,-0.8631166237142107,BMW,X3,Petrol,Manual,Third,9,91062.0,2497.0,9106.2
GJ 51 ND 4807,2700.0,9,33,2,0,2,1.3745281960685316,1.0385408914361718,-1.2788729831221701,0.0101476534077468,Tesla,Model 3,Electric,Automatic,Second,15,183782.0,0.0,11486.375
KA 85 IU 7045,19400.0,1,0,3,1,1,-0.7659480031163003,-0.8564343980085589,0.8386065110188615,-0.7046931822188329,BMW,3 Series,Hybrid,Manual,Fourth & Above,5,57228.0,2497.0,9538.0
KA 77 KU 7366,3900.0,10,13,2,1,2,0.30429009647611566,0.16104008634641126,-1.2788729831221701,-0.028913707685620505,Toyota,Camry,Electric,Manual,Second,10,125179.0,0.0,11379.90909090909
UP 58 MQ 4808,6600.0,11,32,3,0,0,-0.5519003831978171,-0.7765050548423534,-0.00940289792828771,-0.9248276539585893,Volkswagen,Jetta,Hybrid,Automatic,First,6,62566.0,1497.0,8938.0
DL 80 CB 3253,2500.0,6,23,4,0,2,1.5885758159870147,0.8124387779461562,0.4162978253631812,-0.56363446581775,Maruti,Ertiga,Petrol,Automatic,Second,16,168682.0,1999.0,9922.470588235294
MH 36 KU 1648,6600.0,4,17,4,1,1,-0.3378527632793339,-0.625615584800043,0.4162978253631812,-0.8725915782686763,Hyundai,Creta,Petrol,Manual,Fourth & Above,7,72643.0,1999.0,9080.375
WB 32 ZV 4644,3700.0,6,18,3,0,2,-0.3378527632793339,-0.05944690843110396,-0.26380572061243246,0.8614718615129755,Maruti,Dzire,Hybrid,Automatic,Second,7,110454.0,1197.0,13806.75
MH 27 EC 3845,14000.0,0,40,4,0,0,-0.5519003831978171,-0.7770291325888534,0.8386065110188615,-0.926662107889754,Audi,Q7,Petrol,Automatic,First,6,62531.0,2497.0,8933.0
DL 55 FT 5079,8900.0,0,4,2,0,2,0.09024247655763246,0.08907672492700629,-1.2788729831221701,0.21227695981312203,Audi,A6,Electric,Automatic,Second,9,120373.0,0.0,12037.3
MH 61 ON 9278,31600.0,7,27,2,1,3,-1.40809086287175,-1.1569256042017797,-1.2788729831221701,0.34045637083003244,Mercedes,GLC,Electric,Manual,Third,2,37160.0,0.0,12386.666666666666
HR 77 RE 3878,4100.0,0,40,4,0,1,0.732385336313082,1.259312385561787,0.4154498159542341,1.3987763623590548,Audi,Q7,Petrol,Automatic,Fourth & Above,12,198526.0,1998.0,15271.23076923077
KL 26 EG 1068,30400.0,7,28,0,0,0,-1.40809086287175,-1.350250398060693,1.2592191778566475,-1.2385192761877422,Mercedes,GLE,CNG,Automatic,First,2,24249.0,2993.0,8083.0
WB 76 CN 1636,10500.0,10,26,2,0,1,-0.7659480031163003,-0.6760468376632465,-1.2788729831221701,0.03196236807251316,Toyota,Fortuner,Electric,Automatic,Fourth & Above,5,69275.0,0.0,11545.833333333334
TN 84 MN 5043,3000.0,3,14,3,0,1,0.5183377163945988,-0.03465054419670224,0.4162978253631812,-0.7764203309273703,Honda,City,Hybrid,Automatic,Fourth & Above,11,112110.0,1999.0,9342.5
MH 33 HT 3644,3100.0,1,54,4,1,3,1.3745281960685316,2.1897600166979516,2.097900483305378,1.7731266732793813,BMW,X5,Petrol,Manual,Third,15,260665.0,3982.0,16291.5625
MH 55 IW 5951,2500.0,10,13,2,1,2,1.1604805761500483,1.3844471777760956,-1.2788729831221701,0.8561336005732867,Toyota,Camry,Electric,Manual,Second,14,206883.0,0.0,13792.2
DL 96 MW 6047,6300.0,6,23,4,1,3,-0.9799956230347835,-0.8242410507235567,-0.26380572061243246,0.15295071967925808,Maruti,Ertiga,Petrol,Manual,Third,4,59378.0,1197.0,11875.6
MH 23 LF 3200,23700.0,10,16,2,0,3,-1.622138482790233,-1.5741663586653085,-1.2788729831221701,-2.498972572290964,Toyota,Corolla,Electric,Automatic,Third,1,9295.0,0.0,4647.5
MH 98 GI 7697,5100.0,1,54,0,1,2,0.5183377163945988,0.4537599682415315,0.8386065110188615,0.22084997451809812,BMW,X5,CNG,Manual,Second,11,144728.0,2497.0,12060.666666666666
DL 62 PV 2651,3100.0,5,47,4,0,0,0.5183377163945988,-0.2441169326478167,-0.00940289792828771,-1.2041232649784053,Mahindra,Thar,Petrol,Automatic,First,11,98121.0,1497.0,8176.75
TN 49 TQ 5355,5500.0,10,13,0,1,0,-0.12380514336085073,0.16093527079711126,-0.26380572061243246,0.8986195536190594,Toyota,Camry,CNG,Manual,First,8,125172.0,1197.0,13908.0
AP 79 BL 6410,7600.0,5,9,3,0,2,-0.5519003831978171,-0.4165085639465286,-0.00940289792828771,0.3352849578431307,Mahindra,Bolero,Hybrid,Automatic,Second,6,86608.0,1497.0,12372.57142857143
DL 48 OT 8785,11800.0,3,15,1,1,0,-1.40809086287175,-1.174025512387581,0.24669594357375135,0.20079327820403164,Honda,Civic,Diesel,Manual,First,2,36018.0,1799.0,12006.0
TS 87 OH 8938,3200.0,6,18,3,1,3,0.30429009647611566,-0.45758128562223144,-0.43171158358396805,-1.4068887933608165,Maruti,Dzire,Hybrid,Manual,Third,10,83865.0,999.0,7624.090909090909
DL 92 EQ 9267,2500.0,8,48,2,1,1,1.1604805761500483,0.7651370179120529,-1.2788729831221701,-0.15550659399963845,Tata,Tiago,Electric,Manual,Fourth & Above,14,165523.0,0.0,11034.866666666667
KL 85 RH 4987,24400.0,10,16,0,0,2,-1.622138482790233,-1.4412302948530993,0.07624605237537437,-0.8703443722029996,Toyota,Corolla,CNG,Automatic,Second,1,18173.0,1598.0,9086.5
DL 93 IV 8803,4700.0,1,1,4,1,3,1.1604805761500483,0.25926722969041804,2.097900483305378,-0.9818424821391861,BMW,5 Series,Petrol,Manual,Third,14,131739.0,3982.0,8782.6
UP 99 TC 6623,2500.0,11,38,2,1,3,0.732385336313082,1.4350431407881992,-1.2788729831221701,1.7299940752228726,Volkswagen,Polo,Electric,Manual,Third,12,210262.0,0.0,16174.0
UP 25 XD 7025,10000.0,8,6,4,0,0,-1.1940432429532666,-0.9624628129504662,-0.43171158358396805,0.3955205629971578,Tata,Altroz,Petrol,Automatic,First,3,50147.0,999.0,12536.75
TS 87 ZE 9515,12900.0,2,25,4,1,1,-0.9799956230347835,-0.8735792271440601,2.9196216005751654,-0.08883030844824104,Ford,F-150,Petrol,Manual,Fourth & Above,4,56083.0,4951.0,11216.6
HR 29 PV 8467,2500.0,11,32,2,0,2,0.9464329562315652,0.6606209416100457,-1.2788729831221701,-0.04924279261370831,Volkswagen,Jetta,Electric,Automatic,Second,13,158543.0,0.0,11324.5
UP 62 UG 9110,8200.0,2,22,4,0,3,-0.3378527632793339,-0.6671075686729458,0.585051697743664,-0.9996733743501065,Ford,Endeavour,Petrol,Automatic,Third,7,69872.0,2198.0,8734.0
AP 39 VF 1353,3100.0,7,28,1,1,0,1.3745281960685316,2.3220971345141606,0.8386065110188615,1.9757879713247946,Mercedes,GLE,Diesel,Manual,First,15,269503.0,2497.0,16843.9375
HR 37 WG 9978,4900.0,6,18,3,0,1,-0.5519003831978171,-0.5717703397596393,-0.43171158358396805,-0.2081851225067588,Maruti,Dzire,Hybrid,Automatic,Fourth & Above,6,76239.0,999.0,10891.285714285714
MH 57 WP 5769,2500.0,8,37,4,0,1,0.732385336313082,0.3676165603668255,0.4162978253631812,-0.2818938846376419,Tata,Nexon,Petrol,Automatic,Fourth & Above,12,138975.0,1999.0,10690.384615384615
MH 49 NV 3756,3900.0,2,24,4,0,0,0.30429009647611566,0.7156491049925495,0.4162978253631812,1.206474276976325,Ford,Explorer,Petrol,Automatic,First,10,162218.0,1999.0,14747.09090909091
MH 81 XM 5014,9400.0,10,13,4,1,3,-0.7659480031163003,-0.35933916862832466,0.24669594357375135,1.325313538007954,Toyota,Camry,Petrol,Manual,Third,5,90426.0,1799.0,15071.0
WB 85 CY 8596,6000.0,10,13,0,1,1,0.09024247655763246,-0.06762252127650452,0.4162978253631812,-0.17167424797963643,Toyota,Camry,CNG,Manual,Fourth & Above,9,109908.0,1999.0,10990.8
WB 86 QH 1377,4100.0,11,52,4,1,0,-0.12380514336085073,0.04406593332760319,-0.43171158358396805,0.5804437106692818,Volkswagen,Virtus,Petrol,Manual,First,8,117367.0,999.0,13040.777777777777
AP 39 SE 2629,10900.0,0,40,0,1,1,-0.12380514336085073,0.09660847082670682,2.097900483305378,0.7234903516572085,Audi,Q7,CNG,Manual,Fourth & Above,8,120876.0,3982.0,13430.666666666666
UP 69 WZ 3033,2600.0,4,21,2,0,0,0.5183377163945988,0.32889470172542284,-1.2788729831221701,-0.03410854768160006,Hyundai,Elantra,Electric,Automatic,First,11,136389.0,0.0,11365.75
UP 27 UF 2438,3900.0,1,0,4,0,3,0.5183377163945988,1.0807516105042747,0.4154498159542341,1.5010847988457123,BMW,3 Series,Petrol,Automatic,Third,11,186601.0,1998.0,15550.083333333334
WB 01 HJ 1756,2500.0,6,10,3,0,2,1.3745281960685316,1.2428039365470358,0.07624605237537437,0.32295644468252666,Maruti,Brezza,Hybrid,Automatic,Second,15,197423.5,1598.0,12338.96875
TN 31 BG 3321,8800.0,6,10,3,0,2,-1.40809086287175,-1.3875497599615956,0.4162978253631812,-1.543160925689816,Maruti,Brezza,Hybrid,Automatic,Second,2,21758.0,1999.0,7252.666666666667
HR 34 MU 3675,3900.0,7,19,3,0,2,0.732385336313082,0.809376666541606,2.097900483305378,0.5507365323498146,Mercedes,E-Class,Hybrid,Automatic,Second,12,168477.5,3982.0,12959.807692307691
WB 90 UG 7097,2500.0,8,6,1,1,0,1.1604805761500483,1.9996545575675384,0.4162978253631812,1.8610719234510231,Tata,Altroz,Diesel,Manual,First,14,247969.0,1999.0,16531.266666666666
DL 10 ID 9707,28400.0,0,4,2,0,0,-1.1940432429532666,-0.9510079707769654,-1.2788729831221701,0.46568842586420517,Audi,A6,Electric,Automatic,First,3,50912.0,0.0,12728.0
DL 36 AD 7179,12600.0,3,7,3,0,3,-1.1940432429532666,-1.2710397900896875,-0.00940289792828771,-1.4947007676748838,Honda,Amaze,Hybrid,Automatic,Third,3,29539.0,1497.0,7384.75
UP 37 RI 2623,3500.0,1,54,0,0,1,0.9464329562315652,1.389927533639496,0.4154498159542341,1.2271702526906458,BMW,X5,CNG,Automatic,Fourth & Above,13,207249.0,1998.0,14803.5
TN 88 QW 3547,6900.0,10,16,3,0,1,-0.5519003831978171,-0.10595506502050717,0.24669594357375135,1.422329944481832,Toyota,Corolla,Hybrid,Automatic,Fourth & Above,6,107348.0,1799.0,15335.42857142857
KL 24 OL 8678,2500.0,11,32,4,0,2,0.732385336313082,0.46377734002463217,0.4162978253631812,-0.10064983623857583,Volkswagen,Jetta,Petrol,Automatic,Second,12,145397.0,1999.0,11184.384615384615
TS 12 UC 2256,2600.0,6,10,1,0,0,-0.12380514336085073,0.43224283333522995,-0.00940289792828771,1.6372522375917717,Maruti,Brezza,Diesel,Automatic,First,8,143291.0,1497.0,15921.222222222223
AP 87 QX 3235,4700.0,9,33,2,0,0,1.1604805761500483,0.3282358611298228,-1.2788729831221701,-0.869182551379929,Tesla,Model 3,Electric,Automatic,First,14,136345.0,0.0,9089.666666666666
WB 68 VT 1693,2500.0,5,9,4,0,3,0.9464329562315652,0.6850729118967475,-0.26380572061243246,-0.006447603048110526,Mahindra,Bolero,Petrol,Automatic,Third,13,160176.0,1197.0,11441.142857142857
MH 66 LB 7925,4600.0,0,40,0,1,2,0.5183377163945988,0.7831353450918542,0.4154498159542341,0.8933913599152402,Audi,Q7,CNG,Manual,Second,11,166725.0,1998.0,13893.75
HR 28 AX 7449,3000.0,5,9,1,1,3,0.5183377163945988,0.24092450856291678,-0.00940289792828771,-0.21373216177480428,Mahindra,Bolero,Diesel,Manual,Third,11,130514.0,1497.0,10876.166666666666
KL 43 JL 2755,2500.0,1,53,2,1,3,1.3745281960685316,2.252903898326256,-1.2788729831221701,1.8698253261258972,BMW,X3,Electric,Manual,Third,15,264882.0,0.0,16555.125
GJ 20 ND 8985,3100.0,10,41,2,0,2,0.5183377163945988,0.2820720984881196,-1.2788729831221701,-0.1297141717274639,Toyota,RAV4,Electric,Automatic,Second,11,133262.0,0.0,11105.166666666666
HR 14 OV 8198,6800.0,10,16,3,0,1,-0.12380514336085073,-0.4455424711026306,-0.26380572061243246,-0.752511281357858,Toyota,Corolla,Hybrid,Automatic,Fourth & Above,8,84669.0,1197.0,9407.666666666666
AP 54 XK 1517,9400.0,2,24,1,1,2,-0.7659480031163003,-0.539756676273437,-0.00940289792828771,0.5885356907878639,Ford,Explorer,Diesel,Manual,Second,5,78377.0,1497.0,13062.833333333334
WB 92 EK 7551,22800.0,2,24,4,0,1,-1.622138482790233,-1.3760200495385948,0.24669594357375135,-0.07143968518080042,Ford,Explorer,Petrol,Automatic,Fourth & Above,1,22528.0,1799.0,11264.0
WB 31 BV 6605,2500.0,6,18,4,1,2,0.732385336313082,-0.05727572919560381,-0.00940289792828771,-1.0827318038796068,Maruti,Dzire,Petrol,Manual,Second,12,110599.0,1497.0,8507.615384615385
MH 94 QF 5087,2500.0,8,48,3,1,1,1.5885758159870147,1.2761427680493882,-1.2788729831221701,0.10471105583291442,Tata,Tiago,Hybrid,Manual,Fourth & Above,16,199650.0,0.0,11744.117647058823
KA 90 XQ 3968,9400.0,7,11,2,1,1,-0.12380514336085073,0.4657538618114323,-1.2788729831221701,1.728485746435026,Mercedes,C-Class,Electric,Manual,Fourth & Above,8,145529.0,0.0,16169.888888888889
UP 26 CB 7231,5700.0,1,2,4,0,2,0.732385336313082,0.15918335375881112,0.8386065110188615,-0.6747492495885917,BMW,7 Series,Petrol,Automatic,Second,12,125055.0,2497.0,9619.615384615385
AP 83 BJ 2803,4500.0,8,48,1,0,1,-0.3378527632793339,-0.06727812732880449,0.07624605237537437,0.8374863763629979,Tata,Tiago,Diesel,Automatic,Fourth & Above,7,109931.0,1598.0,13741.375
TN 85 XK 4473,7800.0,7,27,1,0,0,-0.12380514336085073,0.43216796508572997,0.8386065110188615,1.6370484093771975,Mercedes,GLC,Diesel,Automatic,First,8,143286.0,2497.0,15920.666666666666
KA 13 VA 3134,8900.0,7,28,1,0,1,-0.12380514336085073,0.35423011735622456,1.2592191778566475,1.4248632380058217,Mercedes,GLE,Diesel,Automatic,Fourth & Above,8,138081.0,2993.0,15342.333333333334
UP 50 CD 3137,6800.0,4,50,0,0,2,-0.7659480031163003,-0.507937670235935,0.4162978253631812,0.7184761775786921,Hyundai,Tucson,CNG,Automatic,Second,5,80502.0,1999.0,13417.0
GJ 80 KJ 8769,2500.0,11,38,1,1,1,1.3745281960685316,1.4705306910512017,-0.43171158358396805,0.6716976023339939,Volkswagen,Polo,Diesel,Manual,Fourth & Above,15,212632.0,999.0,13289.5
KA 56 CP 7864,6400.0,1,2,0,0,3,0.732385336313082,-0.17070112718811162,1.2592191778566475,-1.2965162427807164,BMW,7 Series,CNG,Automatic,Third,12,103024.0,2993.0,7924.923076923077
DL 95 MP 9723,2500.0,6,23,1,0,0,1.5885758159870147,0.634611711733744,0.24669594357375135,-0.8199400527178818,Maruti,Ertiga,Diesel,Automatic,First,16,156806.0,1799.0,9223.882352941177
MH 01 FS 4568,2500.0,6,46,0,0,1,0.5183377163945988,0.3708209214454257,0.24669594357375135,0.05149930243941654,Maruti,Swift,CNG,Automatic,Fourth & Above,11,139189.0,1799.0,11599.083333333334
GJ 16 FH 1747,32600.0,0,3,3,0,2,-1.40809086287175,-1.2647658307815872,1.2592191778566475,-0.5403261099864816,Audi,A4,Hybrid,Automatic,Second,2,29958.0,2993.0,9986.0
DL 27 RD 1022,4800.0,6,8,3,1,3,-0.3378527632793339,-0.8100160833185558,-0.43171158358396805,-1.4373740823259888,Maruti,Baleno,Hybrid,Manual,Third,7,60328.0,999.0,7541.0
HR 42 BU 1170,9900.0,11,49,0,0,2,-0.7659480031163003,-0.799759133137055,0.07624605237537437,-0.47324624457022774,Volkswagen,Tiguan,CNG,Automatic,Second,5,61013.0,1598.0,10168.833333333334
WB 82 TR 4377,4600.0,4,45,0,1,1,-0.12380514336085073,-0.4701591515382323,0.4162978253631812,-0.8195299983097392,Hyundai,Sonata,CNG,Manual,Fourth & Above,8,83025.0,1999.0,9225.0
AP 48 EP 2535,7300.0,5,55,2,1,1,-0.5519003831978171,-0.7033138541311483,-1.2788729831221701,-0.6686330592290826,Mahindra,XUV700,Electric,Manual,Fourth & Above,6,67454.0,0.0,9636.285714285714
MH 23 MV 4077,13400.0,5,55,1,0,2,-1.40809086287175,-1.351747763050693,1.4330611066908132,-1.250748969062173,Mahindra,XUV700,Diesel,Automatic,Second,2,24149.0,3198.0,8049.666666666667
TN 78 DM 7291,2500.0,3,5,2,1,2,1.1604805761500483,0.8997800778128622,-1.2788729831221701,0.06443220265412723,Honda,Accord,Electric,Manual,Second,14,174515.0,0.0,11634.333333333334
WB 77 AZ 1153,2500.0,10,13,4,1,2,1.5885758159870147,2.0859027809915442,-0.43171158358396805,1.271833810461766,Toyota,Camry,Petrol,Manual,Second,16,253729.0,999.0,14925.235294117647
KL 20 HB 9905,5400.0,3,7,1,0,1,-0.5519003831978171,-0.4977256410041342,-0.26380572061243246,0.050997011482073806,Honda,Amaze,Diesel,Automatic,Fourth & Above,6,81184.0,1197.0,11597.714285714286
AP 19 AH 1393,5500.0,9,35,2,0,0,0.9464329562315652,-0.09716553252920655,-1.2788729831221701,-1.3755005718762787,Tesla,Model Y,Electric,Automatic,First,13,107935.0,0.0,7709.642857142857
KA 29 DJ 6854,21400.0,1,54,1,0,0,-0.9799956230347835,-1.0917003852373752,2.097900483305378,-1.1577299250592514,BMW,X5,Diesel,Automatic,First,4,41516.0,3982.0,8303.2
TS 77 FV 7967,6700.0,3,7,4,1,2,-0.5519003831978171,-0.8180120123651563,-0.26380572061243246,-1.0701164053068286,Honda,Amaze,Petrol,Manual,Second,6,59794.0,1197.0,8542.0
KA 01 EY 3401,9100.0,2,25,2,0,3,-0.3378527632793339,-0.48847192536593353,-1.2788729831221701,-0.4525474893802537,Ford,F-150,Electric,Automatic,Third,7,81802.0,0.0,10225.25
HR 19 CK 3089,9600.0,4,45,2,1,0,-0.9799956230347835,-0.9039457891412622,-1.2788729831221701,-0.23764121134431648,Hyundai,Sonata,Electric,Manual,First,4,54055.0,0.0,10811.0
WB 32 MN 9144,13000.0,2,20,2,0,2,-0.7659480031163003,-0.8349771577018574,-1.2788729831221701,-0.6170674327735353,Ford,EcoSport,Electric,Automatic,Second,5,58661.0,0.0,9776.833333333334
DL 90 CH 6926,11700.0,6,23,2,1,1,-1.622138482790233,-1.4496604597468,-1.2788729831221701,-0.9736241285275687,Maruti,Ertiga,Electric,Manual,Fourth & Above,1,17610.0,0.0,8805.0
MH 38 OE 7898,2500.0,10,16,1,1,0,1.5885758159870147,1.1148615849764771,-0.00940289792828771,-0.12774662996207717,Toyota,Corolla,Diesel,Manual,First,16,188879.0,1497.0,11110.529411764706
KA 85 SC 8812,10300.0,1,1,1,0,0,0.09024247655763246,-0.5367319989936369,2.097900483305378,-1.3211063921687742,BMW,5 Series,Diesel,Automatic,First,9,78579.0,3982.0,7857.9
MH 61 XE 9641,2500.0,0,4,1,1,0,1.5885758159870147,0.57861026110774,2.097900483305378,-0.9006560256891258,Audi,A6,Diesel,Manual,First,16,153066.0,3982.0,9003.882352941177
WB 05 TY 3843,33800.0,9,35,2,0,0,-1.622138482790233,-1.4967675623322032,-1.2788729831221701,-1.5507433352719633,Tesla,Model Y,Electric,Automatic,First,1,14464.0,0.0,7232.0
AP 21 IC 9544,2500.0,6,8,2,0,3,1.5885758159870147,1.3377593373878924,-1.2788729831221701,0.193520207912238,Maruti,Baleno,Electric,Automatic,Third,16,203765.0,0.0,11986.176470588236
KL 62 KU 7637,3600.0,8,29,2,1,0,0.30429009647611566,0.10241824698790722,-1.2788729831221701,-0.15949347387670296,Tata,Harrier,Electric,Manual,First,10,121264.0,0.0,11024.0
UP 43 AH 5623,2500.0,8,29,1,0,0,1.3745281960685316,1.9415268486557342,-0.43171158358396805,1.3929819573937894,Tata,Harrier,Diesel,Automatic,First,15,244087.0,999.0,15255.4375
KA 73 SB 8926,3000.0,2,22,3,1,2,0.9464329562315652,0.02178514227640165,0.585051697743664,-1.1673162571738231,Ford,Endeavour,Hybrid,Manual,Second,13,115879.0,2198.0,8277.07142857143
AP 93 LE 2595,8900.0,10,13,3,0,1,-0.5519003831978171,-0.8774124815184604,0.24669594357375135,-1.2780386551619745,Toyota,Camry,Hybrid,Automatic,Fourth & Above,6,55827.0,1799.0,7975.285714285715
TN 38 FE 8587,2500.0,4,17,4,0,1,0.9464329562315652,0.882829906126061,0.24669594357375135,0.33966144079319466,Hyundai,Creta,Petrol,Automatic,Fourth & Above,13,173383.0,1799.0,12384.5
TS 38 LT 8059,3100.0,3,15,1,1,3,0.09024247655763246,0.619937534831743,0.07624605237537437,1.5130148642447196,Honda,Civic,Diesel,Manual,Third,9,155826.0,1598.0,15582.6
KL 13 ZA 3336,13700.0,10,31,0,1,2,-0.9799956230347835,-1.0162930843409699,0.24669594357375135,-0.7881975251654474,Toyota,Innova,CNG,Manual,Second,4,46552.0,1799.0,9310.4
TS 46 CC 3935,3000.0,7,42,1,0,2,1.1604805761500483,1.0517775979477728,0.4154498159542341,0.31271942739082365,Mercedes,S-Class,Diesel,Automatic,Second,14,184666.0,1998.0,12311.066666666668
KL 06 LJ 7568,9400.0,9,35,2,1,0,-0.12380514336085073,0.49983388898383463,-1.2788729831221701,1.8212683497090418,Tesla,Model Y,Electric,Manual,First,8,147805.0,0.0,16422.777777777777
GJ 58 IV 1699,2500.0,8,48,3,0,3,0.732385336313082,0.5618846941694389,-0.43171158358396805,0.08426312002281953,Tata,Tiago,Hybrid,Automatic,Third,12,151949.0,999.0,11688.384615384615
AP 10 HM 8573,6700.0,0,3,1,1,3,0.09024247655763246,0.3563114546923247,2.097900483305378,0.8670669460030277,Audi,A4,Diesel,Manual,Third,9,138220.0,3982.0,13822.0
KA 51 YN 4268,7800.0,11,38,1,1,0,-0.7659480031163003,-0.712163281222049,-1.2788729831221701,-0.11552772799312362,Volkswagen,Polo,Diesel,Manual,First,5,66863.0,0.0,11143.833333333334
KL 05 RE 8699,2500.0,8,43,2,1,1,1.1604805761500483,0.7034755276238487,-1.2788729831221701,-0.2562303445134512,Tata,Safari,Electric,Manual,Fourth & Above,14,161405.0,0.0,10760.333333333334
KL 28 BG 1375,10000.0,2,24,2,1,3,-0.5519003831978171,-0.40999502624002815,-1.2788729831221701,0.358084599559034,Ford,Explorer,Electric,Manual,Third,6,87043.0,0.0,12434.714285714286
KL 54 QG 5250,4700.0,11,52,1,1,3,-0.12380514336085073,-0.42755911757272935,0.07624605237537437,-0.7035517442172193,Volkswagen,Virtus,Diesel,Manual,Third,8,85870.0,1598.0,9541.111111111111
KL 61 RW 3632,2500.0,2,36,3,1,2,1.1604805761500483,1.8804493307136299,1.4330611066908132,1.666350753504334,Ford,Mustang,Hybrid,Manual,Second,14,240008.0,3198.0,16000.533333333333
UP 79 EK 6185,17800.0,9,35,2,1,0,-0.7659480031163003,-0.38202424822682624,-1.2788729831221701,1.2326736144841397,Tesla,Model Y,Electric,Manual,First,5,88911.0,0.0,14818.5
TN 58 EU 8361,17700.0,10,16,3,1,1,-1.40809086287175,-1.1492291481531791,-0.26380572061243246,0.40331699220460754,Toyota,Corolla,Hybrid,Manual,Fourth & Above,2,37674.0,1197.0,12558.0
DL 25 VS 1235,2500.0,11,38,2,1,1,1.3745281960685316,0.6481329175934448,-0.26380572061243246,-0.5877238134329478,Volkswagen,Polo,Electric,Manual,Fourth & Above,15,157709.0,1197.0,9856.8125
TS 70 NQ 6502,2500.0,4,50,4,0,1,1.5885758159870147,0.9600190713605664,0.07624605237537437,-0.3509241370464716,Hyundai,Tucson,Petrol,Automatic,Fourth & Above,16,178538.0,1598.0,10502.235294117647
WB 89 VN 5640,12200.0,3,5,0,1,1,-1.40809086287175,-1.319913783363291,0.07624605237537437,-0.9907456985517717,Honda,Accord,CNG,Manual,Fourth & Above,2,26275.0,1598.0,8758.333333333334
AP 14 PX 9924,3500.0,9,34,2,1,0,0.9464329562315652,1.8446922547524274,-1.2788729831221701,2.023087400453519,Tesla,Model S,Electric,Manual,First,13,237620.0,0.0,16972.85714285714
DL 61 DL 8601,2500.0,3,14,1,1,1,1.3745281960685316,1.649181308008114,0.24669594357375135,0.9452834754930599,Honda,City,Diesel,Manual,Fourth & Above,15,224563.0,1799.0,14035.1875
AP 87 HA 7792,2500.0,8,6,0,0,3,1.5885758159870147,2.516215531817774,0.4162978253631812,1.892051893683052,Tata,Altroz,CNG,Automatic,Third,16,282467.0,1999.0,16615.70588235294
AP 31 RM 4156,2500.0,10,13,0,0,3,1.5885758159870147,0.6081233250606422,-0.26380572061243246,-0.8581182762970615,Toyota,Camry,CNG,Automatic,Third,16,155037.0,1197.0,9119.823529411764
GJ 21 NH 2631,2900.0,0,40,0,0,2,1.3745281960685316,1.9329020263133334,2.097900483305378,1.379773889089404,Audi,Q7,CNG,Automatic,Second,15,243511.0,3982.0,15219.4375
KA 04 NA 3507,3100.0,9,33,2,1,3,0.9464329562315652,1.1350011440919785,-1.2788729831221701,0.781004850146675,Tesla,Model 3,Electric,Manual,Third,13,190224.0,0.0,13587.42857142857
DL 39 GR 5018,2500.0,10,26,1,0,3,1.1604805761500483,1.1788439909991815,0.821222318135445,0.5202817748556645,Toyota,Fortuner,Diesel,Automatic,Third,14,193152.0,2476.5,12876.8
UP 16 DE 5627,8600.0,9,35,2,1,0,-0.12380514336085073,0.0661221196303047,-1.2788729831221701,0.6404915026827379,Tesla,Model Y,Electric,Manual,First,8,118840.0,0.0,13204.444444444445
AP 10 PU 2250,5000.0,7,19,1,0,0,1.1604805761500483,0.19146654294321336,2.097900483305378,-1.0925945808100326,Mercedes,E-Class,Diesel,Automatic,First,14,127211.0,3982.0,8480.733333333334
MH 85 SU 1515,19800.0,1,54,2,1,2,-0.9799956230347835,-0.6483905062979446,-1.2788729831221701,1.0147037983831575,BMW,X5,Electric,Manual,Second,4,71122.0,0.0,14224.4
KA 25 TA 9781,8100.0,3,12,0,1,2,-0.7659480031163003,-0.7003640451008482,0.24669594357375135,-0.06734273806786628,Honda,CR-V,CNG,Manual,Second,5,67651.0,1799.0,11275.166666666666
MH 35 IP 4264,3000.0,10,26,1,1,3,0.732385336313082,0.14961519147271046,1.057392938527226,-0.6927833428503485,Toyota,Fortuner,Diesel,Manual,Third,12,124416.0,2755.0,9570.461538461539
DL 88 WI 7436,4800.0,3,12,2,0,2,-0.3378527632793339,-0.32186012292862204,-1.2788729831221701,0.057751732921469116,Honda,CR-V,Electric,Automatic,Second,7,92929.0,0.0,11616.125
HR 41 TD 7275,5700.0,3,7,0,0,1,-0.3378527632793339,-0.6738906320776463,-1.2788729831221701,-1.020448565120546,Honda,Amaze,CNG,Automatic,Fourth & Above,7,69419.0,0.0,8677.375
HR 76 NJ 9691,9500.0,8,29,4,0,2,-0.7659480031163003,-0.7815661485085538,-0.43171158358396805,-0.39895086035806,Tata,Harrier,Petrol,Automatic,Second,5,62228.0,999.0,10371.333333333334
DL 85 LL 3376,2500.0,4,17,2,1,3,1.5885758159870147,0.5413857674563375,-1.2788729831221701,-0.9543084077229527,Hyundai,Creta,Electric,Manual,Third,16,150580.0,0.0,8857.64705882353
DL 72 CM 5646,2500.0,4,21,3,1,1,1.5885758159870147,0.982165099562668,0.24669594357375135,-0.3190046386442069,Hyundai,Elantra,Hybrid,Manual,Fourth & Above,16,180017.0,1799.0,10589.235294117647
TS 26 GB 9092,8000.0,0,4,0,1,1,0.30429009647611566,-0.3297212891261226,2.097900483305378,-1.122081482120547,Audi,A6,CNG,Manual,Fourth & Above,10,92404.0,3982.0,8400.363636363636
HR 03 UZ 1076,5400.0,5,47,1,0,1,-0.12380514336085073,-0.22803523265521558,-0.26380572061243246,-0.16034955237791335,Mahindra,Thar,Diesel,Automatic,Fourth & Above,8,99195.0,1197.0,11021.666666666666
KL 13 ZN 5931,2500.0,5,44,0,1,3,0.732385336313082,1.2755138747535881,0.4162978253631812,1.429312964720903,Mahindra,Scorpio,CNG,Manual,Third,12,199608.0,1999.0,15354.461538461539
KL 64 UD 7126,18800.0,7,27,3,0,0,-0.7659480031163003,-0.7663678938600528,2.097900483305378,-0.33688516902032334,Mercedes,GLC,Hybrid,Automatic,First,5,63243.0,3982.0,10540.5
KA 25 XZ 7043,2500.0,0,3,1,1,3,1.5885758159870147,0.8043829542999557,2.097900483305378,-0.5752454801114746,Audi,A4,Diesel,Manual,Third,16,168144.0,3982.0,9890.823529411764
UP 49 IW 3790,2500.0,6,46,4,1,3,1.3745281960685316,0.7287360750051505,-0.43171158358396805,-0.4642879945397073,Maruti,Swift,Petrol,Manual,Third,15,163092.0,999.0,10193.25
DL 74 PV 9029,20300.0,2,22,1,0,1,-1.40809086287175,-1.4037662228032968,0.585051697743664,-1.6756084995199028,Ford,Endeavour,Diesel,Automatic,Fourth & Above,2,20675.0,2198.0,6891.666666666667
DL 89 CC 9103,42400.0,7,27,3,1,3,-1.622138482790233,-1.5289758832671054,0.8386065110188615,-1.9453343758654766,Mercedes,GLC,Hybrid,Manual,Third,1,12313.0,2497.0,6156.5
DL 76 YQ 9420,2500.0,10,16,2,1,1,1.5885758159870147,1.852658236499228,-1.2788729831221701,0.9356539412176299,Toyota,Corolla,Electric,Manual,Fourth & Above,16,238152.0,0.0,14008.941176470587
KL 80 QG 7556,12600.0,4,50,4,1,2,-1.40809086287175,-1.2117740837854836,-0.00940289792828771,-0.10751727916037182,Hyundai,Tucson,Petrol,Manual,Second,2,33497.0,1497.0,11165.666666666666
KA 31 AO 4064,12200.0,1,0,0,1,2,-0.12380514336085073,-0.1921433938449131,2.097900483305378,-0.06263430631121016,BMW,3 Series,CNG,Manual,Second,8,101592.0,3982.0,11288.0
MH 51 QN 9321,39000.0,7,11,3,1,0,-1.622138482790233,-1.4523706903787001,1.2592191778566475,-1.0068277446816487,Mercedes,C-Class,Hybrid,Manual,First,1,17429.0,2993.0,8714.5
AP 23 TI 9676,12800.0,4,21,2,0,2,-1.40809086287175,-1.3713033498200944,-1.2788729831221701,-1.410468758002241,Hyundai,Elantra,Electric,Automatic,Second,2,22843.0,0.0,7614.333333333333
TN 74 IH 2078,23500.0,0,40,1,1,2,-1.1940432429532666,-1.2869717535832887,0.4154498159542341,-1.5922937168128424,Audi,Q7,Diesel,Manual,Second,3,28475.0,1998.0,7118.75
HR 64 GF 4335,3200.0,6,46,2,0,1,-0.12380514336085073,-0.09462749887115639,-1.2788729831221701,0.2028519431712276,Maruti,Swift,Electric,Automatic,Fourth & Above,8,108104.5,0.0,12011.611111111111
UP 62 XJ 4909,5600.0,4,51,4,1,2,-0.3378527632793339,-0.10276567759180695,0.24669594357375135,0.7287949809414932,Hyundai,Verna,Petrol,Manual,Second,7,107561.0,1799.0,13445.125
AP 43 AF 5322,2700.0,2,25,2,1,0,1.1604805761500483,0.34789626344852415,-1.2788729831221701,-0.8370673778916728,Ford,F-150,Electric,Manual,First,14,137658.0,0.0,9177.2
TN 03 SV 5762,2500.0,3,5,0,1,1,1.5885758159870147,1.6994179034226173,-0.26380572061243246,0.7147856879054076,Honda,Accord,CNG,Manual,Fourth & Above,16,227918.0,1197.0,13406.941176470587
TS 70 IV 8970,4700.0,1,2,4,0,3,0.5183377163945988,0.9092883454993629,2.097900483305378,1.1509792660829414,BMW,7 Series,Petrol,Automatic,Third,11,175150.0,3982.0,14595.833333333334
WB 03 EN 4608,36800.0,7,27,3,0,0,-1.40809086287175,-1.4336236807038987,1.2592191778566475,-1.9194685754360554,Mercedes,GLC,Hybrid,Automatic,First,2,18681.0,2993.0,6227.0
DL 49 UD 5487,9200.0,11,32,2,0,2,-0.7659480031163003,-0.712073439322649,-1.2788729831221701,-0.1151608372068907,Volkswagen,Jetta,Electric,Automatic,Second,5,66869.0,0.0,11144.833333333334
TN 75 QW 6624,2900.0,11,52,3,0,1,0.5183377163945988,0.09696783842430684,-0.00940289792828771,-0.507672830011751,Volkswagen,Virtus,Hybrid,Automatic,Fourth & Above,11,120900.0,1497.0,10075.0
WB 19 OV 3461,24900.0,0,3,3,0,0,-1.1940432429532666,-0.9478036096983653,0.4154498159542341,0.4853170829276668,Audi,A4,Hybrid,Automatic,First,3,51126.0,1998.0,12781.5
UP 16 BP 6010,2500.0,6,10,3,1,1,0.5183377163945988,0.13670790525890958,-0.43171158358396805,-0.42652881778990215,Maruti,Brezza,Hybrid,Manual,Fourth & Above,11,123554.0,999.0,10296.166666666666
GJ 86 YR 3540,11200.0,10,30,3,1,3,-0.7659480031163003,-0.6050717371372416,1.4330611066908132,0.32180608919652576,Toyota,Highlander,Hybrid,Manual,Third,5,74015.0,3198.0,12335.833333333334
TS 32 ZV 7328,2500.0,3,12,0,1,3,0.732385336313082,1.5403677941848064,-0.26380572061243246,1.9285102129430578,Honda,CR-V,CNG,Manual,Third,12,217296.0,1197.0,16715.076923076922
TS 75 EV 4268,2500.0,8,6,0,0,2,0.9464329562315652,1.6523557217869143,0.24669594357375135,1.686465104084809,Tata,Altroz,CNG,Automatic,Second,13,224775.0,1799.0,16055.357142857143
AP 13 EQ 8240,27000.0,7,19,4,0,1,-1.1940432429532666,-1.0719950619689738,0.8386065110188615,-0.275430962326308,Mercedes,E-Class,Petrol,Automatic,Fourth & Above,3,42832.0,2497.0,10708.0
GJ 04 YN 2448,15900.0,9,35,2,0,1,-0.7659480031163003,-0.7231539402486498,-1.2788729831221701,-0.1604107008422853,Tesla,Model Y,Electric,Automatic,Fourth & Above,5,66129.0,0.0,11021.5
AP 17 MV 1097,7600.0,2,22,3,1,3,-0.3378527632793339,-0.0005854906741998938,0.585051697743664,1.0417528215981802,Ford,Endeavour,Hybrid,Manual,Third,7,114385.0,2198.0,14298.125
TS 08 DX 9369,2500.0,5,9,4,0,0,1.3745281960685316,0.30478712538642116,-0.00940289792828771,-1.1135241714530117,Mahindra,Bolero,Petrol,Automatic,First,15,134779.0,1497.0,8423.6875
WB 82 EJ 6093,2500.0,9,34,2,0,2,1.3745281960685316,1.7051378376844177,-1.2788729831221701,1.0309754047525879,Tesla,Model S,Electric,Automatic,Second,15,228300.0,0.0,14268.75
KA 67 DH 4347,38600.0,9,33,2,1,2,-1.622138482790233,-1.4731840637397016,-1.2788729831221701,-1.261816841113533,Tesla,Model 3,Electric,Manual,Second,1,16039.0,0.0,8019.5
MH 31 RI 8194,2500.0,3,14,4,1,3,1.5885758159870147,2.239861849263355,0.07624605237537437,1.4937379906998227,Honda,City,Petrol,Manual,Third,16,264011.0,1598.0,15530.058823529413
GJ 26 PP 5751,13800.0,11,38,1,1,2,-1.1940432429532666,-1.2720130773331877,0.24669594357375135,-1.5006627429511687,Volkswagen,Polo,Diesel,Manual,Second,3,29474.0,1799.0,7368.5
AP 19 AJ 8488,39300.0,7,11,2,1,1,-1.622138482790233,-1.5070993807632038,-1.2788729831221701,-1.6773206565223233,Mercedes,C-Class,Electric,Manual,Fourth & Above,1,13774.0,0.0,6887.0
KL 93 OI 1149,11200.0,3,7,0,0,0,-0.9799956230347835,-1.1944944918008822,-0.00940289792828771,-1.6614709745570608,Honda,Amaze,CNG,Automatic,First,4,34651.0,1497.0,6930.2
TS 84 XS 6558,4900.0,2,25,2,1,2,0.30429009647611566,0.06414559784350457,-1.2788729831221701,-0.2447455511140994,Ford,F-150,Electric,Manual,Second,10,118708.0,0.0,10791.636363636364
KL 78 VF 9306,4300.0,5,55,2,1,1,-0.12380514336085073,0.2396667219713167,-1.2788729831221701,1.1129653040649186,Mahindra,XUV700,Electric,Manual,Fourth & Above,8,130430.0,0.0,14492.222222222223
MH 30 DV 2740,2500.0,11,49,0,0,1,0.732385336313082,1.0281342047556712,-0.43171158358396805,0.9630512201551958,Volkswagen,Tiguan,CNG,Automatic,Fourth & Above,12,183087.0,999.0,14083.615384615385
AP 09 BT 5103,7700.0,5,9,1,1,2,-0.5519003831978171,-0.23815741998761628,0.4162978253631812,0.9595758371031871,Mahindra,Bolero,Diesel,Manual,Second,6,98519.0,1999.0,14074.142857142857
AP 18 US 4272,2500.0,3,15,4,1,3,1.1604805761500483,0.9266727530332641,-0.43171158358396805,0.10836125945908315,Honda,Civic,Petrol,Manual,Third,14,176311.0,999.0,11754.066666666668
TN 81 VD 4334,33700.0,1,53,1,1,1,-1.622138482790233,-1.495944011587703,0.8386065110188615,-1.540653838650558,BMW,X3,Diesel,Manual,Fourth & Above,1,14519.0,2497.0,7259.5
WB 68 PG 4399,2500.0,10,16,0,1,3,1.5885758159870147,1.1041105043482764,-0.26380572061243246,-0.14324237022767955,Toyota,Corolla,CNG,Manual,Third,16,188161.0,1197.0,11068.29411764706
KA 73 CE 9474,19100.0,0,40,0,1,1,-0.7659480031163003,-0.7786462867780536,2.097900483305378,-0.3870269098054898,Audi,Q7,CNG,Manual,Fourth & Above,5,62423.0,3982.0,10403.833333333334
HR 33 MW 6863,4300.0,7,11,0,0,0,0.9464329562315652,0.8327430472105576,0.8386065110188615,0.2520007493682562,Mercedes,C-Class,CNG,Automatic,First,13,170038.0,2497.0,12145.57142857143
KA 75 PI 1491,5100.0,3,5,0,0,1,-0.3378527632793339,-0.7470219381892514,0.24669594357375135,-1.244435390115748,Honda,Accord,CNG,Automatic,Fourth & Above,7,64535.0,1799.0,8066.875
TS 97 VB 4860,17200.0,10,41,4,1,2,-1.1940432429532666,-1.2017866593021829,0.24669594357375135,-1.0704832960930615,Toyota,RAV4,Petrol,Manual,Second,3,34164.0,1799.0,8541.0
HR 93 BD 1583,2500.0,5,47,2,1,1,1.3745281960685316,0.8794758085484609,-1.2788729831221701,-0.2334448979767774,Mahindra,Thar,Electric,Manual,Fourth & Above,15,173159.0,0.0,10822.4375
DL 69 TM 1296,9900.0,5,55,1,1,0,-0.7659480031163003,-0.7581922810146522,0.585051697743664,-0.30349810747312694,Mahindra,XUV700,Diesel,Manual,First,5,63789.0,2198.0,10631.5
KL 16 TL 6763,2500.0,6,18,1,0,1,1.3745281960685316,0.9905503435066685,0.24669594357375135,-0.06334515720953646,Maruti,Dzire,Diesel,Automatic,Fourth & Above,15,180577.0,1799.0,11286.0625
GJ 73 BZ 1244,27700.0,1,53,4,1,2,-1.1940432429532666,-0.9123460067351628,2.097900483305378,0.7025164283775598,BMW,X3,Petrol,Manual,Second,3,53494.0,3982.0,13373.5
UP 84 HJ 3125,3500.0,9,33,2,0,0,1.3745281960685316,0.2781190549145193,-1.2788729831221701,-1.1543637020955646,Tesla,Model 3,Electric,Automatic,First,15,132998.0,0.0,8312.375
TS 29 OW 5959,38600.0,0,40,4,0,2,-1.622138482790233,-1.4407960590059992,2.097900483305378,-0.8650244558026222,Audi,Q7,Petrol,Automatic,Second,1,18202.0,3982.0,9101.0
AP 91 TP 5583,4500.0,4,56,3,0,0,-0.3378527632793339,0.06558306823390467,-0.3477586520982003,1.2444141196435934,Hyundai,i20,Hybrid,Automatic,First,7,118804.0,1098.0,14850.5
MH 05 HW 8213,2500.0,3,5,3,1,0,0.732385336313082,1.2822070962588885,-0.00940289792828771,1.4419283632936815,Honda,Accord,Hybrid,Manual,First,12,200055.0,1497.0,15388.846153846154
KA 08 IT 7290,2800.0,11,52,3,0,1,0.9464329562315652,-0.049594246796903274,-0.00940289792828771,-1.2922425698861353,Volkswagen,Virtus,Hybrid,Automatic,Fourth & Above,13,111112.0,1497.0,7936.571428571428
TN 85 JB 9872,10800.0,5,47,1,0,2,-0.9799956230347835,-0.9861661007421679,0.4162978253631812,-0.6405606727853176,Mahindra,Thar,Diesel,Automatic,Second,4,48564.0,1999.0,9712.8
UP 56 NZ 1935,6000.0,4,21,0,1,0,-0.5519003831978171,-0.0963270081348065,-0.00940289792828771,1.4560314838457995,Hyundai,Elantra,CNG,Manual,First,6,107991.0,1497.0,15427.285714285714
GJ 34 FM 8656,8900.0,3,7,3,0,1,-0.9799956230347835,-0.5928981597685408,0.24669594357375135,1.2866432491390034,Honda,Amaze,Hybrid,Automatic,Fourth & Above,4,74828.0,1799.0,14965.6
HR 44 SM 1632,4200.0,9,33,2,1,2,0.732385336313082,1.386917830009596,-1.2788729831221701,1.6392873839188242,Tesla,Model 3,Electric,Manual,Second,12,207048.0,0.0,15926.76923076923
TS 34 FO 8581,19300.0,0,39,0,1,0,-0.7659480031163003,-0.8832222576796608,1.2592191778566475,-0.8140877849806173,Audi,Q5,CNG,Manual,First,5,55439.0,2993.0,9239.833333333334
KA 36 TR 6145,2500.0,10,30,2,1,1,1.5885758159870147,1.3935811042150963,-1.2788729831221701,0.27397719915202307,Toyota,Highlander,Electric,Manual,Fourth & Above,16,207493.0,0.0,12205.470588235294
MH 80 UB 4812,2800.0,3,14,3,0,2,0.5183377163945988,0.09138266701160645,-0.26380572061243246,-0.519077018617158,Honda,City,Hybrid,Automatic,Second,11,120527.0,1197.0,10043.916666666666
TN 92 II 1264,2500.0,3,15,0,0,0,0.5183377163945988,0.7981838632413553,0.24669594357375135,0.9241184632622479,Honda,Civic,CNG,Automatic,First,11,167730.0,1799.0,13977.5
DL 42 SL 7815,2500.0,11,49,4,0,0,1.3745281960685316,1.4683295645159014,0.24669594357375135,0.6683267932354788,Volkswagen,Tiguan,Petrol,Automatic,First,15,212485.0,1799.0,13280.3125
HR 80 AF 7034,5600.0,3,14,3,0,1,-0.3378527632793339,-0.6903316996678475,0.4162978253631812,-1.0708043255310153,Honda,City,Hybrid,Automatic,Fourth & Above,7,68321.0,1999.0,8540.125
GJ 75 WL 4520,2500.0,10,41,0,1,3,0.732385336313082,1.3791015847617953,0.24669594357375135,1.6245553077331638,Toyota,RAV4,CNG,Manual,Third,12,206526.0,1799.0,15886.615384615385
UP 81 RX 7849,2500.0,8,48,4,1,2,1.3745281960685316,1.5832373538485094,0.24669594357375135,0.8442967865824467,Tata,Tiago,Petrol,Manual,Second,15,220159.0,1799.0,13759.9375
UP 38 HK 4982,2500.0,6,46,0,0,3,1.3745281960685316,1.5015261463442038,-0.00940289792828771,0.7191640978028788,Maruti,Swift,CNG,Automatic,Third,15,214702.0,1497.0,13418.875
GJ 65 CL 8932,11700.0,4,45,1,0,1,-1.40809086287175,-1.30628776195429,-0.00940289792828771,-0.879455493394451,Hyundai,Sonata,Diesel,Automatic,Fourth & Above,2,27185.0,1497.0,9061.666666666666
HR 44 KD 2335,31200.0,0,4,1,1,1,-1.40809086287175,-1.2095579836002832,0.8386065110188615,-0.08941733370621385,Audi,A6,Diesel,Manual,Fourth & Above,2,33645.0,2497.0,11215.0
AP 34 YR 8698,2500.0,8,6,1,1,1,0.732385336313082,0.8119745947992562,-0.43171158358396805,0.5556331132276158,Tata,Altroz,Diesel,Manual,Fourth & Above,12,168651.0,999.0,12973.153846153846
GJ 50 NL 3088,3500.0,9,33,2,1,0,0.732385336313082,1.3513104905473934,-1.2788729831221701,1.5721745924063706,Tesla,Model 3,Electric,Manual,First,12,204670.0,0.0,15743.846153846154
TS 58 NU 8368,3700.0,8,48,3,1,0,0.09024247655763246,0.346339003858924,-0.43171158358396805,0.8426320196399146,Tata,Tiago,Hybrid,Manual,First,9,137554.0,999.0,13755.4
UP 76 LV 8430,12800.0,9,35,2,1,2,-0.3378527632793339,-0.023779674369301493,-1.2788729831221701,0.9707135931138297,Tesla,Model Y,Electric,Manual,Second,7,112836.0,0.0,14104.5
TN 73 QQ 9326,14200.0,8,43,3,1,2,-1.40809086287175,-1.3626036592281938,-0.00940289792828771,-1.3394142424017972,Tata,Safari,Hybrid,Manual,Second,2,23424.0,1497.0,7808.0
UP 79 KD 6690,7000.0,8,43,1,1,2,-0.5519003831978171,-0.5892296155430405,0.07624605237537437,-0.26929864489927174,Tata,Safari,Diesel,Manual,Second,6,75073.0,1598.0,10724.714285714286
KA 30 VI 3310,5400.0,7,19,1,1,3,0.9464329562315652,0.44833950697773106,1.2592191778566475,-0.420772126644009,Mercedes,E-Class,Diesel,Manual,Third,13,144366.0,2993.0,10311.857142857143
TN 48 GJ 7987,3400.0,3,5,0,1,0,0.5183377163945988,-0.28159597834751926,0.07624605237537437,-1.2806505681401565,Honda,Accord,CNG,Manual,First,11,95618.0,1598.0,7968.166666666667
KL 34 CE 5562,4300.0,9,35,2,1,1,0.732385336313082,1.2499987753239863,-1.2788729831221701,1.3812220493562175,Tesla,Model Y,Electric,Manual,Fourth & Above,12,197904.0,0.0,15223.384615384615
TS 36 OU 9402,3100.0,9,34,2,1,3,0.9464329562315652,1.7921497172533238,-1.2788729831221701,1.9311288455327098,Tesla,Model S,Electric,Manual,Third,13,234111.0,0.0,16722.214285714286
WB 05 UU 1130,6700.0,11,38,4,0,2,-0.5519003831978171,-0.175717299904612,0.24669594357375135,1.1781379197590882,Volkswagen,Polo,Petrol,Automatic,Second,6,102689.0,1799.0,14669.857142857143
MH 94 PJ 3159,21200.0,1,1,1,0,1,-0.9799956230347835,-0.6836833991122471,0.8386065110188615,0.8417514817529557,BMW,5 Series,Diesel,Automatic,Fourth & Above,4,68765.0,2497.0,13753.0
HR 79 MU 4845,9100.0,1,0,4,1,2,0.30429009647611566,-0.49167628644453376,0.4154498159542341,-1.4828351861110325,BMW,3 Series,Petrol,Manual,Second,10,81588.0,1998.0,7417.090909090909
WB 51 TL 9903,17300.0,11,49,3,1,3,-1.622138482790233,-1.4420089246478993,0.4162978253631812,-0.8798835326450558,Volkswagen,Tiguan,Hybrid,Manual,Third,1,18121.0,1999.0,9060.5
AP 15 FO 6224,2500.0,5,44,3,0,1,0.9464329562315652,0.3427153805831238,-0.00940289792828771,-0.6056326699359426,Mahindra,Scorpio,Hybrid,Automatic,Fourth & Above,13,137312.0,1497.0,9808.0
TN 38 IQ 4524,8600.0,11,38,2,0,1,-0.7659480031163003,-0.5354143178024368,-1.2788729831221701,0.6062687454557882,Volkswagen,Polo,Electric,Automatic,Fourth & Above,5,78667.0,0.0,13111.166666666666
TN 35 PX 4587,7000.0,8,37,2,0,1,-0.5519003831978171,-0.72559464518235,-1.2788729831221701,-0.7466235577883101,Tata,Nexon,Electric,Automatic,Fourth & Above,6,65966.0,0.0,9423.714285714286
UP 79 KE 9843,2500.0,4,51,0,1,2,1.3745281960685316,0.8159276383728564,0.4162978253631812,-0.33076267902506135,Hyundai,Verna,CNG,Manual,Second,15,168915.0,1999.0,10557.1875
DL 47 RG 3572,2500.0,10,31,3,0,0,1.5885758159870147,2.1460669062897484,0.4162978253631812,1.358549526878466,Toyota,Innova,Hybrid,Automatic,First,16,257747.0,1999.0,15161.588235294117
DL 02 BA 9627,3000.0,6,18,3,0,1,0.09024247655763246,-0.219545173161915,-0.26380572061243246,-0.5439216396915639,Maruti,Dzire,Hybrid,Automatic,Fourth & Above,9,99762.0,1197.0,9976.2
DL 05 IX 3025,9000.0,3,7,3,0,0,-0.9799956230347835,-0.7427245006679511,-0.26380572061243246,0.5524214077296691,Honda,Amaze,Hybrid,Automatic,First,4,64822.0,1197.0,12964.4
AP 03 AX 9875,2500.0,8,6,4,1,0,0.732385336313082,1.2619327742942872,0.24669594357375135,1.4037152767891137,Tata,Altroz,Petrol,Manual,First,12,198701.0,1799.0,15284.692307692309
TN 39 IO 4320,3400.0,0,4,1,0,3,0.9464329562315652,1.3387925192309926,2.097900483305378,1.1376751073345428,Audi,A6,Diesel,Automatic,Third,13,203834.0,3982.0,14559.57142857143
GJ 65 HM 1282,14500.0,3,12,1,0,3,-1.622138482790233,-1.496483062984103,0.07624605237537437,-1.5472578728027506,Honda,CR-V,Diesel,Automatic,Third,1,14483.0,1598.0,7241.5
DL 58 LP 2785,8200.0,5,9,3,1,0,-0.7659480031163003,-0.48561195823503334,-1.2788729831221701,0.8096485379575745,Mahindra,Bolero,Hybrid,Manual,First,5,81993.0,0.0,13665.5
KL 76 HC 3315,8700.0,11,49,4,1,2,-0.5519003831978171,-0.8127562612502559,-0.26380572061243246,-1.0517194530257206,Volkswagen,Tiguan,Petrol,Manual,Second,6,60145.0,1197.0,8592.142857142857
TS 20 BK 7660,16100.0,8,48,1,1,1,-1.622138482790233,-1.4499299854449998,-0.00940289792828771,-0.9769261456036651,Tata,Tiago,Diesel,Manual,Fourth & Above,1,17592.0,1497.0,8796.0
KL 91 PQ 2334,3100.0,10,41,0,0,3,0.30429009647611566,0.6776759288461469,0.4162978253631812,1.1218892738957151,Toyota,RAV4,CNG,Automatic,Third,10,159682.0,1999.0,14516.545454545454
KA 05 NP 3797,2500.0,3,14,1,1,2,1.1604805761500483,0.8115553326020561,-0.26380572061243246,-0.07968249817816703,Honda,City,Diesel,Manual,Second,14,168623.0,1197.0,11241.533333333333
HR 93 VI 9560,2500.0,11,52,2,1,3,0.732385336313082,1.1176766311576773,-1.2788729831221701,1.1318209818223424,Volkswagen,Virtus,Electric,Manual,Third,12,189067.0,0.0,14543.615384615385
KL 60 GK 3217,7900.0,4,56,3,1,3,-0.7659480031163003,-0.6673770943711459,0.24669594357375135,0.06736732894399064,Hyundai,i20,Hybrid,Manual,Third,5,69854.0,1799.0,11642.333333333334
DL 26 WD 9810,22400.0,2,22,1,0,0,-1.622138482790233,-1.552185040612107,0.585051697743664,-2.2296747351959953,Ford,Endeavour,Diesel,Automatic,First,1,10763.0,2198.0,5381.5
DL 45 UA 4156,2600.0,5,44,1,1,3,0.9464329562315652,0.005898099732500554,0.4162978253631812,-1.1951213374733334,Mahindra,Scorpio,Diesel,Manual,Third,13,114818.0,1999.0,8201.285714285714
MH 14 XG 5587,24400.0,7,27,0,0,3,-1.1940432429532666,-1.0581444358114729,0.8386065110188615,-0.19058746800994356,Mercedes,GLC,CNG,Automatic,Third,3,43757.0,2497.0,10939.25
UP 86 PG 3754,3600.0,2,25,2,0,3,0.9464329562315652,0.13679774715830958,-1.2788729831221701,-0.9660242479556007,Ford,F-150,Electric,Automatic,Third,13,123560.0,0.0,8825.714285714286
TS 10 BE 9383,5500.0,10,16,1,1,2,0.30429009647611566,-0.3156011372704216,0.07624605237537437,-1.0906289356280328,Toyota,Corolla,Diesel,Manual,Second,10,93347.0,1598.0,8486.09090909091
KL 46 JQ 6193,20000.0,5,9,4,1,1,-1.622138482790233,-1.4996425031130034,0.07624605237537437,-1.5859648507503243,Mahindra,Bolero,Petrol,Manual,Fourth & Above,1,14272.0,1598.0,7136.0
HR 88 DR 8133,2500.0,6,46,3,1,1,0.30429009647611566,0.9866571945326682,-0.26380572061243246,1.8101430351608472,Maruti,Swift,Hybrid,Manual,Fourth & Above,10,180317.0,1197.0,16392.454545454544
GJ 25 ML 3932,3200.0,11,49,2,0,1,0.5183377163945988,-0.31712844956022174,-1.2788729831221701,-1.353203221117718,Volkswagen,Tiguan,Electric,Automatic,Fourth & Above,11,93245.0,0.0,7770.416666666667
TS 33 QA 5473,6300.0,9,33,2,0,3,0.30429009647611566,0.19297888158311347,-1.2788729831221701,0.042229751135728404,Tesla,Model 3,Electric,Automatic,Third,10,127312.0,0.0,11573.818181818182
KL 78 UO 9033,6200.0,10,31,3,0,0,-0.12380514336085073,0.05245117727160377,-0.00940289792828771,0.6032724707015529,Toyota,Innova,Hybrid,Automatic,First,8,117927.0,1497.0,13103.0
KA 08 OU 2021,3300.0,2,20,1,1,2,0.9464329562315652,-0.06504705349370433,-0.43171158358396805,-1.319287662128448,Ford,EcoSport,Diesel,Manual,Second,13,110080.0,999.0,7862.857142857143
TS 91 FS 7000,3900.0,4,21,0,1,3,-0.12380514336085073,0.44958231991943115,0.4162978253631812,1.684458852087075,Hyundai,Elantra,CNG,Manual,Third,8,144449.0,1999.0,16049.888888888889
HR 11 FO 1729,6200.0,6,46,4,1,2,-0.9799956230347835,-0.929835229818364,0.24669594357375135,-0.3645120452236625,Maruti,Swift,Petrol,Manual,Second,4,52326.0,1799.0,10465.2
KL 73 WC 8585,5900.0,7,42,4,0,3,0.30429009647611566,0.5552813145635385,1.2592191778566475,0.8492560660168113,Mercedes,S-Class,Petrol,Automatic,Third,10,151508.0,2993.0,13773.454545454546
TS 59 CX 5042,2500.0,3,15,3,1,2,1.1604805761500483,0.36641866837482545,-0.43171158358396805,-0.8068111177203313,Honda,Civic,Hybrid,Manual,Second,14,138895.0,999.0,9259.666666666666
AP 29 GI 4264,5800.0,7,19,3,1,3,0.732385336313082,0.31970088068682223,0.8386065110188615,-0.37220546278728545,Mercedes,E-Class,Hybrid,Manual,Third,12,135775.0,2497.0,10444.23076923077
WB 67 OU 3793,5700.0,2,25,2,0,3,-0.12380514336085073,0.11137248962810783,-1.2788729831221701,0.7636852755711718,Ford,F-150,Electric,Automatic,Third,8,121862.0,0.0,13540.222222222223
GJ 71 XZ 5406,12300.0,10,26,2,0,3,-0.9799956230347835,-1.0918950426860752,-1.2788729831221701,-1.158683841103457,Toyota,Fortuner,Electric,Automatic,Third,4,41503.0,0.0,8300.6
UP 42 LS 7191,2900.0,3,7,4,1,2,0.30429009647611566,-0.08583047955490578,0.07624605237537437,-0.5788162888330992,Honda,Amaze,Petrol,Manual,Second,10,108692.0,1598.0,9881.09090909091
WB 13 FL 6018,6400.0,11,38,4,1,1,-0.5519003831978171,-0.3118876720952214,0.07624605237537437,0.7014943754730539,Volkswagen,Polo,Petrol,Manual,Fourth & Above,6,93595.0,1598.0,13370.714285714286
DL 33 XL 6535,2800.0,2,20,0,0,1,0.5183377163945988,0.8842973238162611,0.4162978253631812,1.0999508725643783,Ford,EcoSport,CNG,Automatic,Fourth & Above,11,173481.0,1999.0,14456.75
UP 52 SA 3687,7700.0,5,9,1,1,1,-0.3378527632793339,-0.7621602982381525,0.07624605237537437,-1.2908012132259343,Mahindra,Bolero,Diesel,Manual,Fourth & Above,7,63524.0,1598.0,7940.5
TN 12 JZ 3317,3500.0,6,8,0,1,2,-0.3378527632793339,0.12724455852210892,-0.26380572061243246,1.4332711518569927,Maruti,Baleno,CNG,Manual,Second,7,122922.0,1197.0,15365.25
MH 31 GN 2477,9300.0,4,17,1,1,2,-0.9799956230347835,-1.1201353463974772,-0.00940289792828771,-1.2970750456705176,Hyundai,Creta,Diesel,Manual,Second,4,39617.0,1497.0,7923.4
KA 61 RV 7456,3500.0,9,33,2,1,1,0.732385336313082,1.0200634074595705,-1.2788729831221701,0.9478393637106151,Tesla,Model 3,Electric,Manual,Fourth & Above,12,182548.0,0.0,14042.153846153846
MH 52 YK 5639,33000.0,9,33,2,1,1,-1.622138482790233,-1.4287123235366985,-1.2788729831221701,-0.716984023557636,Tesla,Model 3,Electric,Manual,Fourth & Above,1,19009.0,0.0,9504.5
DL 48 LK 9215,9300.0,11,52,0,1,2,-0.9799956230347835,-0.8785355052609605,0.24669594357375135,-0.11311847849686109,Volkswagen,Virtus,CNG,Manual,Second,4,55752.0,1799.0,11150.4
AP 12 KM 3947,10800.0,10,26,1,0,2,-0.9799956230347835,-0.6327729894522435,0.821222318135445,1.0912372163913462,Toyota,Fortuner,Diesel,Automatic,Second,4,72165.0,2476.5,14433.0
AP 23 FM 9476,6800.0,8,29,2,1,3,-0.3378527632793339,-0.4933383615834339,-1.2788729831221701,-0.46745242757096633,Tata,Harrier,Electric,Manual,Third,7,81477.0,0.0,10184.625
UP 65 MV 8449,2500.0,3,14,2,1,2,1.1604805761500483,0.7484713455733518,-1.2788729831221701,-0.18272989033812193,Honda,City,Electric,Manual,Second,14,164410.0,0.0,10960.666666666666
KL 65 LY 8758,13400.0,10,30,2,0,0,-0.9799956230347835,-0.8940781538571615,-1.2788729831221701,-0.18928500571881693,Toyota,Highlander,Electric,Automatic,First,4,54714.0,0.0,10942.8
TS 91 SI 4237,17900.0,9,35,2,0,0,-0.7659480031163003,-1.0051227415155692,-1.2788729831221701,-1.3118974334343276,Tesla,Model Y,Electric,Automatic,First,5,47298.0,0.0,7883.0
UP 88 LI 7974,9500.0,6,23,4,1,1,-1.40809086287175,-1.3007325378413896,0.07624605237537437,-0.8340833328303118,Maruti,Ertiga,Petrol,Manual,Fourth & Above,2,27556.0,1598.0,9185.333333333334
KL 42 JU 1583,4800.0,4,51,3,1,3,-0.3378527632793339,-0.05468528776290363,-0.00940289792828771,0.8760557702657343,Hyundai,Verna,Hybrid,Manual,Third,7,110772.0,1497.0,13846.5
KA 17 XE 9084,14900.0,0,3,2,1,2,-0.7659480031163003,-0.5196470644577357,-1.2788729831221701,0.6706580784396671,Audi,A4,Electric,Manual,Second,5,79720.0,0.0,13286.666666666666
TN 19 TX 2656,6900.0,8,43,1,0,0,-0.7659480031163003,-0.33055981352052266,-0.43171158358396805,1.4428408865312352,Tata,Safari,Diesel,Automatic,First,5,92348.0,999.0,15391.333333333334
HR 93 UX 2298,2500.0,8,48,3,0,1,1.1604805761500483,0.7248878469808502,-0.43171158358396805,-0.2212534228925793,Tata,Tiago,Hybrid,Automatic,Fourth & Above,14,162835.0,999.0,10855.666666666666
DL 98 NI 4042,3000.0,8,37,0,1,0,0.30429009647611566,0.4139450331574287,-0.00940289792828771,0.5344304177211199,Tata,Nexon,CNG,Manual,First,10,142069.0,1497.0,12915.363636363636
AP 85 EI 5375,2600.0,7,42,3,0,0,1.3745281960685316,1.5109595457812044,2.097900483305378,0.7336104225108003,Mercedes,S-Class,Hybrid,Automatic,First,15,215332.0,3982.0,13458.25
UP 59 SN 6386,2500.0,5,44,3,1,0,0.9464329562315652,0.2907867627299202,0.24669594357375135,-0.6965167589827851,Mahindra,Scorpio,Hybrid,Manual,First,13,133844.0,1799.0,9560.285714285714
KL 27 RW 3785,10400.0,6,18,3,0,3,-1.622138482790233,-1.438609906120599,0.07624605237537437,-0.8382414284076185,Maruti,Dzire,Hybrid,Automatic,Third,1,18348.0,1598.0,9174.0
KA 27 XQ 7048,5800.0,11,52,0,1,1,-0.12380514336085073,-0.21782320342341488,0.24669594357375135,-0.1325473839100399,Volkswagen,Virtus,CNG,Manual,Fourth & Above,8,99877.0,1799.0,11097.444444444445
TN 97 JR 9040,16100.0,7,27,1,1,3,-0.5519003831978171,-0.5460156619316375,2.097900483305378,-0.11803481503238218,Mercedes,GLC,Diesel,Manual,Third,6,77959.0,3982.0,11137.0
KA 74 JF 3606,4600.0,1,54,4,1,1,0.732385336313082,0.47589102279373297,0.8386065110188615,-0.07781794038761894,BMW,X5,Petrol,Manual,Fourth & Above,12,146206.0,2497.0,11246.615384615385
WB 14 VV 6206,29100.0,9,35,2,0,3,-1.1940432429532666,-1.1678413949788804,-1.2788729831221701,-0.8625479429955499,Tesla,Model Y,Electric,Automatic,Third,3,36431.0,0.0,9107.75
MH 52 JA 9727,6400.0,6,23,2,0,1,-0.9799956230347835,-1.060210799497673,-1.2788729831221701,-1.0034156603696827,Maruti,Ertiga,Electric,Automatic,Fourth & Above,4,43619.0,0.0,8723.8
TN 80 HE 9247,2500.0,4,17,0,0,1,0.5183377163945988,0.7507323667082519,0.07624605237537437,0.8272287214645687,Hyundai,Creta,CNG,Automatic,Fourth & Above,11,164561.0,1598.0,13713.416666666666
TS 03 XT 7378,9000.0,3,7,1,1,1,-1.1940432429532666,-0.8948268363521616,0.4162978253631812,0.809831983350691,Honda,Amaze,Diesel,Manual,Fourth & Above,3,54664.0,1999.0,13666.0
DL 42 EJ 2061,2500.0,6,23,3,1,2,0.30429009647611566,0.7824016362467542,0.07624605237537437,1.3551651065241783,Maruti,Ertiga,Hybrid,Manual,Second,10,166676.0,1598.0,15152.363636363636
GJ 83 DZ 6427,20800.0,10,16,2,1,2,-1.40809086287175,-1.2803384266775881,-1.2788729831221701,-0.6675149158805628,Toyota,Corolla,Electric,Manual,Second,2,28918.0,0.0,9639.333333333334
AP 34 WR 2982,16900.0,2,24,4,0,1,-1.40809086287175,-1.2383822596577854,0.07624605237537437,-0.3248389215390087,Ford,Explorer,Petrol,Automatic,Fourth & Above,2,31720.0,1598.0,10573.333333333334
TN 47 MW 9381,2600.0,9,34,2,0,1,1.5885758159870147,1.318428355366991,-1.2788729831221701,0.16565808996949008,Tesla,Model S,Electric,Automatic,Fourth & Above,16,202474.0,0.0,11910.235294117647
TS 19 HZ 8906,11700.0,11,52,3,1,2,-1.1940432429532666,-0.9790835643394674,-0.00940289792828771,0.2937083698175205,Volkswagen,Virtus,Hybrid,Manual,Second,3,49037.0,1497.0,12259.25
TS 38 WO 6417,4700.0,1,53,2,0,2,0.9464329562315652,0.5428531851465376,-1.2788729831221701,-0.2553567950224205,BMW,X3,Electric,Automatic,Second,13,150678.0,0.0,10762.714285714286
UP 47 WJ 6024,5400.0,5,44,1,0,0,-0.12380514336085073,0.017592520304401362,-0.26380572061243246,0.5083700539959692,Mahindra,Scorpio,Diesel,Automatic,First,8,115599.0,1197.0,12844.333333333334
HR 50 IU 4734,11400.0,9,33,2,1,2,-0.3378527632793339,-0.30893786306492116,-1.2788729831221701,0.09733007648634616,Tesla,Model 3,Electric,Manual,Second,7,93792.0,0.0,11724.0
TS 83 ES 9209,9200.0,10,16,3,0,1,-0.3378527632793339,-0.7036283007790484,0.24669594357375135,-1.1115292028028703,Toyota,Corolla,Hybrid,Automatic,Fourth & Above,7,67433.0,1799.0,8429.125
TN 86 CK 4683,8800.0,4,56,1,0,2,-0.7659480031163003,-0.7609773798960524,0.07624605237537437,-0.3148717218463477,Hyundai,i20,Diesel,Automatic,Second,5,63603.0,1598.0,10600.5
WB 02 XZ 9587,10600.0,7,19,4,1,3,0.09024247655763246,-0.3815600650799262,2.097900483305378,-0.9408974703955914,Mercedes,E-Class,Petrol,Manual,Third,9,88942.0,3982.0,8894.2
GJ 95 RC 1917,18400.0,1,1,4,0,0,-0.7659480031163003,-0.5782539301663397,1.2592191778566475,0.43132298888705456,BMW,5 Series,Petrol,Automatic,First,5,75806.0,2993.0,12634.333333333334
UP 35 RI 2496,4000.0,5,55,1,1,1,0.09024247655763246,-0.23089519978611578,1.057392938527226,-0.5717319612880203,Mahindra,XUV700,Diesel,Manual,Fourth & Above,9,99004.0,2755.0,9900.4
UP 98 SP 8606,2800.0,9,33,2,1,2,1.1604805761500483,1.8861542913255303,-1.2788729831221701,1.6756697794746502,Tesla,Model 3,Electric,Manual,Second,14,240389.0,0.0,16025.933333333332
DL 13 RS 4522,2500.0,3,7,1,0,0,1.3745281960685316,1.2428039365470358,0.07624605237537437,0.32295644468252666,Honda,Amaze,Diesel,Automatic,First,15,197423.5,1598.0,12338.96875
HR 97 NT 5435,13800.0,0,40,4,0,2,-0.3378527632793339,-0.2282748110536156,2.097900483305378,0.3443851596659436,Audi,Q7,Petrol,Automatic,Second,7,99179.0,3982.0,12397.375
GJ 65 JU 8209,6900.0,5,55,3,0,2,-0.5519003831978171,-0.49308380953513387,1.4330611066908132,0.06724503201524612,Mahindra,XUV700,Hybrid,Automatic,Second,6,81494.0,3198.0,11642.0
AP 87 JD 8261,14100.0,3,5,0,0,1,-1.622138482790233,-1.524109447049605,-0.26380572061243246,-1.885714623102626,Honda,Accord,CNG,Automatic,Fourth & Above,1,12638.0,1197.0,6319.0
GJ 61 DV 5916,2800.0,4,51,1,1,3,0.5183377163945988,-0.05531418105870367,0.24669594357375135,-0.8186127713441569,Hyundai,Verna,Diesel,Manual,Third,11,110730.0,1799.0,9227.5
MH 42 QP 7830,5300.0,0,4,2,1,2,0.732385336313082,0.33233864120242307,-1.2788729831221701,-0.34838578405031717,Audi,A6,Electric,Manual,Second,12,136619.0,0.0,10509.153846153846
TS 96 KO 6046,6300.0,9,35,2,0,2,0.09024247655763246,0.6651130365800461,-1.2788729831221701,1.6237058144511933,Tesla,Model Y,Electric,Automatic,Second,9,158843.0,0.0,15884.3
MH 59 YI 1319,9000.0,8,48,2,1,1,-0.9799956230347835,-0.7620704563387525,-1.2788729831221701,0.4576168285670808,Tata,Tiago,Electric,Manual,Fourth & Above,4,63530.0,0.0,12706.0
AP 42 RR 4267,6200.0,9,33,2,1,3,0.30429009647611566,0.5061827165414351,-1.2788729831221701,0.7398892580115592,Tesla,Model 3,Electric,Manual,Third,10,148229.0,0.0,13475.363636363636
UP 61 BY 7390,35700.0,1,2,1,1,3,-1.40809086287175,-1.2705157123431876,2.097900483305378,-0.5872881306242962,BMW,7 Series,Diesel,Manual,Third,2,29574.0,3982.0,9858.0
WB 44 IR 7053,33100.0,9,34,2,0,0,-1.622138482790233,-1.482063438130402,-1.2788729831221701,-1.370599959231596,Tesla,Model S,Electric,Automatic,First,1,15446.0,0.0,7723.0
UP 39 SG 2441,2500.0,5,44,4,0,1,0.9464329562315652,0.8301076848281574,-0.26380572061243246,0.24738840805561343,Mahindra,Scorpio,Petrol,Automatic,Fourth & Above,13,169862.0,1197.0,12133.0
KA 90 WX 6143,7900.0,5,55,3,0,0,-0.5519003831978171,-0.41939847837722877,1.057392938527226,0.32516925473699404,Mahindra,XUV700,Hybrid,Automatic,First,6,86415.0,2755.0,12345.0
HR 33 TX 1379,3200.0,4,17,2,0,3,0.30429009647611566,-0.19671035706441342,-1.2788729831221701,-0.8258004953835386,Hyundai,Creta,Electric,Automatic,Third,10,101287.0,0.0,9207.90909090909
TN 65 ZK 9827,16800.0,2,36,4,1,3,-1.1940432429532666,-1.0987679479901757,0.585051697743664,-0.43943114377242654,Ford,Mustang,Petrol,Manual,Third,3,41044.0,2198.0,10261.0
GJ 12 SO 4127,6400.0,5,44,0,1,0,-0.5519003831978171,-0.36571794348572506,0.24669594357375135,0.5130697502577145,Mahindra,Scorpio,CNG,Manual,First,6,90000.0,1799.0,12857.142857142857
TS 59 QY 8084,4500.0,3,14,1,0,0,-0.12380514336085073,-0.12892464396710876,-0.26380572061243246,0.1094782380749476,Honda,City,Diesel,Automatic,First,8,105814.0,1197.0,11757.111111111111
HR 29 SV 6351,8300.0,10,30,4,1,2,-0.3378527632793339,-0.8035923875114553,1.4330611066908132,-1.417699563914248,Toyota,Highlander,Petrol,Manual,Second,7,60757.0,3198.0,7594.625
MH 13 AR 1646,2500.0,6,18,3,1,2,0.30429009647611566,0.6867799079853475,-0.26380572061243246,1.1421683282620445,Maruti,Dzire,Hybrid,Manual,Second,10,160290.0,1197.0,14571.818181818182
AP 35 HG 6821,9700.0,2,22,3,1,2,-0.7659480031163003,-0.36508905018992505,1.057392938527226,1.3018325276890466,Ford,Endeavour,Hybrid,Manual,Second,5,90042.0,2755.0,15007.0
KL 52 GG 7234,16100.0,10,16,4,0,2,-1.40809086287175,-1.365149179711194,0.07624605237537437,-1.3602047202883298,Toyota,Corolla,Petrol,Automatic,Second,2,23254.0,1598.0,7751.333333333333
KL 95 TL 6191,2600.0,0,3,0,1,2,1.1604805761500483,2.0408470684424413,0.8386065110188615,1.9283596936461425,Audi,A4,CNG,Manual,Second,14,250720.0,2497.0,16714.666666666668
KL 03 AM 7881,2500.0,8,29,3,0,3,0.30429009647611566,1.0225490333429708,0.24669594357375135,1.8900918728517864,Tata,Harrier,Hybrid,Automatic,Third,10,182714.0,1799.0,16610.363636363636
KA 84 UZ 7384,9700.0,8,37,4,0,3,-0.7659480031163003,-0.8110492651616558,-0.26380572061243246,-0.5193521867068327,Tata,Nexon,Petrol,Automatic,Third,5,60259.0,1197.0,10043.166666666666
MH 67 EE 8697,4700.0,5,47,4,1,2,-0.12380514336085073,0.1876931831684131,-0.26380572061243246,0.9714677575077526,Mahindra,Thar,Petrol,Manual,Second,8,126959.0,1197.0,14106.555555555555
GJ 20 XZ 3975,2800.0,10,13,3,0,2,0.30429009647611566,0.8363367231865578,0.07624605237537437,1.4753051621615425,Toyota,Camry,Hybrid,Automatic,Second,10,170278.0,1598.0,15479.818181818182
TN 04 KA 8708,3300.0,4,21,2,0,3,0.5183377163945988,-0.3190899976971219,-1.2788729831221701,-1.3572084455340943,Hyundai,Elantra,Electric,Automatic,Third,11,93114.0,0.0,7759.5
TS 29 CN 2086,2500.0,10,31,2,1,2,0.732385336313082,1.3834289695828956,-1.2788729831221701,1.6327115721348036,Toyota,Innova,Electric,Manual,Second,12,206815.0,0.0,15908.846153846154
TN 40 PP 5208,13600.0,3,14,0,0,2,-1.40809086287175,-1.1130378363448767,0.24669594357375135,0.6989086689796025,Honda,City,CNG,Automatic,Second,2,40091.0,1799.0,13363.666666666666
GJ 17 ZE 4695,9100.0,2,25,4,0,1,-0.7659480031163003,-0.3429879429375235,1.057392938527226,1.3920876611023467,Ford,F-150,Petrol,Automatic,Fourth & Above,5,91518.0,2755.0,15253.0
WB 39 KW 8571,2500.0,11,38,0,1,2,0.9464329562315652,1.2720100406769879,-0.26380572061243246,1.0207941854346243,Volkswagen,Polo,CNG,Manual,Second,13,199374.0,1197.0,14241.0
DL 24 AE 1558,2500.0,11,49,1,1,1,0.732385336313082,0.35080115152912433,0.4162978253631812,-0.31358760409453246,Volkswagen,Tiguan,Diesel,Manual,Fourth & Above,12,137852.0,1999.0,10604.0
UP 52 OG 8425,24000.0,1,1,2,0,2,-0.9799956230347835,-0.9917812194546682,-1.2788729831221701,-0.6680774817527871,BMW,5 Series,Electric,Automatic,Second,4,48189.0,0.0,9637.8
KL 99 RO 2581,29400.0,0,39,3,0,3,-1.40809086287175,-1.406790900083097,0.8386065110188615,-1.7003124791262536,Audi,Q5,Hybrid,Automatic,Third,2,20473.0,2497.0,6824.333333333333
KA 16 RW 5844,6600.0,11,49,4,1,0,-0.12380514336085073,-0.6425657564868442,-0.26380572061243246,-1.2889056108303976,Volkswagen,Tiguan,Petrol,Manual,First,8,71511.0,1197.0,7945.666666666667
WB 29 YA 4255,7100.0,2,25,4,1,1,-0.3378527632793339,-0.3523614477749242,1.057392938527226,-0.03566783352309,Ford,F-150,Petrol,Manual,Fourth & Above,7,90892.0,2755.0,11361.5
GJ 22 LF 2640,18400.0,9,34,2,1,3,-0.7659480031163003,-0.6592314288255453,-1.2788729831221701,0.1006320935624425,Tesla,Model S,Electric,Manual,Third,5,70398.0,0.0,11733.0
AP 38 MQ 7901,2800.0,11,32,2,0,2,0.09024247655763246,0.5610761170748388,-0.00940289792828771,1.3687900961765558,Volkswagen,Jetta,Electric,Automatic,Second,9,151895.0,1497.0,15189.5
HR 27 XT 2094,8300.0,5,9,4,1,3,-0.5519003831978171,-0.8011666562276551,0.4162978253631812,-1.0111518146622507,Mahindra,Bolero,Petrol,Manual,Third,6,60919.0,1999.0,8702.714285714286
DL 32 LC 4707,3300.0,10,30,1,0,2,0.732385336313082,0.04671626935990337,2.9196216005751654,-0.8867274569267083,Toyota,Highlander,Diesel,Automatic,Second,12,117544.0,4951.0,9041.846153846154
TS 02 UD 9529,26100.0,7,19,1,1,1,-0.9799956230347835,-1.1009690745254759,0.8386065110188615,-1.203151004394888,Mercedes,E-Class,Diesel,Manual,Fourth & Above,4,40897.0,2497.0,8179.4
UP 59 EC 6593,3700.0,7,42,1,0,3,0.9464329562315652,1.3968154125934966,0.4154498159542341,1.2392252356668707,Mercedes,S-Class,Diesel,Automatic,Third,13,207709.0,1998.0,14836.357142857143
KL 98 JH 9566,24800.0,7,11,2,0,2,-0.9799956230347835,-0.7020261202397483,0.8386065110188615,0.7518632391258885,Mercedes,C-Class,Electric,Automatic,Second,4,67540.0,2497.0,13508.0
KA 99 IX 5519,6900.0,3,15,2,0,1,-0.7659480031163003,-0.8678742665321597,-1.2788729831221701,-0.7514106089991592,Honda,Civic,Electric,Automatic,Fourth & Above,5,56464.0,0.0,9410.666666666666
KL 32 SP 4627,17600.0,7,42,3,1,0,-0.5519003831978171,-0.552544173288038,0.4154498159542341,-0.14088686971774717,Mercedes,S-Class,Hybrid,Manual,First,6,77523.0,1998.0,11074.714285714286
KA 76 ZU 2615,10200.0,0,40,2,0,1,-0.12380514336085073,-0.5687606361297391,-1.2788729831221701,-1.0879717569034975,Audi,Q7,Electric,Automatic,Fourth & Above,8,76440.0,0.0,8493.333333333334
KL 59 SQ 1610,3200.0,0,3,0,0,1,0.9464329562315652,1.7549851182015213,0.4154498159542341,1.8660843504305582,Audi,A4,CNG,Automatic,Fourth & Above,13,231629.0,1998.0,16544.928571428572
KL 33 LV 6636,2500.0,8,6,3,1,3,1.5885758159870147,0.7466595339354517,0.07624605237537437,-0.6584433613425289,Tata,Altroz,Hybrid,Manual,Third,16,164289.0,1598.0,9664.058823529413
GJ 83 KX 7575,4100.0,4,45,2,0,2,-0.12380514336085073,-0.20293939542281386,-1.2788729831221701,-0.09202633485275918,Hyundai,Sonata,Electric,Automatic,Second,8,100871.0,0.0,11207.888888888889
KA 82 MK 9146,13800.0,4,45,0,1,3,-1.622138482790233,-1.4303294777258986,-0.00940289792828771,-0.7367961260142141,Hyundai,Sonata,CNG,Manual,Third,1,18901.0,1497.0,9450.5
TS 97 FF 6288,11700.0,11,32,2,0,3,-0.9799956230347835,-1.046884251086672,-1.2788729831221701,-0.9381091004202216,Volkswagen,Jetta,Electric,Automatic,Third,4,44509.0,0.0,8901.8
KA 26 CC 7629,3900.0,10,13,0,0,2,0.30429009647611566,0.4251902442323295,0.07624605237537437,0.5594790523084773,Toyota,Camry,CNG,Automatic,Second,10,142820.0,1598.0,12983.636363636364
KA 42 HO 1668,16700.0,7,19,2,1,3,-0.5519003831978171,-0.47718179334133276,-1.2788729831221701,0.12290760558372757,Mercedes,E-Class,Electric,Manual,Third,6,82556.0,0.0,11793.714285714286
DL 57 UZ 4538,3700.0,1,2,2,1,2,0.732385336313082,0.954913056744666,-1.2788729831221701,0.8250438397952718,BMW,7 Series,Electric,Manual,Second,12,178197.0,0.0,13707.461538461539
UP 25 NF 9496,8800.0,2,36,0,0,1,-0.3378527632793339,-0.6032000308997415,2.9196216005751654,-0.8039371398948398,Ford,Mustang,CNG,Automatic,Fourth & Above,7,74140.0,4951.0,9267.5
DL 41 RL 2262,19800.0,0,40,3,0,1,-0.9799956230347835,-0.7296075833555502,1.2592191778566475,0.6167006734776782,Audi,Q7,Hybrid,Automatic,Fourth & Above,4,65698.0,2993.0,13139.6
GJ 91 PR 6136,15600.0,9,33,2,1,0,-0.5519003831978171,-0.14798610028981007,-1.2788729831221701,1.275206739202428,Tesla,Model 3,Electric,Manual,First,6,104541.0,0.0,14934.42857142857
TN 59 TO 9145,3200.0,3,7,0,1,1,0.09024247655763246,0.3931316597964273,-0.00940289792828771,0.9572853903377043,Honda,Amaze,CNG,Manual,Fourth & Above,9,140679.0,1497.0,14067.9
MH 09 VL 2071,2900.0,0,40,0,0,0,1.1604805761500483,1.9870617180016374,1.2592191778566475,1.8405015800362308,Audi,Q7,CNG,Automatic,First,14,247128.0,2993.0,16475.2
MH 51 GV 8407,8900.0,9,35,2,0,1,-0.12380514336085073,0.4383520824944304,-1.2788729831221701,1.6538846199009973,Tesla,Model Y,Electric,Automatic,Fourth & Above,8,143699.0,0.0,15966.555555555555
UP 07 WY 6871,15800.0,7,42,0,0,2,-0.3378527632793339,-0.4792781043273329,1.2592191778566475,-0.4243886215368765,Mercedes,S-Class,CNG,Automatic,Second,7,82416.0,2993.0,10302.0
TN 84 PX 2957,3200.0,0,3,1,1,2,1.1604805761500483,1.2972256671085896,0.8386065110188615,0.7136576785861664,Audi,A4,Diesel,Manual,Second,14,201058.0,2497.0,13403.866666666667
MH 44 FD 6098,2500.0,4,21,2,0,1,0.9464329562315652,1.7350102692349199,-1.2788729831221701,1.8311248997995067,Hyundai,Elantra,Electric,Automatic,Fourth & Above,13,230295.0,0.0,16449.64285714286
WB 82 CK 8401,9800.0,4,45,1,0,1,-1.1940432429532666,-0.914202739322763,-0.26380572061243246,0.691142814004339,Hyundai,Sonata,Diesel,Automatic,Fourth & Above,3,53370.0,1197.0,13342.5
GJ 02 AK 7303,4600.0,3,7,0,1,3,-0.12380514336085073,-0.6793260669913467,-0.43171158358396805,-1.3889852641861573,Honda,Amaze,CNG,Manual,Third,8,69056.0,999.0,7672.888888888889
KA 88 ET 7130,20500.0,7,11,1,0,2,-0.7659480031163003,-0.39880970976472735,0.8386065110188615,1.1641261859229544,Mercedes,C-Class,Diesel,Automatic,Second,5,87790.0,2497.0,14631.666666666666
GJ 16 ZJ 5774,31200.0,0,4,1,1,1,-1.40809086287175,-1.1945693600503822,0.4154498159542341,0.03300189196683934,Audi,A6,Diesel,Manual,Fourth & Above,2,34646.0,1998.0,11548.666666666666
UP 44 OV 9978,2500.0,3,12,4,0,2,0.5183377163945988,0.6012953407062417,0.24669594357375135,0.5220978842475178,Honda,CR-V,Petrol,Automatic,Second,11,154581.0,1799.0,12881.75
KL 25 ZM 1681,2500.0,8,6,1,0,2,0.9464329562315652,1.1644842607450805,-0.26380572061243246,0.8326054185818638,Tata,Altroz,Diesel,Automatic,Second,13,192193.0,1197.0,13728.07142857143
GJ 73 SW 9715,16300.0,4,21,0,1,0,-1.622138482790233,-1.4026881200104966,0.4162978253631812,-0.3981559303212222,Hyundai,Elantra,CNG,Manual,First,1,20747.0,1999.0,10373.5
KA 63 AP 2709,2500.0,6,18,1,0,1,0.30429009647611566,-0.06926962276550463,0.07624605237537437,-0.5419270879627706,Maruti,Dzire,Diesel,Automatic,Fourth & Above,10,109798.0,1598.0,9981.636363636364
HR 76 XS 9893,17900.0,4,56,3,1,0,-1.622138482790233,-1.4689764681178012,-0.26380572061243246,-1.2102686856478069,Hyundai,i20,Hybrid,Manual,First,1,16320.0,1197.0,8160.0
TN 88 NX 9329,2500.0,2,25,3,0,2,1.3745281960685316,1.30132844718119,1.4330611066908132,0.41258098455698894,Ford,F-150,Hybrid,Automatic,Second,15,201332.0,3198.0,12583.25
TS 10 WG 9114,6200.0,6,8,1,1,1,-0.7659480031163003,-0.5868038842592403,-0.26380572061243246,0.3964072157305539,Maruti,Baleno,Diesel,Manual,Fourth & Above,5,75235.0,1197.0,12539.166666666666
TS 23 MH 7091,3400.0,1,2,4,0,0,1.5885758159870147,0.34946849668802427,0.8386065110188615,-1.230922478731625,BMW,7 Series,Petrol,Automatic,First,16,137763.0,2497.0,8103.705882352941
WB 95 IN 1167,3000.0,8,37,3,0,3,0.732385336313082,0.008398699265800726,-0.26380572061243246,-0.9589484970782516,Tata,Nexon,Hybrid,Automatic,Third,12,114985.0,1197.0,8845.0
AP 06 WY 8358,10500.0,8,6,2,0,0,-0.9799956230347835,-0.9986990457084688,-1.2788729831221701,-0.7019781904007094,Tata,Altroz,Electric,Automatic,First,4,47727.0,0.0,9545.4
MH 95 IV 7524,2500.0,2,24,2,1,2,1.1604805761500483,1.3221717678419913,-1.2788729831221701,0.7544070152437699,Ford,Explorer,Electric,Manual,Second,14,202724.0,0.0,13514.933333333332
GJ 64 GE 9490,16400.0,7,42,4,1,1,-0.3378527632793339,-0.5272985995566363,0.8386065110188615,-0.5714659654680012,Mercedes,S-Class,Petrol,Manual,Fourth & Above,7,79209.0,2497.0,9901.125
KA 31 NT 7076,23800.0,10,30,2,1,0,-1.622138482790233,-1.5485164963866067,-1.2788729831221701,-2.184730613882462,Toyota,Highlander,Electric,Manual,First,1,11008.0,0.0,5504.0
TN 20 KI 3875,13300.0,5,55,0,1,2,-1.40809086287175,-1.277553327796188,1.4330611066908132,-0.6447676871341212,Mahindra,XUV700,CNG,Manual,Second,2,29104.0,3198.0,9701.333333333334
DL 24 UG 6503,2500.0,4,17,2,1,3,0.30429009647611566,0.852852659026259,-1.2788729831221701,1.5120943019083535,Hyundai,Creta,Electric,Manual,Third,10,171381.0,0.0,15580.09090909091
TS 08 DV 2067,2500.0,11,52,1,0,2,1.5885758159870147,2.30993853079536,-0.26380572061243246,1.5947408659686517,Volkswagen,Virtus,Diesel,Automatic,Second,16,268691.0,1197.0,15805.35294117647
WB 30 AM 1056,2500.0,8,48,3,0,0,1.5885758159870147,1.7104235360991182,-0.26380572061243246,0.7306483189572436,Tata,Tiago,Hybrid,Automatic,First,16,228653.0,1197.0,13450.176470588236
KL 74 UM 5627,21700.0,0,3,1,1,0,-0.9799956230347835,-0.7516487960083517,0.4154498159542341,0.5086880260107045,Audi,A4,Diesel,Manual,First,4,64226.0,1998.0,12845.2
WB 59 PE 8441,16400.0,11,52,2,0,3,-1.40809086287175,-1.1719741223512807,-1.2788729831221701,0.21754795744200178,Volkswagen,Virtus,Electric,Automatic,Third,2,36155.0,0.0,12051.666666666666
TN 56 ZJ 3359,3000.0,6,10,1,0,3,0.09024247655763246,-0.3875046040902266,-0.26380572061243246,-0.9554630346090388,Maruti,Brezza,Diesel,Automatic,Third,9,88545.0,1197.0,8854.5
AP 54 NO 8410,13600.0,10,30,1,0,2,-1.1940432429532666,-0.987334045434368,1.4330611066908132,0.24316916401393476,Toyota,Highlander,Diesel,Automatic,Second,3,48486.0,3198.0,12121.5
DL 73 GX 6954,14400.0,5,9,2,1,2,-1.40809086287175,-1.3303953382932916,-1.2788729831221701,-1.0763535486727884,Mahindra,Bolero,Electric,Manual,Second,2,25575.0,0.0,8525.0
HR 80 NB 4267,9100.0,5,9,1,0,0,-0.7659480031163003,-0.6044877647911415,0.24669594357375135,0.32419087930703977,Mahindra,Bolero,Diesel,Automatic,First,5,74054.0,1799.0,12342.333333333334
DL 50 SV 3823,4300.0,1,53,2,1,1,0.5183377163945988,0.7619476304833527,-1.2788729831221701,0.8501288213719411,BMW,X3,Electric,Manual,Fourth & Above,11,165310.0,0.0,13775.833333333334
MH 98 PK 9693,4200.0,7,42,1,1,1,0.732385336313082,0.925729413089564,1.2592191778566475,0.7700384442285041,Mercedes,S-Class,Diesel,Manual,Fourth & Above,12,176248.0,2993.0,13557.538461538461
TN 43 CK 6844,3000.0,9,34,2,1,0,1.3745281960685316,1.664349615356815,-1.2788729831221701,0.968512248396432,Tesla,Model S,Electric,Manual,First,15,225576.0,0.0,14098.5
MH 38 JD 3618,7600.0,1,1,0,0,1,0.30429009647611566,-0.035998172687702334,2.097900483305378,-0.46781514914371924,BMW,5 Series,CNG,Automatic,Fourth & Above,10,112020.0,3982.0,10183.636363636364
HR 89 HD 3402,18100.0,2,24,2,1,1,-1.1940432429532666,-1.2312847496051849,-1.2788729831221701,-1.2511770083127782,Ford,Explorer,Electric,Manual,Fourth & Above,3,32194.0,0.0,8048.5
UP 89 LO 3979,2500.0,5,47,2,0,2,1.3745281960685316,0.42583411117802955,-1.2788729831221701,-0.9281526017088253,Mahindra,Thar,Electric,Automatic,Second,15,142863.0,0.0,8928.9375
UP 39 VM 3449,16300.0,5,47,3,1,3,-1.622138482790233,-1.4028977511090968,-0.43171158358396805,-0.4007241658248527,Mahindra,Thar,Hybrid,Manual,Third,1,20733.0,999.0,10366.5
UP 54 FL 5140,6800.0,3,5,4,0,1,-0.5519003831978171,-0.669503352656946,-0.43171158358396805,-0.5502845741842323,Honda,Accord,Petrol,Automatic,Fourth & Above,6,69712.0,999.0,9958.857142857143
DL 90 JI 8355,7300.0,1,2,4,0,3,-0.12380514336085073,0.490475357796334,0.8386065110188615,1.7957898228873113,BMW,7 Series,Petrol,Automatic,Third,8,147180.0,2497.0,16353.333333333334
MH 80 AX 1314,2500.0,8,43,2,1,3,1.3745281960685316,0.7708569521738533,-1.2788729831221701,-0.3997840081851308,Tata,Safari,Electric,Manual,Third,15,165905.0,0.0,10369.0625
GJ 55 NW 6605,5400.0,7,28,4,0,1,0.30429009647611566,0.8766907096670606,1.2592191778566475,1.5651934047886098,Mercedes,GLE,Petrol,Automatic,Fourth & Above,10,172973.0,2993.0,15724.818181818182
TS 66 DA 3105,6900.0,2,25,3,1,1,-0.12380514336085073,-0.04910011635020324,1.057392938527226,0.3267998804535851,Ford,F-150,Hybrid,Manual,Fourth & Above,8,111145.0,2755.0,12349.444444444445
TN 95 ZK 2153,2500.0,3,5,0,1,0,1.1604805761500483,0.35382582880892455,-0.43171158358396805,-0.8273814611351237,Honda,Accord,CNG,Manual,First,14,138054.0,999.0,9203.6
KA 24 CW 2500,17700.0,2,22,4,1,0,-1.40809086287175,-1.2500167856300861,1.057392938527226,-0.41986363517333686,Ford,Endeavour,Petrol,Manual,First,2,30943.0,2755.0,10314.333333333334
DL 91 PT 4048,5600.0,10,30,2,0,2,0.09024247655763246,-0.29403908141442014,-1.2788729831221701,-0.7264498058424453,Toyota,Highlander,Electric,Automatic,Second,9,94787.0,0.0,9478.7
GJ 74 GW 3031,2500.0,5,44,4,1,2,1.3745281960685316,1.1227676721236777,-0.00940289792828771,0.1391326954427603,Mahindra,Scorpio,Petrol,Manual,Second,15,189407.0,1497.0,11837.9375
UP 38 TN 9301,8700.0,9,33,2,1,1,0.30429009647611566,-0.20115753108471374,-1.2788729831221701,-0.8357065466118276,Tesla,Model 3,Electric,Manual,Fourth & Above,10,100990.0,0.0,9180.90909090909
KA 08 CP 6639,3600.0,11,49,1,1,3,0.30429009647611566,0.18755842031931308,-0.00940289792828771,0.030155708897880794,Volkswagen,Tiguan,Diesel,Manual,Third,10,126950.0,1497.0,11540.90909090909
TS 90 VT 2079,26100.0,9,33,2,1,0,-1.1940432429532666,-1.2573089531313866,-1.2788729831221701,-1.410591054930985,Tesla,Model 3,Electric,Manual,First,3,30456.0,0.0,7614.0
KL 41 RX 4117,14100.0,0,39,2,0,1,-0.5519003831978171,-0.5302034876372365,-1.2788729831221701,-0.0626867192806719,Audi,Q5,Electric,Automatic,Fourth & Above,6,79015.0,0.0,11287.857142857143
AP 60 OO 3501,8700.0,1,2,2,0,3,0.5183377163945988,-0.2892325397965198,-1.2788729831221701,-1.296243426555056,BMW,7 Series,Electric,Automatic,Third,11,95108.0,0.0,7925.666666666667
AP 85 FE 4013,14800.0,2,20,3,0,2,-1.1940432429532666,-1.1250392167397274,0.07624605237537437,-0.6003586148838442,Ford,EcoSport,Hybrid,Automatic,Second,3,39289.5,1598.0,9822.375
HR 71 IH 4112,2500.0,1,0,3,1,0,1.5885758159870147,1.1646789181937804,2.097900483305378,-0.05594394491519803,BMW,3 Series,Hybrid,Manual,First,16,192206.0,3982.0,11306.235294117647
KA 42 WP 5740,14700.0,5,9,2,1,3,-1.1940432429532666,-1.1250392167397274,-1.2788729831221701,-0.6003586148838442,Mahindra,Bolero,Electric,Manual,Third,3,39289.5,0.0,9822.375
WB 80 NT 2996,24000.0,2,24,4,0,2,-1.622138482790233,-1.4333242077058987,-0.00940289792828771,-0.7734852046375068,Ford,Explorer,Petrol,Automatic,Second,1,18701.0,1497.0,9350.5
TS 54 HG 6344,11200.0,0,4,1,0,1,-0.3378527632793339,-0.479966892222733,0.4154498159542341,-0.4264982435577158,Audi,A6,Diesel,Automatic,Fourth & Above,7,82370.0,1998.0,10296.25
TS 90 GE 6272,14900.0,9,33,2,0,3,-0.5519003831978171,-0.3561497811996244,-1.2788729831221701,0.5465616377438345,Tesla,Model 3,Electric,Automatic,Third,6,90639.0,0.0,12948.42857142857
KA 50 YE 6269,3400.0,11,32,0,0,0,0.09024247655763246,0.490699962544834,-0.00940289792828771,1.1963514266470798,Volkswagen,Jetta,CNG,Automatic,First,9,147195.0,1497.0,14719.5
HR 92 EL 1967,16600.0,3,7,3,1,1,-1.622138482790233,-1.4553803940086003,0.07624605237537437,-1.0437002686980579,Honda,Amaze,Hybrid,Manual,Fourth & Above,1,17228.0,1598.0,8614.0
KL 41 TR 4277,4500.0,5,55,0,0,2,0.09024247655763246,0.2524691926358176,1.4330611066908132,0.6126281857504926,Mahindra,XUV700,CNG,Automatic,Second,9,131285.0,3198.0,13128.5
TN 39 IG 3360,2500.0,11,32,1,0,2,0.9464329562315652,0.43794779394713035,0.07624605237537437,-0.4389594270472701,Volkswagen,Jetta,Diesel,Automatic,Second,13,143672.0,1598.0,10262.285714285714
AP 72 FT 8276,2500.0,7,11,4,0,1,1.5885758159870147,1.825091747033326,0.8386065110188615,0.8959218272496998,Mercedes,C-Class,Petrol,Automatic,Fourth & Above,16,236311.0,2497.0,13900.64705882353
TS 03 DB 6349,4600.0,4,21,0,0,3,-0.12380514336085073,-0.1820511538123124,-0.26380572061243246,-0.035158262986655454,Hyundai,Elantra,CNG,Automatic,Third,8,102266.0,1197.0,11362.888888888889
AP 23 KT 1565,6400.0,6,18,2,1,1,-0.7659480031163003,-0.9434911985271649,-1.2788729831221701,-1.0602103540785395,Maruti,Dzire,Electric,Manual,Fourth & Above,5,51414.0,0.0,8569.0
KA 18 ED 9565,6100.0,11,49,0,1,2,-0.5519003831978171,-0.43742675285683,0.07624605237537437,0.2620640395049305,Volkswagen,Tiguan,CNG,Manual,Second,6,85211.0,1598.0,12173.0
KL 52 RB 9596,2500.0,2,24,3,1,1,1.1604805761500483,1.6189045879103119,-0.00940289792828771,1.2391186626289652,Ford,Explorer,Hybrid,Manual,Fourth & Above,14,222541.0,1497.0,14836.066666666668
HR 30 HB 1396,2500.0,8,6,1,0,2,0.732385336313082,0.7292901000514505,-0.43171158358396805,0.399789196183137,Tata,Altroz,Diesel,Automatic,Second,12,163129.0,999.0,12548.384615384615
AP 97 UV 7484,4800.0,10,31,1,1,2,0.09024247655763246,0.027355340039202033,0.24669594357375135,0.06104457772790978,Toyota,Innova,Diesel,Manual,Second,9,116251.0,1799.0,11625.1
TN 27 HS 9052,6600.0,10,26,2,1,0,-0.3378527632793339,-0.30381687479912084,-1.2788729831221701,0.1130146575978038,Toyota,Fortuner,Electric,Manual,First,7,94134.0,0.0,11766.75
WB 96 TJ 5352,2500.0,10,41,1,0,2,1.1604805761500483,1.2199017390249842,-0.26380572061243246,0.587349410579044,Toyota,RAV4,Diesel,Automatic,Second,14,195894.0,1197.0,13059.6
HR 51 DU 5675,6900.0,6,10,0,0,3,-0.9799956230347835,-1.1114057085057765,-0.26380572061243246,-1.254295579995758,Maruti,Brezza,CNG,Automatic,Third,4,40200.0,1197.0,8040.0
AP 14 XG 4279,13500.0,5,47,0,0,2,-1.40809086287175,-1.2391009948529854,-0.26380572061243246,-0.3307091741187355,Mahindra,Thar,CNG,Automatic,Second,2,31672.0,1197.0,10557.333333333334
HR 28 QA 6077,5300.0,0,39,3,0,0,0.30429009647611566,0.8761366846207606,0.8386065110188615,1.5639593175985536,Audi,Q5,Hybrid,Automatic,First,10,172936.0,2497.0,15721.454545454546
UP 97 FP 8867,2900.0,10,16,2,0,1,0.5183377163945988,1.0487529206679724,-1.2788729831221701,1.435747664664065,Toyota,Corolla,Electric,Automatic,Fourth & Above,11,184464.0,0.0,15372.0
UP 07 AI 1000,3900.0,6,23,1,1,0,-0.3378527632793339,0.01338492468250107,-0.43171158358396805,1.0845414595425953,Maruti,Ertiga,Diesel,Manual,First,7,115318.0,999.0,14414.75
AP 95 LC 5587,23400.0,7,28,4,1,3,-0.9799956230347835,-0.7251753829851499,0.8386065110188615,0.6384206080226671,Mercedes,GLE,Petrol,Manual,Third,4,65994.0,2497.0,13198.8
DL 16 UX 1497,5700.0,8,37,3,1,3,-0.3378527632793339,0.001510820311800251,0.07624605237537437,1.0481734103572564,Tata,Nexon,Hybrid,Manual,Third,7,114525.0,1598.0,14315.625
UP 62 CX 3511,2500.0,5,55,2,0,3,1.5885758159870147,0.5313983429730368,-1.2788729831221701,-0.9687034756298563,Mahindra,XUV700,Electric,Automatic,Third,16,149913.0,0.0,8818.411764705883
TN 74 BV 2032,21500.0,1,0,2,0,1,-0.9799956230347835,-0.8113337645097558,-1.2788729831221701,0.2162026912258146,BMW,3 Series,Electric,Automatic,Fourth & Above,4,60240.0,0.0,12048.0
WB 06 SN 9004,44300.0,7,27,3,1,2,-1.622138482790233,-1.5322251652954055,2.097900483305378,-1.9851420261717494,Mercedes,GLC,Hybrid,Manual,Second,1,12096.0,3982.0,6048.0
TS 93 RR 3387,13000.0,1,0,2,0,2,-0.3378527632793339,-0.44247287287313036,-1.2788729831221701,-0.3116614274668096,BMW,3 Series,Electric,Automatic,Second,7,84874.0,0.0,10609.25
WB 97 PV 9884,7100.0,4,51,3,0,3,-0.7659480031163003,-0.7051556130688486,-0.00940289792828771,-0.0869102466669553,Hyundai,Verna,Hybrid,Automatic,Third,5,67331.0,1497.0,11221.833333333334
GJ 88 FB 6627,12200.0,8,43,1,0,3,-1.1940432429532666,-1.2850102054463886,0.4162978253631812,-1.580278043563714,Tata,Safari,Diesel,Automatic,Third,3,28606.0,1999.0,7151.5
AP 15 QR 1687,4500.0,6,8,1,1,2,-0.5519003831978171,-0.44447934195973055,0.4162978253631812,0.23737753088840088,Maruti,Baleno,Diesel,Manual,Second,6,84740.0,1999.0,12105.714285714286
TS 71 MQ 7435,2500.0,6,46,1,1,3,1.5885758159870147,0.8614625077187595,0.07624605237537437,-0.4929756167514787,Maruti,Swift,Diesel,Manual,Third,16,171956.0,1598.0,10115.058823529413
DL 92 AZ 9265,19500.0,1,2,4,1,1,-0.7659480031163003,-0.4968571693099341,0.8386065110188615,0.7637260412140867,BMW,7 Series,Petrol,Manual,Fourth & Above,5,81242.0,2497.0,13540.333333333334
GJ 82 DG 1385,2500.0,3,14,3,1,1,0.732385336313082,1.4263284765463986,-0.00940289792828771,1.7135686569469064,Honda,City,Hybrid,Manual,Fourth & Above,12,209680.0,1497.0,16129.23076923077
AP 46 VM 1173,9400.0,10,13,3,1,3,-0.3378527632793339,-0.7218212854075496,0.07624605237537437,-1.167250740961996,Toyota,Camry,Hybrid,Manual,Third,7,66218.0,1598.0,8277.25
UP 06 VP 1516,13900.0,9,34,2,0,1,-0.3378527632793339,-0.4777058710878328,-1.2788729831221701,-0.4195731799675693,Tesla,Model S,Electric,Automatic,Fourth & Above,7,82521.0,0.0,10315.125
UP 45 VP 1447,10400.0,5,44,2,1,1,-0.7659480031163003,-1.0342315169211713,-1.2788729831221701,-1.4307700481737962,Mahindra,Scorpio,Electric,Manual,Fourth & Above,5,45354.0,0.0,7559.0
WB 13 OM 6527,17700.0,8,37,3,1,0,-1.622138482790233,-1.4597377261295006,-0.00940289792828771,-1.0970828780949486,Tata,Nexon,Hybrid,Manual,First,1,16937.0,1497.0,8468.5
WB 17 SV 1462,34300.0,1,2,2,1,1,-1.622138482790233,-1.5548952712440072,-1.2788729831221701,-2.2628783513500754,BMW,7 Series,Electric,Manual,Fourth & Above,1,10582.0,0.0,5291.0
GJ 63 FO 5806,2500.0,6,18,0,0,0,1.1604805761500483,1.0589050553001733,-0.00940289792828771,0.3243620950072813,Maruti,Dzire,CNG,Automatic,First,14,185142.0,1497.0,12342.8
TN 50 YX 3893,7600.0,2,36,1,1,2,-0.3378527632793339,-0.20422712931421394,2.9196216005751654,0.41803848500220375,Ford,Mustang,Diesel,Manual,Second,7,100785.0,4951.0,12598.125
KA 13 FE 3162,6100.0,8,37,0,0,2,-0.3378527632793339,-0.6480161650504446,0.4162978253631812,-0.9412001552942337,Tata,Nexon,CNG,Automatic,Second,7,71147.0,1999.0,8893.375
KA 54 PB 5569,2500.0,9,34,2,1,3,1.5885758159870147,1.2897987367581891,-1.2788729831221701,0.12439366742376334,Tesla,Model S,Electric,Manual,Third,16,200562.0,0.0,11797.764705882353
MH 16 AF 2415,13900.0,8,48,3,0,1,-1.1940432429532666,-1.3037122941714898,0.24669594357375135,-1.6948396915649455,Tata,Tiago,Hybrid,Automatic,Fourth & Above,3,27357.0,1799.0,6839.25
WB 24 SN 2898,7900.0,0,4,3,0,1,0.30429009647611566,0.22717869795471582,0.4154498159542341,0.11840961984081998,Audi,A6,Hybrid,Automatic,Fourth & Above,10,129596.0,1998.0,11781.454545454546
TN 15 QV 5356,2700.0,6,46,2,1,3,0.09024247655763246,-0.3294667370778226,-1.2788729831221701,-0.813256165865156,Maruti,Swift,Electric,Manual,Third,9,92421.0,0.0,9242.1
KL 62 GD 3824,11400.0,0,3,1,0,2,-0.3378527632793339,0.07113829234680505,0.8386065110188615,1.2614286798551455,Audi,A4,Diesel,Automatic,Second,7,119175.0,2497.0,14896.875
KA 73 FH 7774,2500.0,8,48,0,1,0,1.1604805761500483,0.29256862706802034,0.07624605237537437,-0.9274448082337176,Tata,Tiago,CNG,Manual,First,14,133963.0,1598.0,8930.866666666667
TN 25 VX 7122,3600.0,11,49,2,1,3,0.09024247655763246,0.043122593383903125,-1.2788729831221701,0.09967817751823675,Volkswagen,Tiguan,Electric,Manual,Third,9,117304.0,0.0,11730.4
HR 64 YC 8090,3500.0,8,6,0,0,2,0.09024247655763246,0.3962012580259275,-0.26380572061243246,0.9648066514554794,Tata,Altroz,CNG,Automatic,Second,9,140884.0,1197.0,14088.4
KL 84 ZK 5972,26400.0,0,3,1,1,3,-1.1940432429532666,-1.30413155636869,1.2592191778566475,-1.697407927068576,Audi,A4,Diesel,Manual,Third,3,27329.0,2993.0,6832.25
UP 89 RV 3248,4500.0,6,23,2,0,1,-0.5519003831978171,-0.10246620459380693,-1.2788729831221701,1.4345421663664428,Maruti,Ertiga,Electric,Automatic,Fourth & Above,6,107581.0,0.0,15368.714285714286
HR 37 TQ 4732,2500.0,5,44,0,1,3,1.1604805761500483,1.4865225491444027,0.4162978253631812,1.0228732332232773,Mahindra,Scorpio,CNG,Manual,Third,14,213700.0,1999.0,14246.666666666666
HR 34 TN 4085,3700.0,4,50,3,1,3,0.09024247655763246,0.16337597573081142,0.24669594357375135,0.39432816794190084,Hyundai,Tucson,Hybrid,Manual,Third,9,125335.0,1799.0,12533.5
MH 16 XX 5775,13900.0,0,4,0,0,2,-0.3378527632793339,-0.6196560721398426,2.097900483305378,-0.8543387616535882,Audi,A6,CNG,Automatic,Second,7,73041.0,3982.0,9130.125
KL 92 IS 8521,2800.0,11,32,3,1,1,0.30429009647611566,0.43306638407973,-0.00940289792828771,0.5770231026319791,Volkswagen,Jetta,Hybrid,Manual,Fourth & Above,10,143346.0,1497.0,13031.454545454546
HR 64 OR 5539,2500.0,6,10,4,0,1,0.732385336313082,0.20110957347881403,-0.43171158358396805,-0.5957266187076535,Maruti,Brezza,Petrol,Automatic,Fourth & Above,12,127855.0,999.0,9835.0
AP 41 DE 3967,8500.0,6,23,2,0,0,-1.1940432429532666,-1.2464830042536859,-1.2788729831221701,-1.3442755453193835,Maruti,Ertiga,Electric,Automatic,First,3,31179.0,0.0,7794.75
WB 55 GB 1981,2500.0,3,12,4,0,2,1.3745281960685316,0.1948356141707136,-0.43171158358396805,-1.2819041116597858,Honda,CR-V,Petrol,Automatic,Second,15,127436.0,999.0,7964.75
UP 74 YI 6792,7000.0,10,13,3,0,2,-0.5519003831978171,-0.05893780433450392,-0.26380572061243246,1.586906668592031,Toyota,Camry,Hybrid,Automatic,Second,6,110488.0,1197.0,15784.0
TN 21 CS 5419,2500.0,1,1,1,1,1,1.5885758159870147,1.563786582628408,0.8386065110188615,0.5192976442761222,BMW,5 Series,Diesel,Manual,Fourth & Above,16,218860.0,2497.0,12874.117647058823
HR 14 AH 6054,2500.0,5,47,1,0,2,0.9464329562315652,0.36245065115132513,-0.26380572061243246,-0.5710925230605857,Mahindra,Thar,Diesel,Automatic,Second,13,138630.0,1197.0,9902.142857142857
AP 79 YM 1377,8900.0,8,48,4,0,1,-0.9799956230347835,-0.9380857109132645,0.07624605237537437,-0.4049434098665313,Tata,Tiago,Petrol,Automatic,Fourth & Above,4,51775.0,1598.0,10355.0
UP 50 OT 4366,2500.0,6,10,0,0,3,0.30429009647611566,0.8493338512997588,-0.43171158358396805,1.504256180566104,Maruti,Brezza,CNG,Automatic,Third,10,171146.0,999.0,15558.727272727272
TS 46 MI 5075,2500.0,4,45,2,1,1,1.1604805761500483,1.2803204163714885,-1.2788729831221701,0.6860430320757015,Hyundai,Sonata,Electric,Manual,Fourth & Above,14,199929.0,0.0,13328.6
TN 50 SL 6890,8900.0,9,35,2,1,0,0.09024247655763246,-0.056362336551703744,-1.2788729831221701,-0.14408406085492,Tesla,Model Y,Electric,Manual,First,9,110660.0,0.0,11066.0
DL 35 LI 8840,15500.0,8,37,2,1,1,-1.622138482790233,-1.4865854804002023,-1.2788729831221701,-1.426000467952768,Tata,Nexon,Electric,Manual,Fourth & Above,1,15144.0,0.0,7572.0
DL 12 WF 2513,4200.0,2,24,0,1,0,0.09024247655763246,0.043122593383903125,0.07624605237537437,0.09967817751823675,Ford,Explorer,CNG,Manual,First,9,117304.0,1598.0,11730.4
AP 36 FH 7708,10600.0,0,3,2,1,3,-0.12380514336085073,-0.5893044837925405,-1.2788729831221701,-1.1439022189825618,Audi,A4,Electric,Manual,Third,8,75068.0,0.0,8340.888888888889
MH 31 AZ 4201,4700.0,7,19,4,1,3,1.1604805761500483,0.47015611488203257,2.097900483305378,-0.6373564932522165,Mercedes,E-Class,Petrol,Manual,Third,14,145823.0,3982.0,9721.533333333333
MH 69 FH 1143,3100.0,0,3,1,1,1,1.1604805761500483,1.6148916497371115,1.2592191778566475,1.23256354724827,Audi,A4,Diesel,Manual,Fourth & Above,14,222273.0,2993.0,14818.2
KL 20 EH 7016,4000.0,4,45,0,1,1,-0.12380514336085073,-0.1240132867999084,-0.26380572061243246,0.12284936895099169,Hyundai,Sonata,CNG,Manual,Fourth & Above,8,106142.0,1197.0,11793.555555555555
AP 18 AJ 8549,27400.0,0,39,4,1,2,-1.40809086287175,-1.3747023683473947,0.4154498159542341,-1.4382301608271988,Audi,Q5,Petrol,Manual,Second,2,22616.0,1998.0,7538.666666666667
AP 97 IQ 7679,6900.0,6,18,0,0,3,-0.9799956230347835,-0.8461175532274582,0.24669594357375135,0.045745231941996436,Maruti,Dzire,CNG,Automatic,Third,4,57917.0,1799.0,11583.4
AP 49 MJ 7121,24500.0,2,22,4,0,3,-1.622138482790233,-1.5575006863266072,0.585051697743664,-2.29479784975234,Ford,Endeavour,Petrol,Automatic,Third,1,10408.0,2198.0,5204.0
MH 84 ZJ 7493,24500.0,10,41,2,1,1,-1.622138482790233,-1.5478726294409066,-1.2788729831221701,-2.176842461978454,Toyota,RAV4,Electric,Manual,Fourth & Above,1,11051.0,0.0,5525.5
TS 27 OE 7812,2500.0,1,1,3,0,1,1.5885758159870147,2.429787624594968,2.097900483305378,1.7674816808514962,BMW,5 Series,Hybrid,Automatic,Fourth & Above,16,276695.0,3982.0,16276.176470588236
AP 84 NC 5816,2500.0,10,16,3,0,0,0.732385336313082,1.4061889174308972,-0.00940289792828771,1.675609571755884,Toyota,Corolla,Hybrid,Automatic,First,12,208335.0,1497.0,16025.76923076923
HR 65 FA 2659,15200.0,4,56,2,1,3,-1.622138482790233,-1.4764483194179017,-1.2788729831221701,-1.3018079368129223,Hyundai,i20,Electric,Manual,Third,1,15821.0,0.0,7910.5
UP 59 LT 6350,7400.0,2,22,0,0,0,-0.12380514336085073,-0.6378191094685438,2.9196216005751654,-1.2759829020264157,Ford,Endeavour,CNG,Automatic,First,8,71828.0,4951.0,7980.888888888889
TN 86 YR 9289,3000.0,7,27,2,0,1,1.3745281960685316,1.9331266310618336,-1.2788729831221701,1.3801178492014974,Mercedes,GLC,Electric,Automatic,Fourth & Above,15,243526.0,0.0,15220.375
AP 36 MH 1686,8100.0,3,5,3,1,2,-0.9799956230347835,-0.9786942494420674,-0.26380572061243246,-0.603944972319271,Honda,Accord,Hybrid,Manual,Second,4,49063.0,1197.0,9812.6
UP 33 GA 2085,2500.0,10,41,0,1,1,1.5885758159870147,2.5144186938297737,-0.26380572061243246,1.8894620763684662,Toyota,RAV4,CNG,Manual,Fourth & Above,16,282347.0,1197.0,16608.647058823528
WB 59 ZK 7096,5200.0,2,36,1,0,2,-0.12380514336085073,0.17822983643161244,2.9196216005751654,0.9457038711856186,Ford,Mustang,Diesel,Automatic,Second,8,126327.0,4951.0,14036.333333333334
AP 62 IK 9336,7900.0,5,44,1,0,2,-0.5519003831978171,-0.39271543425542693,-0.26380572061243246,0.4185691663180052,Mahindra,Scorpio,Diesel,Automatic,Second,6,88197.0,1197.0,12599.57142857143
DL 32 OE 2615,27800.0,7,28,3,1,2,-0.9799956230347835,-1.1530624025275795,0.8386065110188615,-1.4584336134557587,Mercedes,GLE,Hybrid,Manual,Second,4,37418.0,2497.0,7483.6
MH 80 PV 2086,16400.0,9,34,2,0,3,-0.7659480031163003,-0.7665475776588527,-1.2788729831221701,-0.3376189505927892,Tesla,Model S,Electric,Automatic,Third,5,63231.0,0.0,10538.5
TS 16 JH 8971,10700.0,4,21,2,0,0,-1.1940432429532666,-1.1307816114763778,-1.2788729831221701,-0.6355342690139262,Hyundai,Elantra,Electric,Automatic,First,3,38906.0,0.0,9726.5
TS 76 MC 2649,3200.0,5,9,3,1,2,0.30429009647611566,0.24706370502191718,-0.00940289792828771,0.16270334385148588,Mahindra,Bolero,Hybrid,Manual,Second,10,130924.0,1497.0,11902.181818181818
TN 18 JL 6853,2500.0,3,15,4,1,0,1.5885758159870147,0.6033916516922417,-0.43171158358396805,-0.8649381285588028,Honda,Civic,Petrol,Manual,First,16,154721.0,999.0,9101.235294117647
DL 22 MP 2761,2500.0,11,38,4,1,0,1.3745281960685316,0.48810952111213385,-0.43171158358396805,-0.8327839279624037,Volkswagen,Polo,Petrol,Manual,First,15,147022.0,999.0,9188.875
HR 21 UY 9435,12800.0,7,42,0,0,2,-0.3378527632793339,-0.1832789931041125,0.4154498159542341,0.48219851124468693,Mercedes,S-Class,CNG,Automatic,Second,7,102184.0,1998.0,12773.0
GJ 40 JU 7571,3100.0,3,14,3,1,1,0.09024247655763246,0.3102075866502215,0.07624605237537437,0.7541012729219094,Honda,City,Hybrid,Manual,Fourth & Above,9,135141.0,1598.0,13514.1
TN 76 DE 2764,4600.0,8,29,2,1,2,-0.3378527632793339,-0.14889949293371013,-1.2788729831221701,0.587496166893537,Tata,Harrier,Electric,Manual,Second,7,104480.0,0.0,13060.0
KA 83 VV 5956,2500.0,5,55,3,0,2,0.732385336313082,1.054712433328173,2.9196216005751654,1.0131459236600762,Mahindra,XUV700,Hybrid,Automatic,Second,12,184862.0,4951.0,14220.153846153846
TN 33 MF 9152,32500.0,9,33,2,1,3,-1.622138482790233,-1.4764483194179017,-1.2788729831221701,-1.3018079368129223,Tesla,Model 3,Electric,Manual,Third,1,15821.0,0.0,7910.5
MH 33 NC 8977,6400.0,5,9,2,0,2,-0.5519003831978171,-0.5268493900596362,-1.2788729831221701,-0.05094621412121823,Mahindra,Bolero,Electric,Automatic,Second,6,79239.0,0.0,11319.857142857143
AP 05 YA 6910,2500.0,4,45,0,0,3,1.3745281960685316,2.098825040855245,-0.26380572061243246,1.6338686892298457,Hyundai,Sonata,CNG,Automatic,Third,15,254592.0,1197.0,15912.0
WB 85 XX 9273,17100.0,9,35,2,1,2,-0.7659480031163003,-0.8407270392634578,-1.2788729831221701,-0.6405484430924426,Tesla,Model Y,Electric,Manual,Second,5,58277.0,0.0,9712.833333333334
UP 71 JR 8478,21500.0,7,42,0,1,1,-0.9799956230347835,-0.6269033186914431,0.4154498159542341,1.1200014540320076,Mercedes,S-Class,CNG,Manual,Fourth & Above,4,72557.0,1998.0,14511.4
UP 74 HK 4651,11200.0,10,41,4,0,1,-0.5519003831978171,-0.9282480229289639,0.07624605237537437,-1.4559806864849443,Toyota,RAV4,Petrol,Automatic,Fourth & Above,6,52432.0,1598.0,7490.285714285715
DL 06 HO 4915,4500.0,5,44,1,0,1,-0.3378527632793339,0.1256274043329088,-0.00940289792828771,1.4283181262428482,Mahindra,Scorpio,Diesel,Automatic,Fourth & Above,7,122814.0,1497.0,15351.75
WB 40 YT 1838,13800.0,8,37,3,0,0,-1.1940432429532666,-1.3129959571094905,0.24669594357375135,-1.7517077634310494,Tata,Nexon,Hybrid,Automatic,First,3,26737.0,1799.0,6684.25
DL 02 VN 2305,5600.0,5,55,2,0,2,-0.3378527632793339,0.00859335671450074,-1.2788729831221701,1.0698658280932782,Mahindra,XUV700,Electric,Automatic,Second,7,114998.0,0.0,14374.75
HR 54 FN 4343,2700.0,4,51,1,0,2,0.09024247655763246,0.6565930297869454,0.4162978253631812,1.6028297287145399,Hyundai,Verna,Diesel,Automatic,Second,9,158274.0,1999.0,15827.4
KA 01 HC 5424,22700.0,9,33,2,1,0,-0.7659480031163003,-0.9705485838964668,-1.2788729831221701,-1.1707056291990225,Tesla,Model 3,Electric,Manual,First,5,49607.0,0.0,8267.833333333334
HR 11 LZ 2507,20800.0,2,36,0,0,0,-1.40809086287175,-1.3277450022609916,2.9196216005751654,-1.0547069922850456,Ford,Mustang,CNG,Automatic,First,2,25752.0,4951.0,8584.0
TS 21 QW 9762,7900.0,4,45,3,1,0,-0.9799956230347835,-0.7034486169802484,-0.43171158358396805,0.7448923141874628,Hyundai,Sonata,Hybrid,Manual,First,4,67445.0,999.0,13489.0
DL 80 UP 2096,18800.0,1,54,2,1,1,-0.7659480031163003,-1.0260109831260706,-1.2788729831221701,-1.3971995412334832,BMW,X5,Electric,Manual,Fourth & Above,5,45903.0,0.0,7650.5
TN 58 GA 6823,41900.0,9,33,2,0,2,-1.622138482790233,-1.4677037078763011,-1.2788729831221701,-1.1946758272329074,Tesla,Model 3,Electric,Automatic,Second,1,16405.0,0.0,8202.5
KA 77 QR 2908,9200.0,10,31,4,0,1,-0.7659480031163003,-0.5888702479454405,-0.43171158358396805,0.38796872764719653,Toyota,Innova,Petrol,Automatic,Fourth & Above,5,75097.0,999.0,12516.166666666666
GJ 55 JB 2746,33600.0,0,4,3,1,0,-1.622138482790233,-1.4449138127284995,1.2592191778566475,-0.9154719389096497,Audi,A6,Hybrid,Manual,First,1,17927.0,2993.0,8963.5
GJ 47 CP 6052,2600.0,10,41,1,0,3,0.732385336313082,1.0383761812872718,0.07624605237537437,0.9823553199846823,Toyota,RAV4,Diesel,Automatic,Third,12,183771.0,1598.0,14136.23076923077
GJ 78 TD 6939,30700.0,9,35,2,1,0,-1.1940432429532666,-1.2700365555463875,-1.2788729831221701,-1.4885553470054822,Tesla,Model Y,Electric,Manual,First,3,29606.0,0.0,7401.5
DL 07 IJ 9868,4200.0,3,15,4,1,2,-0.12380514336085073,0.19898331519301388,0.24669594357375135,1.0022050522654895,Honda,Civic,Petrol,Manual,Second,8,127713.0,1799.0,14190.333333333334
AP 12 VK 5408,5000.0,3,7,4,0,0,-0.3378527632793339,0.1295055796570091,-0.00940289792828771,1.4401962154471393,Honda,Amaze,Petrol,Automatic,First,7,123073.0,1497.0,15384.125
TN 61 ZL 7651,6900.0,9,33,2,1,0,0.732385336313082,-0.08054478114020541,-1.2788729831221701,-1.1265893640185274,Tesla,Model 3,Electric,Manual,First,12,109045.0,0.0,8388.076923076924
UP 90 DU 1275,3300.0,6,46,1,1,3,-0.12380514336085073,-0.4935479926820339,-0.26380572061243246,-0.8832059325426092,Maruti,Swift,Diesel,Manual,Third,8,81463.0,1197.0,9051.444444444445
HR 74 ZX 4072,3000.0,5,55,0,1,1,0.732385336313082,0.10075617184900709,0.585051697743664,-0.7848729301948133,Mahindra,XUV700,CNG,Manual,Fourth & Above,12,121153.0,2198.0,9319.461538461539
AP 76 NS 5713,2500.0,5,55,2,1,3,1.3745281960685316,1.100367091873276,-1.2788729831221701,0.1048284069299816,Mahindra,XUV700,Electric,Manual,Third,15,187911.0,0.0,11744.4375
DL 96 IW 3100,3500.0,7,19,0,0,0,0.9464329562315652,1.2501934327726865,0.4154498159542341,0.9826113371816686,Mercedes,E-Class,CNG,Automatic,First,13,197917.0,1998.0,14136.92857142857
WB 51 EG 5530,3600.0,0,4,4,1,2,0.9464329562315652,1.7564525358917213,0.4154498159542341,1.8686525859341887,Audi,A6,Petrol,Manual,Second,13,231727.0,1998.0,16551.928571428572
MH 19 XU 3019,2500.0,3,7,4,0,0,1.5885758159870147,1.822905594147926,-0.00940289792828771,0.8927708828502878,Honda,Amaze,Petrol,Automatic,First,16,236165.0,1497.0,13892.058823529413
AP 46 GV 4977,10100.0,4,50,4,0,2,-1.1940432429532666,-1.1378042532794783,0.4162978253631812,-0.6785522136997368,Hyundai,Tucson,Petrol,Automatic,Second,3,38437.0,1999.0,9609.25
TN 96 OQ 5736,4600.0,5,9,2,0,2,-0.12380514336085073,-0.20094789998611373,-1.2788729831221701,-0.08660450434509497,Mahindra,Bolero,Electric,Automatic,Second,8,101004.0,0.0,11222.666666666666
GJ 09 SO 6699,3500.0,1,54,3,1,1,0.9464329562315652,1.5828330653012093,0.4154498159542341,1.564788395479132,BMW,X5,Hybrid,Manual,Fourth & Above,13,220132.0,1998.0,15723.714285714286
DL 57 EA 4840,30700.0,7,19,2,0,3,-1.40809086287175,-1.3468963004830927,-1.2788729831221701,-1.2111247641490168,Mercedes,E-Class,Electric,Automatic,Third,2,24473.0,0.0,8157.666666666667
GJ 33 WD 5453,11400.0,11,52,3,1,0,-0.9799956230347835,-1.031326628840571,-0.00940289792828771,-0.8618691950410189,Volkswagen,Virtus,Hybrid,Manual,First,4,45548.0,1497.0,9109.6
WB 72 TS 9682,12100.0,11,49,4,1,3,-0.9799956230347835,-1.1730971460937807,-0.00940289792828771,-1.5566135878516902,Volkswagen,Tiguan,Petrol,Manual,Third,4,36080.0,1497.0,7216.0
MH 14 XJ 7960,2500.0,2,20,0,0,3,1.5885758159870147,0.57661876567104,-0.43171158358396805,-0.9035264065461244,Ford,EcoSport,CNG,Automatic,Third,16,152933.0,999.0,8996.058823529413
DL 32 KB 6507,6800.0,7,27,0,0,0,0.30429009647611566,0.48125158945793334,2.097900483305378,0.6843553344590299,Mercedes,GLC,CNG,Automatic,First,10,146564.0,3982.0,13324.0
MH 30 NB 4358,3100.0,4,17,2,1,0,0.09024247655763246,0.1268552436247089,-1.2788729831221701,0.30484350517969,Hyundai,Creta,Electric,Manual,First,9,122896.0,0.0,12289.6
DL 48 DB 5201,2500.0,5,9,0,0,2,1.1604805761500483,0.2530681386318176,-0.26380572061243246,-0.991968667839215,Mahindra,Bolero,CNG,Automatic,Second,14,131325.0,1197.0,8755.0
DL 79 DC 5101,15200.0,10,26,0,0,2,-1.1940432429532666,-1.2681947966086873,0.585051697743664,-1.4772734553288196,Toyota,Fortuner,CNG,Automatic,Second,3,29729.0,2198.0,7432.25
TS 13 CQ 4757,2800.0,0,4,1,1,1,1.3745281960685316,1.184204557663382,0.8386065110188615,0.2332172514373666,Audi,A6,Diesel,Manual,Fourth & Above,15,193510.0,2497.0,12094.375
WB 74 AV 5509,2500.0,0,39,3,0,2,1.5885758159870147,1.2623969574411873,0.4154498159542341,0.08489895337633634,Audi,Q5,Hybrid,Automatic,Second,16,198732.0,1998.0,11690.117647058823
KL 08 VO 4696,6200.0,1,1,1,1,2,0.5183377163945988,0.007784779619900684,0.8386065110188615,-0.6897729569120274,BMW,5 Series,Diesel,Manual,Second,11,114944.0,2497.0,9578.666666666666
KA 21 PM 1124,3000.0,0,4,1,0,3,1.3745281960685316,0.417853155781329,2.097900483305378,-0.9403746510252097,Audi,A6,Diesel,Automatic,Third,15,142330.0,3982.0,8895.625
DL 10 EN 2776,2500.0,2,25,2,1,0,1.3745281960685316,1.3366662609451925,-1.2788729831221701,0.4666973755263457,Ford,F-150,Electric,Manual,First,15,203692.0,0.0,12730.75
UP 69 VS 4532,3200.0,8,29,0,0,1,0.5183377163945988,0.08882217287870628,-0.26380572061243246,-0.5243052123209773,Tata,Harrier,CNG,Automatic,Fourth & Above,11,120356.0,1197.0,10029.666666666666
TN 26 MJ 7152,2500.0,5,9,3,0,3,0.5183377163945988,0.6731988075260465,0.24669594357375135,0.6689153472050606,Mahindra,Bolero,Hybrid,Automatic,Third,11,159383.0,1799.0,13281.916666666666
KA 72 PM 3215,2500.0,6,18,1,1,2,1.1604805761500483,1.8192669972222257,0.4162978253631812,1.5664097033344848,Maruti,Dzire,Diesel,Manual,Second,14,235922.0,1999.0,15728.133333333333
GJ 11 KQ 9807,3000.0,10,26,1,1,0,0.5183377163945988,0.5210066299424361,0.585051697743664,0.3581588512657712,Toyota,Fortuner,Diesel,Manual,First,11,149219.0,2198.0,12434.916666666666
DL 18 ZZ 4612,5100.0,3,12,1,1,1,-0.12380514336085073,-0.09462749887115639,0.07624605237537437,0.2028519431712276,Honda,CR-V,Diesel,Manual,Fourth & Above,8,108104.5,1598.0,12011.611111111111
TS 59 FV 5527,3200.0,9,34,2,0,0,1.1604805761500483,1.1018944041630763,-1.2788729831221701,0.3945849914922641,Tesla,Model S,Electric,Automatic,First,14,188013.0,0.0,12534.2
WB 75 CC 4119,2500.0,4,21,4,1,0,1.3745281960685316,1.8644874199202288,-0.00940289792828771,1.2750036389457637,Hyundai,Elantra,Petrol,Manual,First,15,238942.0,1497.0,14933.875
TS 41 MV 2886,13500.0,5,47,3,1,0,-1.40809086287175,-1.1918291821186822,0.4162978253631812,0.05538222992704791,Mahindra,Thar,Hybrid,Manual,First,2,34829.0,1999.0,11609.666666666666
KA 20 FY 5734,4300.0,6,10,1,0,3,-0.3378527632793339,-0.58139839664534,0.07624605237537437,-0.737163016800447,Maruti,Brezza,Diesel,Automatic,Third,7,75596.0,1598.0,9449.5
TN 01 VI 5024,2500.0,6,23,0,0,1,1.3745281960685316,0.8320542593151575,-0.43171158358396805,-0.30606634297675744,Maruti,Ertiga,CNG,Automatic,Fourth & Above,15,169992.0,999.0,10624.5
DL 53 EZ 5414,7700.0,8,43,3,1,1,-0.5519003831978171,-0.856614081807359,-0.1366043092703601,-1.2052370405794697,Tata,Safari,Hybrid,Manual,Fourth & Above,6,57216.0,1347.0,8173.714285714285
TN 81 PB 7663,4300.0,6,8,3,1,1,-0.5519003831978171,-0.6446920147726444,0.4162978253631812,-0.46343628378595203,Maruti,Baleno,Hybrid,Manual,Fourth & Above,6,71369.0,1999.0,10195.57142857143
WB 68 FE 2057,28800.0,1,1,2,0,0,-1.1940432429532666,-1.1250392167397274,-1.2788729831221701,-0.6003586148838442,BMW,5 Series,Electric,Automatic,First,3,39289.5,0.0,9822.375
HR 83 FR 8760,2500.0,10,41,3,1,0,1.3745281960685316,2.2349205447963545,-0.00940289792828771,1.842285586484288,Toyota,RAV4,Hybrid,Manual,First,15,263681.0,1497.0,16480.0625
WB 09 EW 7554,3400.0,5,55,0,1,1,0.30429009647611566,0.11140243692790783,1.4330611066908132,-0.13948124917308893,Mahindra,XUV700,CNG,Manual,Fourth & Above,10,121864.0,3198.0,11078.545454545454
AP 97 WE 7033,4600.0,0,39,3,0,3,0.5183377163945988,0.5172781911173359,0.8386065110188615,0.35054586745143795,Audi,Q5,Hybrid,Automatic,Third,11,148970.0,2497.0,12414.166666666666
AP 38 UM 3566,30400.0,9,34,2,1,1,-1.1940432429532666,-1.2243968706511843,-1.2788729831221701,-1.2089845678959916,Tesla,Model S,Electric,Manual,Fourth & Above,3,32654.0,0.0,8163.5
WB 24 JG 1381,4500.0,4,50,2,1,3,-0.3378527632793339,0.050669312933503644,-0.00940289792828771,1.198736216757594,Hyundai,Tucson,Electric,Manual,Third,7,117808.0,1497.0,14726.0
TS 31 RW 9207,18800.0,11,38,3,0,0,-1.622138482790233,-1.4974713238775033,-0.26380572061243246,-1.5593652687484372,Volkswagen,Polo,Hybrid,Automatic,First,1,14417.0,1197.0,7208.5
WB 82 BJ 4912,3000.0,6,8,2,1,3,-0.12380514336085073,-0.28465060292711947,-1.2788729831221701,-0.3144844482386577,Maruti,Baleno,Electric,Manual,Third,8,95414.0,0.0,10601.555555555555
DL 19 ZD 2475,5000.0,1,1,1,0,3,0.30429009647611566,1.000897135587569,0.4154498159542341,1.8418624113160766,BMW,5 Series,Diesel,Automatic,Third,10,181268.0,1998.0,16478.909090909092
WB 87 GP 4551,13200.0,3,7,4,1,2,-1.40809086287175,-1.2580127146766866,-0.26380572061243246,-0.4851701951227979,Honda,Amaze,Petrol,Manual,Second,2,30409.0,1197.0,10136.333333333334
UP 98 QP 6364,9400.0,2,20,2,1,0,-0.5519003831978171,-0.07937683644800533,-1.2788729831221701,1.5153629652766103,Ford,EcoSport,Electric,Manual,First,6,109123.0,0.0,15589.0
TN 04 SD 6481,12300.0,8,37,0,1,0,-1.40809086287175,-1.1196711632505771,-0.26380572061243246,0.6447311295458737,Tata,Nexon,CNG,Manual,First,2,39648.0,1197.0,13216.0
KL 34 XJ 2961,2500.0,8,37,4,1,1,0.732385336313082,1.2754989011036881,-0.00940289792828771,1.429284742352731,Tata,Nexon,Petrol,Manual,Fourth & Above,12,199607.0,1497.0,15354.384615384615
TN 10 JT 2161,2500.0,9,35,2,0,3,1.5885758159870147,2.372738018475964,-1.2788729831221701,1.6852549811134108,Tesla,Model Y,Electric,Automatic,Third,16,272885.0,0.0,16052.058823529413
UP 18 YN 4190,6500.0,3,7,1,0,1,-0.3378527632793339,-0.7282599548645501,-0.00940289792828771,-1.186971120722016,Honda,Amaze,Diesel,Automatic,Fourth & Above,7,65788.0,1497.0,8223.5
AP 10 CI 1597,3900.0,2,24,4,1,1,0.30429009647611566,0.4380675831463304,-0.00940289792828771,0.5881632410503242,Ford,Explorer,Petrol,Manual,Fourth & Above,10,143680.0,1497.0,13061.818181818182
TS 31 PM 8023,15400.0,9,34,2,0,0,-0.3378527632793339,-0.6914247761105475,-1.2788729831221701,-1.0741522039553908,Tesla,Model S,Electric,Automatic,First,7,68248.0,0.0,8531.0
DL 47 MM 2448,2500.0,8,37,4,1,2,0.9464329562315652,0.0933891360982066,-0.43171158358396805,-1.0419968471905479,Tata,Nexon,Petrol,Manual,Second,13,120661.0,999.0,8618.642857142857
TS 46 BN 9340,2500.0,10,30,1,1,2,0.732385336313082,0.9741092759164673,1.057392938527226,0.8612249157914729,Toyota,Highlander,Diesel,Manual,Second,12,179479.0,2755.0,13806.076923076924
GJ 34 JX 1660,8400.0,6,8,2,0,2,-1.1940432429532666,-1.0529785265959726,-1.2788729831221701,-0.15894313769735358,Maruti,Baleno,Electric,Automatic,Second,3,44102.0,0.0,11025.5
KL 86 RX 9660,4300.0,3,5,0,0,2,-0.3378527632793339,0.07997274578780567,-0.00940289792828771,1.2884868753398238,Honda,Accord,CNG,Automatic,Second,7,119765.0,1497.0,14970.625
KL 89 WA 1778,2500.0,2,20,0,1,0,1.3745281960685316,0.6131694450769425,-0.43171158358396805,-0.6412669375488157,Ford,EcoSport,CNG,Manual,First,15,155374.0,999.0,9710.875
MH 52 YT 7893,2500.0,6,10,1,1,1,1.1604805761500483,1.679727553804116,-0.00940289792828771,1.3384726875408417,Maruti,Brezza,Diesel,Manual,Fourth & Above,14,226603.0,1497.0,15106.866666666667
TS 75 MU 5066,9800.0,0,40,0,0,0,-0.3378527632793339,0.048842527645703515,1.2592191778566475,1.1931411322675418,Audi,Q7,CNG,Automatic,First,7,117686.0,2993.0,14710.75
DL 38 YE 8043,2500.0,2,25,3,1,2,0.9464329562315652,0.4782269121781331,1.057392938527226,-0.3684639831210863,Ford,F-150,Hybrid,Manual,Second,13,146362.0,2755.0,10454.42857142857
KL 98 NA 8241,2500.0,8,48,3,0,2,1.3745281960685316,1.056344561167273,0.07624605237537437,0.03741222495968121,Tata,Tiago,Hybrid,Automatic,Second,15,184971.0,1598.0,11560.6875
TS 84 HQ 3269,8000.0,2,24,1,1,3,-0.3378527632793339,-0.21157919141511444,0.4162978253631812,0.3955205629971578,Ford,Explorer,Diesel,Manual,Third,7,100294.0,1999.0,12536.75
UP 79 NK 1490,5800.0,11,38,2,1,2,-0.3378527632793339,0.06176478750940441,-1.2788729831221701,1.232719475832419,Volkswagen,Polo,Electric,Manual,Second,7,118549.0,0.0,14818.625
AP 74 ML 7667,7300.0,6,8,1,0,3,-0.9799956230347835,-0.8440511895412581,-0.43171158358396805,0.05587141764202537,Maruti,Baleno,Diesel,Automatic,Third,4,58055.0,999.0,11611.0
GJ 41 SK 2969,4500.0,11,38,2,1,2,0.30429009647611566,-0.44925593627783084,-1.2788729831221701,-1.388344131802134,Volkswagen,Polo,Electric,Manual,Second,10,84421.0,0.0,7674.636363636364
MH 62 YH 1016,12900.0,7,19,0,0,3,-0.12380514336085073,-0.25358027938461736,0.4154498159542341,-0.22989573919051018,Mercedes,E-Class,CNG,Automatic,Third,8,97489.0,1998.0,10832.111111111111
AP 65 GC 2330,13200.0,10,31,2,1,0,-1.1940432429532666,-1.01496042949987,-1.2788729831221701,0.07394078886399703,Toyota,Innova,Electric,Manual,First,3,46641.0,0.0,11660.25
UP 83 IC 5801,6500.0,11,32,4,1,0,-0.5519003831978171,-0.190436397756313,0.07624605237537437,1.1266159707780925,Volkswagen,Jetta,Petrol,Manual,First,6,101706.0,1598.0,14529.42857142857
MH 07 XL 4612,7800.0,11,38,1,1,1,-0.5519003831978171,-0.9064164413747624,0.4162978253631812,-1.3795625770095719,Volkswagen,Polo,Diesel,Manual,Fourth & Above,6,53890.0,1999.0,7698.571428571428
KL 18 XM 7744,5200.0,11,49,2,0,1,-0.12380514336085073,-0.6902568314183475,-1.2788729831221701,-1.4187441835139392,Volkswagen,Tiguan,Electric,Automatic,Fourth & Above,8,68326.0,0.0,7591.777777777777
MH 73 WT 2094,2700.0,11,32,4,0,1,0.732385336313082,0.39145461100762713,0.07624605237537437,-0.236963874508194,Volkswagen,Jetta,Petrol,Automatic,Fourth & Above,12,140567.0,1598.0,10812.846153846154
DL 12 EK 6863,19800.0,7,11,3,1,2,-0.9799956230347835,-0.6178592341518425,0.8386065110188615,1.1643218610089456,Mercedes,C-Class,Hybrid,Manual,Second,4,73161.0,2497.0,14632.2
DL 22 VD 2287,7500.0,9,33,2,0,0,0.30429009647611566,0.0732795242825052,-1.2788729831221701,-0.22439978933209145,Tesla,Model 3,Electric,Automatic,First,10,119318.0,0.0,10847.09090909091
KL 70 SL 7160,2500.0,0,4,2,1,3,1.5885758159870147,1.141349971649579,-1.2788729831221701,-0.08956840638289819,Audi,A6,Electric,Manual,Third,16,190648.0,0.0,11214.588235294117
MH 75 KB 3307,3000.0,3,5,0,0,3,0.30429009647611566,0.22295612868291553,-0.00940289792828771,0.10900387423012117,Honda,Accord,CNG,Automatic,Third,10,129314.0,1497.0,11755.818181818182
WB 33 DM 8707,2500.0,8,43,3,0,0,1.3745281960685316,2.289694156130558,-0.26380572061243246,1.926165992486791,Tata,Safari,Hybrid,Automatic,First,15,267339.0,1197.0,16708.6875
MH 82 CP 9785,2500.0,6,46,2,1,2,0.732385336313082,1.4096777778575975,-1.2788729831221701,1.6821853835399054,Maruti,Swift,Electric,Manual,Second,12,208568.0,0.0,16043.692307692309
KL 94 VT 8175,5300.0,2,36,2,1,3,0.30429009647611566,-0.05378686876890357,-1.2788729831221701,-0.5074393540568753,Ford,Mustang,Electric,Manual,Third,10,110832.0,0.0,10075.636363636364
DL 74 YO 1375,6100.0,1,54,4,1,3,0.09024247655763246,0.5908437330760409,2.097900483305378,1.4417279844796616,BMW,X5,Petrol,Manual,Third,9,153883.0,3982.0,15388.3
KL 31 MQ 3400,10100.0,5,9,2,0,0,-0.9799956230347835,-0.7519332953564517,-1.2788729831221701,0.507293841023019,Mahindra,Bolero,Electric,Automatic,First,4,64207.0,0.0,12841.4
WB 21 CM 6997,2500.0,10,41,1,1,2,1.5885758159870147,1.127948554989078,0.4162978253631812,-0.1088841271875142,Toyota,RAV4,Diesel,Manual,Second,16,189753.0,1999.0,11161.941176470587
MH 10 SE 6363,17700.0,10,41,2,1,0,-1.40809086287175,-1.1370405971345783,-1.2788729831221701,0.5028666922024754,Toyota,RAV4,Electric,Manual,First,2,38488.0,0.0,12829.333333333334
GJ 37 ZR 1264,31100.0,0,40,0,0,2,-1.40809086287175,-1.175522877377581,2.097900483305378,0.18856358532960052,Audi,Q7,CNG,Automatic,Second,2,35918.0,3982.0,11972.666666666666
HR 65 JU 3129,2500.0,2,24,0,1,1,1.3745281960685316,2.0573779779320422,0.4162978253631812,1.5703965832115494,Ford,Explorer,CNG,Manual,Fourth & Above,15,251824.0,1999.0,15739.0
WB 70 QO 1586,14000.0,7,42,0,1,0,-0.5519003831978171,-0.18293459915641247,1.2592191778566475,1.152874868478478,Mercedes,S-Class,CNG,Manual,First,6,102207.0,2993.0,14601.0
DL 70 YV 4059,31200.0,9,34,2,0,1,-1.40809086287175,-1.3760350231884948,-1.2788729831221701,-1.4491145874854425,Tesla,Model S,Electric,Automatic,Fourth & Above,2,22527.0,0.0,7509.0
KL 50 RE 8151,19000.0,10,26,0,1,1,-1.40809086287175,-1.3297514713475915,2.9196216005751654,-1.0710947807367828,Toyota,Fortuner,CNG,Manual,Fourth & Above,2,25618.0,4951.0,8539.333333333334
WB 69 KV 9591,2500.0,6,18,0,1,1,0.732385336313082,1.2508822206680865,0.4162978253631812,1.3828871690783515,Maruti,Dzire,CNG,Manual,Fourth & Above,12,197963.0,1999.0,15227.923076923076
TS 97 MM 6437,3000.0,10,30,3,1,3,0.5183377163945988,0.7906371436917548,0.585051697743664,0.9087090502404649,Toyota,Highlander,Hybrid,Manual,Third,11,167226.0,2198.0,13935.5
MH 68 MO 7456,2500.0,11,52,3,1,3,1.3745281960685316,0.1747409760049122,-0.00940289792828771,-1.3126770763550726,Volkswagen,Virtus,Hybrid,Manual,Third,15,126094.0,1497.0,7880.875
DL 25 RS 2689,18900.0,1,1,1,1,2,-0.7659480031163003,-0.4440600797625305,1.2592191778566475,0.9793355265903034,BMW,5 Series,Diesel,Manual,Second,5,84768.0,2993.0,14128.0
KL 23 KM 3747,3200.0,4,17,3,1,3,0.5183377163945988,0.08975053917250633,0.4162978253631812,-0.52240960992544,Hyundai,Creta,Hybrid,Manual,Third,11,120418.0,1999.0,10034.833333333334
GJ 14 RW 7409,18400.0,0,4,1,0,3,-0.9799956230347835,-0.639301500808644,0.4154498159542341,1.0592443398318347,Audi,A6,Diesel,Automatic,Third,4,71729.0,1998.0,14345.8
KL 99 VJ 5287,2500.0,4,50,3,0,3,1.5885758159870147,2.527475716542575,-0.43171158358396805,1.9082814155211203,Hyundai,Tucson,Hybrid,Automatic,Third,16,283219.0,999.0,16659.941176470587
MH 07 GQ 6465,8200.0,1,0,0,1,0,0.30429009647611566,-0.004044403801100133,2.097900483305378,-0.39663833661453135,BMW,3 Series,CNG,Manual,First,10,114154.0,3982.0,10377.636363636364
HR 59 DK 6370,7900.0,0,4,3,1,1,-0.12380514336085073,0.215559145632315,1.2592191778566475,1.0473326189721395,Audi,A6,Hybrid,Manual,Fourth & Above,8,128820.0,2993.0,14313.333333333334
AP 58 KB 1263,5700.0,1,0,1,0,1,0.30429009647611566,0.6129148930286424,0.4154498159542341,0.9776344874904961,BMW,3 Series,Diesel,Automatic,Fourth & Above,10,155357.0,1998.0,14123.363636363636
MH 59 MT 9670,4100.0,0,39,4,0,0,0.732385336313082,1.0302454893915711,0.4154498159542341,0.9670305740674147,Audi,Q5,Petrol,Automatic,First,12,183228.0,1998.0,14094.461538461539
DL 66 QR 6706,14700.0,3,7,1,0,0,-1.622138482790233,-1.4582703084393005,-0.00940289792828771,-1.0791052295695354,Honda,Amaze,Diesel,Automatic,First,1,17035.0,1497.0,8517.5
UP 65 NZ 8369,2500.0,8,29,2,0,0,0.732385336313082,1.4528318368694004,-1.2788729831221701,1.7635222486109279,Tata,Harrier,Electric,Automatic,First,12,211450.0,0.0,16265.384615384615
WB 36 RU 6562,4000.0,6,18,2,0,3,-0.12380514336085073,-0.37227640214192553,-1.2788729831221701,-0.5530449905758894,Maruti,Dzire,Electric,Automatic,Third,8,89562.0,0.0,9951.333333333334
HR 79 DC 8014,24800.0,9,34,2,0,2,-1.1940432429532666,-0.8580216048979591,-1.2788729831221701,1.035286371490825,Tesla,Model S,Electric,Automatic,Second,3,57122.0,0.0,14280.5
DL 76 UH 2191,2500.0,4,21,4,1,2,0.732385336313082,1.4151431600710977,-0.00940289792828771,1.6924865479225988,Hyundai,Elantra,Petrol,Manual,Second,12,208933.0,1497.0,16071.76923076923
TN 67 GU 7974,3300.0,1,1,4,1,0,0.9464329562315652,1.4668172258760013,1.2592191778566475,1.3617405517839372,BMW,5 Series,Petrol,Manual,First,13,212384.0,2993.0,15170.285714285714
KL 19 PW 4638,2500.0,6,8,0,0,1,0.9464329562315652,0.4285593154598297,0.24669594357375135,-0.45539089297355884,Maruti,Baleno,CNG,Automatic,Fourth & Above,13,143045.0,1799.0,10217.5
GJ 95 WF 7042,12300.0,8,6,2,1,0,-1.40809086287175,-1.2258493146914844,-1.2788729831221701,-0.22247639218002194,Tata,Altroz,Electric,Manual,First,2,32557.0,0.0,10852.333333333334
MH 26 TE 1116,3500.0,7,19,1,1,2,1.1604805761500483,1.0517775979477728,0.8386065110188615,0.31271942739082365,Mercedes,E-Class,Diesel,Manual,Second,14,184666.0,2497.0,12311.066666666668
DL 92 RO 6652,2500.0,11,49,4,1,1,1.1604805761500483,0.14654559324321026,-0.00940289792828771,-1.165972738056618,Volkswagen,Tiguan,Petrol,Manual,Fourth & Above,14,124211.0,1497.0,8280.733333333334
KL 60 KI 6950,3000.0,10,26,4,0,2,0.5183377163945988,0.9067128777165627,1.057392938527226,1.145720498146936,Toyota,Fortuner,Petrol,Automatic,Second,11,174978.0,2755.0,14581.5
GJ 86 XO 7265,12300.0,6,10,0,1,3,-1.622138482790233,-1.5490106268333068,-0.26380572061243246,-2.190784311855305,Maruti,Brezza,CNG,Manual,Third,1,10975.0,1197.0,5487.5
KA 59 VG 4249,2500.0,11,32,1,0,0,0.9464329562315652,0.6557994263422454,0.4162978253631812,-0.057681280697065636,Volkswagen,Jetta,Diesel,Automatic,First,13,158221.0,1999.0,11301.5
UP 79 GX 7749,2500.0,5,55,3,1,2,0.5183377163945988,1.2505378267203864,1.057392938527226,1.8477660176036423,Mahindra,XUV700,Hybrid,Manual,Second,11,197940.0,2755.0,16495.0
MH 31 FK 6958,16100.0,2,36,0,1,3,-1.1940432429532666,-1.1250392167397274,1.057392938527226,-0.6003586148838442,Ford,Mustang,CNG,Manual,Third,3,39289.5,2755.0,9822.375
WB 60 XX 9078,7600.0,9,33,2,0,0,0.30429009647611566,0.03526142718640258,-1.2788729831221701,-0.309084853536219,Tesla,Model 3,Electric,Automatic,First,10,116779.0,0.0,10616.272727272728
KL 79 WX 2908,23700.0,1,1,0,0,3,-0.9799956230347835,-0.8940781538571615,0.8386065110188615,-0.18928500571881693,BMW,5 Series,CNG,Automatic,Third,4,54714.0,2497.0,10942.8
DL 86 TO 9634,17600.0,2,20,2,1,2,-1.40809086287175,-1.4238009663694982,-1.2788729831221701,-1.8392417901797884,Ford,EcoSport,Electric,Manual,Second,2,19337.0,0.0,6445.666666666667
WB 97 DE 6968,3000.0,5,47,3,1,2,0.30429009647611566,0.28734282325292,-0.26380572061243246,0.2524248179393561,Mahindra,Thar,Hybrid,Manual,Second,10,133614.0,1197.0,12146.727272727272
UP 57 LV 4450,3700.0,8,37,3,0,1,0.30429009647611566,-0.18813045567171283,0.24669594357375135,-0.8066888207915868,Tata,Nexon,Hybrid,Automatic,Fourth & Above,10,101860.0,1799.0,9260.0
TN 26 AI 5949,19300.0,9,34,2,0,0,-0.7659480031163003,-0.5784036666653397,-1.2788729831221701,0.43071150424333254,Tesla,Model S,Electric,Automatic,First,5,75796.0,0.0,12632.666666666666
MH 27 XS 2533,2700.0,1,54,0,0,0,1.1604805761500483,1.73769055256702,2.097900483305378,1.4331549697746853,BMW,X5,CNG,Automatic,First,14,230474.0,3982.0,15364.933333333332
KL 36 UX 9378,2500.0,10,16,0,0,0,0.5183377163945988,0.9464679182010655,-0.26380572061243246,1.2268950846009712,Toyota,Corolla,CNG,Automatic,First,11,177633.0,1197.0,14802.75
KL 12 TD 3378,5700.0,1,0,2,1,2,0.30429009647611566,0.24706370502191718,-1.2788729831221701,0.16270334385148588,BMW,3 Series,Electric,Manual,Second,10,130924.0,0.0,11902.181818181818
WB 18 BD 2462,2500.0,8,37,1,1,1,0.732385336313082,1.0608516297871733,0.07624605237537437,1.0247170946104998,Tata,Nexon,Diesel,Manual,Fourth & Above,12,185272.0,1598.0,14251.692307692309
KL 18 XK 9669,9900.0,3,15,1,1,0,-0.9799956230347835,-0.9702790581982668,0.24669594357375135,-0.5627064479466901,Honda,Civic,Diesel,Manual,First,4,49625.0,1799.0,9925.0
TS 27 RA 3930,2500.0,5,55,1,1,3,0.30429009647611566,0.9300268506108643,1.057392938527226,1.6839993121123995,Mahindra,XUV700,Diesel,Manual,Third,10,176535.0,2755.0,16048.636363636364
GJ 88 MU 9598,2500.0,5,44,1,1,0,0.9464329562315652,0.19717150355511376,-0.00940289792828771,-0.8603597015205177,Mahindra,Scorpio,Diesel,Manual,First,13,127592.0,1497.0,9113.714285714286
UP 25 WL 6733,2500.0,2,25,1,1,3,1.5885758159870147,1.618814746010912,2.9196216005751654,0.5986107995352995,Ford,F-150,Diesel,Manual,Third,16,222535.0,4951.0,13090.29411764706
UP 64 AY 2592,2700.0,9,35,2,1,3,1.1604805761500483,1.7217286417736188,-1.2788729831221701,1.407081264566399,Tesla,Model Y,Electric,Manual,Third,14,229408.0,0.0,15293.866666666667
MH 28 AI 2227,4800.0,1,54,3,0,3,0.9464329562315652,0.14648569864361025,2.097900483305378,-0.9490686523346937,BMW,X5,Hybrid,Automatic,Third,13,124207.0,3982.0,8871.92857142857
MH 62 HR 9107,2700.0,9,33,2,0,0,1.5885758159870147,0.5845398264681405,-1.2788729831221701,-0.892109628550994,Tesla,Model 3,Electric,Automatic,First,16,153462.0,0.0,9027.176470588236
MH 17 JQ 2753,5500.0,7,11,4,0,1,0.5183377163945988,0.6097105319500422,0.4154498159542341,0.5392806027360935,Mercedes,C-Class,Petrol,Automatic,Fourth & Above,11,155143.0,1998.0,12928.583333333334
KA 03 TL 7644,3300.0,4,50,4,1,3,-0.12380514336085073,0.4109203558776285,-0.43171158358396805,1.5792019620811395,Hyundai,Tucson,Petrol,Manual,Third,8,141867.0,999.0,15763.0
TS 48 JN 3825,9300.0,5,9,0,1,3,-0.7659480031163003,-0.7354772541163506,0.07624605237537437,-0.21073588702056825,Mahindra,Bolero,CNG,Manual,Third,5,65306.0,1598.0,10884.333333333334
GJ 08 YD 9424,33600.0,1,53,3,0,1,-1.622138482790233,-1.4443747613320994,0.4154498159542341,-0.908867904757457,BMW,X3,Hybrid,Automatic,Fourth & Above,1,17963.0,1998.0,8981.5
HR 98 CP 3652,3600.0,3,15,2,1,0,0.30429009647611566,-0.4059970617167279,-1.2788729831221701,-1.2919852698542316,Honda,Civic,Electric,Manual,First,10,87310.0,0.0,7937.272727272727
KA 44 WB 8593,2500.0,8,48,3,0,0,1.3745281960685316,1.3521040939920934,-0.26380572061243246,0.49033890056422996,Tata,Tiago,Hybrid,Automatic,First,15,204723.0,1197.0,12795.1875
TN 37 LQ 5514,2500.0,3,5,4,0,2,1.3745281960685316,1.2428039365470358,-0.00940289792828771,0.32295644468252666,Honda,Accord,Petrol,Automatic,Second,15,197423.5,1497.0,12338.96875
TS 69 QV 6821,2800.0,5,44,1,1,0,0.30429009647611566,0.7094200666341491,0.24669594357375135,1.1925991345151525,Mahindra,Scorpio,Diesel,Manual,First,10,161802.0,1799.0,14709.272727272728
WB 26 TM 3565,11600.0,5,9,1,1,0,-1.1940432429532666,-1.0414937371226718,-0.00940289792828771,-0.08859182943718977,Mahindra,Bolero,Diesel,Manual,First,3,44869.0,1497.0,11217.25
DL 18 WP 1310,10700.0,5,44,1,1,3,-1.1940432429532666,-0.9132144784293629,0.24669594357375135,0.6971965119771824,Mahindra,Scorpio,Diesel,Manual,Third,3,53436.0,1799.0,13359.0
TN 58 SP 8657,6800.0,10,13,3,0,0,-0.12380514336085073,-0.23183853972981586,-0.43171158358396805,-0.17070402567826434,Toyota,Camry,Hybrid,Automatic,First,8,98941.0,999.0,10993.444444444445
WB 90 IS 1049,2500.0,3,12,0,1,0,1.3745281960685316,1.2428039365470358,0.4162978253631812,0.32295644468252666,Honda,CR-V,CNG,Manual,First,15,197423.5,1999.0,12338.96875
KL 51 ZT 9670,2500.0,4,45,3,1,3,1.1604805761500483,0.6528046963622451,0.4162978253631812,-0.3390009058875998,Hyundai,Sonata,Hybrid,Manual,Third,14,158021.0,1999.0,10534.733333333334
AP 13 EG 8945,2500.0,5,55,4,0,1,1.1604805761500483,0.43049091629692987,1.4330611066908132,-0.7021494061009517,Mahindra,XUV700,Petrol,Automatic,Fourth & Above,14,143174.0,3198.0,9544.933333333332
GJ 86 ST 5736,36300.0,7,11,1,1,3,-1.622138482790233,-1.4907930760221026,2.097900483305378,-1.4775486234184945,Mercedes,C-Class,Diesel,Manual,Third,1,14863.0,3982.0,7431.5
KL 07 QO 9856,26000.0,0,3,3,1,1,-1.40809086287175,-1.2131067386265835,0.8386065110188615,-0.11840170581861512,Audi,A4,Hybrid,Manual,Fourth & Above,2,33408.0,2497.0,11136.0
WB 90 YT 9404,2500.0,2,36,4,0,0,1.1604805761500483,0.8900771526776615,0.585051697743664,0.0485825206888645,Ford,Mustang,Petrol,Automatic,First,14,173867.0,2198.0,11591.133333333333
GJ 04 CR 7537,4300.0,0,40,2,1,3,0.732385336313082,1.3566560835616936,-1.2788729831221701,1.5822499778436898,Audi,Q7,Electric,Manual,Third,12,205027.0,0.0,15771.307692307691
TN 70 FB 1420,6200.0,7,27,3,1,1,0.732385336313082,0.03506676973770256,1.2592191778566475,-0.9086844593643405,Mercedes,GLC,Hybrid,Manual,Fourth & Above,12,116766.0,2993.0,8982.0
HR 77 MC 2376,2900.0,7,42,4,1,2,1.3745281960685316,1.0582462147045733,2.097900483305378,0.04032442057540507,Mercedes,S-Class,Petrol,Manual,Second,15,185098.0,3982.0,11568.625
AP 75 VP 1819,24700.0,2,22,1,0,2,-1.622138482790233,-1.4422485030462993,2.9196216005751654,-0.8828186589349192,Ford,Endeavour,Diesel,Automatic,Second,1,18105.0,4951.0,9052.5
KL 71 UH 3900,20400.0,7,11,4,0,0,-0.7659480031163003,-0.9206713560795634,1.2592191778566475,-0.967020094375376,Mercedes,C-Class,Petrol,Automatic,First,5,52938.0,2993.0,8823.0
TN 78 NW 5637,4300.0,5,44,4,0,1,0.09024247655763246,-0.1484952043864101,-0.26380572061243246,-0.3698319616240399,Mahindra,Scorpio,Petrol,Automatic,Fourth & Above,9,104507.0,1197.0,10450.7
HR 20 CO 1190,21000.0,0,40,0,0,0,-0.9799956230347835,-0.8485732318110584,1.2592191778566475,0.03371121415355669,Audi,Q7,CNG,Automatic,First,4,57753.0,2993.0,11550.6
MH 01 QS 4637,10700.0,2,22,3,1,1,-0.5519003831978171,-0.8792991614058605,1.4330611066908132,-1.2846426893141671,Ford,Endeavour,Hybrid,Manual,Fourth & Above,6,55701.0,3198.0,7957.285714285715
AP 62 EY 9637,26800.0,7,42,0,1,1,-0.9799956230347835,-0.8701053403672598,0.8386065110188615,-0.07180657596703334,Mercedes,S-Class,CNG,Manual,Fourth & Above,4,56315.0,2497.0,11263.0
KA 76 YX 5067,15600.0,5,47,4,0,0,-1.1940432429532666,-1.2792154029350882,-0.26380572061243246,-1.5447813599956783,Mahindra,Thar,Petrol,Automatic,First,3,28993.0,1197.0,7248.25
AP 01 KF 5073,2500.0,4,51,2,1,2,0.5183377163945988,1.316361991680791,-1.2788729831221701,1.9821703422936376,Hyundai,Verna,Electric,Manual,Second,11,202336.0,0.0,16861.333333333332
HR 97 JP 3369,9800.0,10,41,3,1,2,-0.5519003831978171,-0.4742020370112326,-0.00940289792828771,0.13333778650663478,Toyota,RAV4,Hybrid,Manual,Second,6,82755.0,1497.0,11822.142857142857
AP 52 CP 8933,4500.0,7,11,1,0,3,0.9464329562315652,0.8301076848281574,0.4154498159542341,0.24738840805561343,Mercedes,C-Class,Diesel,Automatic,Third,13,169862.0,1998.0,12133.0
KL 71 ED 5448,4300.0,9,33,2,1,0,0.732385336313082,1.0328359308242714,-1.2788729831221701,0.9719130437611295,Tesla,Model 3,Electric,Manual,First,12,183401.0,0.0,14107.76923076923
AP 81 MI 9944,4000.0,3,14,4,1,3,-0.12380514336085073,-0.19371562708441323,0.24669594357375135,-0.06691469881726075,Honda,City,Petrol,Manual,Third,8,101487.0,1799.0,11276.333333333334
HR 89 CK 6575,3300.0,8,48,0,0,3,0.09024247655763246,0.35640129659172476,0.24669594357375135,0.8672870804747675,Tata,Tiago,CNG,Automatic,Third,9,138226.0,1799.0,13822.6
KL 47 HW 7250,15200.0,0,39,4,1,2,-0.5519003831978171,-0.2547482240768174,0.4154498159542341,0.9015022669394611,Audi,Q5,Petrol,Manual,Second,6,97411.0,1998.0,13915.857142857143
GJ 97 YR 7469,21900.0,9,33,2,1,2,-0.7659480031163003,-0.9861211797924679,-1.2788729831221701,-1.2343000321460635,Tesla,Model 3,Electric,Manual,Second,5,48567.0,0.0,8094.5
TN 49 PA 1805,15900.0,1,54,1,1,3,-0.5519003831978171,-0.697893392867348,1.2592191778566475,-0.6496595642838938,BMW,X5,Diesel,Manual,Third,6,67816.0,2993.0,9688.0
AP 49 VI 8125,6200.0,10,26,0,0,2,-0.3378527632793339,0.0038916306459004153,0.585051697743664,1.0554653647336358,Toyota,Fortuner,CNG,Automatic,Second,7,114684.0,2198.0,14335.5
TS 63 YO 6569,11600.0,8,6,3,1,0,-1.1940432429532666,-1.2692878730513875,-0.00940289792828771,-1.4839692121775705,Tata,Altroz,Hybrid,Manual,First,3,29656.0,1497.0,7414.0
TN 55 EH 7054,10500.0,6,46,3,1,2,-1.40809086287175,-1.205979281274183,0.24669594357375135,-0.060188367736324196,Maruti,Swift,Hybrid,Manual,Second,2,33884.0,1799.0,11294.666666666666
AP 81 KT 6685,19300.0,7,28,1,0,3,-0.9799956230347835,-0.6989116010605481,1.2592191778566475,0.7671258958331784,Mercedes,GLE,Diesel,Automatic,Third,4,67748.0,2993.0,13549.6
MH 98 ZO 8015,2500.0,1,0,1,1,0,1.5885758159870147,1.9232589957777328,0.8386065110188615,1.0374121798698805,BMW,3 Series,Diesel,Manual,First,16,242867.0,2497.0,14286.29411764706
MH 36 WD 2512,5600.0,5,9,0,1,1,-0.3378527632793339,-0.393553958649827,-0.43171158358396805,-0.1618324026389379,Mahindra,Bolero,CNG,Manual,Fourth & Above,7,88141.0,999.0,11017.625
GJ 02 DP 9458,4700.0,4,56,2,1,0,-0.12380514336085073,-0.07013809445970469,-1.2788729831221701,0.2695241521583336,Hyundai,i20,Electric,Manual,First,8,109740.0,0.0,12193.333333333334
TN 35 OE 7693,18600.0,8,6,4,1,3,-1.622138482790233,-1.4764483194179017,0.07624605237537437,-1.3018079368129223,Tata,Altroz,Petrol,Manual,Third,1,15821.0,1598.0,7910.5
KL 44 HN 6664,27000.0,7,19,1,1,2,-1.1940432429532666,-1.2610673392562868,1.2592191778566475,-1.4336134517671013,Mercedes,E-Class,Diesel,Manual,Second,3,30205.0,2993.0,7551.25
HR 66 FJ 3095,19900.0,9,34,2,0,2,-0.9799956230347835,-0.668410276214246,-1.2788729831221701,0.9165972021444728,Tesla,Model S,Electric,Automatic,Second,4,69785.0,0.0,13957.0
AP 33 JU 7019,3700.0,3,7,3,0,0,0.09024247655763246,0.1108334382317078,-0.43171158358396805,0.26558619105276676,Honda,Amaze,Hybrid,Automatic,First,9,121826.0,999.0,12182.6
KL 37 YR 9048,13500.0,7,28,4,1,2,-0.5519003831978171,-0.262923836922218,0.8386065110188615,0.8728847856132927,Mercedes,GLE,Petrol,Manual,Second,6,96865.0,2497.0,13837.857142857143
MH 63 FA 4139,15300.0,11,38,1,1,3,-1.40809086287175,-1.2811919247218881,0.4162978253631812,-0.6744858408189884,Volkswagen,Polo,Diesel,Manual,Third,2,28861.0,1999.0,9620.333333333334
TN 09 TZ 7341,6900.0,6,23,2,0,0,-0.9799956230347835,-0.7598094352038522,-1.2788729831221701,0.46869693031131543,Maruti,Ertiga,Electric,Automatic,First,4,63681.0,0.0,12736.2
GJ 19 IT 4759,12100.0,1,0,4,0,2,-0.12380514336085073,-0.3079645758214211,1.2592191778566475,-0.3779565542569541,BMW,3 Series,Petrol,Automatic,Second,8,93857.0,2993.0,10428.555555555555
HR 66 CN 6658,6100.0,4,45,4,1,1,-0.3378527632793339,-0.7960905889115548,0.07624605237537437,-1.394723028426411,Hyundai,Sonata,Petrol,Manual,Fourth & Above,7,61258.0,1598.0,7657.25
GJ 27 RL 2080,6200.0,2,25,3,0,3,-0.12380514336085073,-0.3952010601388271,2.9196216005751654,-0.6154571898784019,Ford,F-150,Hybrid,Automatic,Third,8,88031.0,4951.0,9781.222222222223
KL 65 QV 5185,13500.0,5,55,4,0,2,-1.40809086287175,-1.2147089191658837,0.585051697743664,-0.13148747719425596,Mahindra,XUV700,Petrol,Automatic,Second,2,33301.0,2198.0,11100.333333333334
MH 62 DI 8363,7700.0,6,18,1,1,3,-1.1940432429532666,-0.8635169344112594,-0.00940289792828771,1.0016241418539538,Maruti,Dzire,Diesel,Manual,Third,3,56755.0,1497.0,14188.75
DL 72 UH 8365,4800.0,11,32,4,0,3,-0.12380514336085073,-0.28646241456501964,-0.26380572061243246,-0.3194170910313444,Volkswagen,Jetta,Petrol,Automatic,Third,8,95293.0,1197.0,10588.111111111111
MH 73 GF 9471,5800.0,2,22,1,1,1,0.09024247655763246,-0.2517235467970172,0.585051697743664,-0.6227664696530205,Ford,Endeavour,Diesel,Manual,Fourth & Above,9,97613.0,2198.0,9761.3
TN 03 CW 9552,2500.0,6,46,4,1,2,0.30429009647611566,-0.24200564801191654,-0.26380572061243246,-0.9266954615975936,Maruti,Swift,Petrol,Manual,Second,10,98262.0,1197.0,8932.90909090909
KA 38 GL 7286,10200.0,8,6,4,0,1,-1.1940432429532666,-1.1658648731920802,-0.43171158358396805,-0.8504405470498634,Tata,Altroz,Petrol,Automatic,Fourth & Above,3,36563.0,999.0,9140.75
KA 76 QY 1776,2500.0,3,12,0,0,3,1.3745281960685316,2.1727798977113504,0.4162978253631812,1.7471232888051225,Honda,CR-V,CNG,Automatic,Third,15,259531.0,1999.0,16220.6875
UP 41 VZ 2600,11700.0,5,44,0,1,2,-1.1940432429532666,-0.9413649402413649,-0.00940289792828771,0.5247578424477065,Mahindra,Scorpio,CNG,Manual,Second,3,51556.0,1497.0,12889.0
HR 43 XS 7212,2900.0,10,13,2,0,2,0.30429009647611566,0.6571470548332455,-1.2788729831221701,1.0761613404479566,Toyota,Camry,Electric,Automatic,Second,10,158311.0,0.0,14391.90909090909
KA 10 AU 7438,8200.0,5,47,2,0,1,-0.5519003831978171,-0.9208210925785634,-1.2788729831221701,-1.4299838536318685,Mahindra,Thar,Electric,Automatic,Fourth & Above,6,52928.0,0.0,7561.142857142857
KA 52 TS 5405,2500.0,4,50,1,0,0,1.1604805761500483,1.5070364495074042,0.07624605237537437,1.0563825916992182,Hyundai,Tucson,Diesel,Automatic,First,14,215070.0,1598.0,14338.0
HR 71 EM 9753,2600.0,0,40,0,1,1,1.3745281960685316,1.273582273916488,2.097900483305378,0.3700904453763881,Audi,Q7,CNG,Manual,Fourth & Above,15,199479.0,3982.0,12467.4375
GJ 82 SD 8741,23600.0,9,34,2,1,1,-0.9799956230347835,-1.087462842315675,-1.2788729831221701,-1.1369639065584682,Tesla,Model S,Electric,Manual,Fourth & Above,4,41799.0,0.0,8359.8
KA 73 OM 1382,2500.0,6,18,3,0,2,1.1604805761500483,0.7641188097188528,-0.00940289792828771,-0.15716983223056089,Maruti,Dzire,Hybrid,Automatic,Second,14,165455.0,1497.0,11030.333333333334
WB 67 SR 4060,9900.0,9,34,2,0,3,0.09024247655763246,-0.393299406601527,-1.2788729831221701,-0.9696617080362533,Tesla,Model S,Electric,Automatic,Third,9,88158.0,0.0,8815.8
TS 43 QK 2929,5100.0,8,37,4,0,2,-0.3378527632793339,0.19814479079861383,-0.43171158358396805,1.6504246359586066,Tata,Nexon,Petrol,Automatic,Second,7,127657.0,999.0,15957.125
KA 13 RV 3370,16200.0,5,9,1,0,3,-1.40809086287175,-1.366317124403394,0.07624605237537437,-1.3697438807303859,Mahindra,Bolero,Diesel,Automatic,Third,2,23176.0,1598.0,7725.333333333333
UP 10 OB 5330,20800.0,7,11,1,1,2,-0.9799956230347835,-0.6301376270698433,2.097900483305378,1.1041517720667455,Mercedes,C-Class,Diesel,Manual,Second,4,72341.0,3982.0,14468.2
TN 41 NY 9286,18700.0,9,34,2,0,3,-0.7659480031163003,-0.8920866584204614,-1.2788729831221701,-0.8502876758889332,Tesla,Model S,Electric,Automatic,Third,5,54847.0,0.0,9141.166666666666
TN 09 UM 4597,4200.0,2,36,2,1,0,0.732385336313082,0.0181615190006014,-1.2788729831221701,-0.9405475130302619,Ford,Mustang,Electric,Manual,First,12,115637.0,0.0,8895.153846153846
KL 23 QF 6375,25400.0,9,35,2,1,2,-1.1940432429532666,-1.2122682142321834,-1.2788729831221701,-1.1346891836838238,Tesla,Model Y,Electric,Manual,Second,3,33464.0,0.0,8366.0
KL 31 CE 7876,3300.0,9,35,2,1,2,1.5885758159870147,0.38726198903562686,-1.2788729831221701,-1.1764499878815127,Tesla,Model Y,Electric,Manual,Second,16,140287.0,0.0,8252.176470588236
TN 79 FO 2789,8600.0,3,14,3,1,0,-0.7659480031163003,-1.0908169398932752,-0.43171158358396805,-1.661850095036168,Honda,City,Hybrid,Manual,First,5,41575.0,999.0,6929.166666666667
UP 18 GB 1537,6700.0,11,38,4,0,2,-0.5519003831978171,-0.8077550621836556,0.07624605237537437,-1.0342135212254635,Volkswagen,Polo,Petrol,Automatic,Second,6,60479.0,1598.0,8639.857142857143
WB 12 QS 6116,14000.0,5,47,4,0,3,-1.1940432429532666,-1.031581180888871,0.4162978253631812,-0.027871404315640294,Mahindra,Thar,Petrol,Automatic,Third,3,45531.0,1999.0,11382.75
DL 53 LE 5212,4400.0,6,10,0,0,1,-0.3378527632793339,-0.5832401555830401,0.24669594357375135,-0.7428039626387782,Maruti,Brezza,CNG,Automatic,Fourth & Above,7,75473.0,1799.0,9434.125
GJ 11 GY 2158,4600.0,7,28,0,1,1,0.9464329562315652,0.7075184130968489,0.8386065110188615,0.032835917563543905,Mercedes,GLE,CNG,Manual,Fourth & Above,13,161675.0,2497.0,11548.214285714286
KL 38 GZ 6897,9000.0,10,41,0,0,2,-0.5519003831978171,-0.9177814416488632,0.4162978253631812,-1.4193440208311137,Toyota,RAV4,CNG,Automatic,Second,6,53131.0,1999.0,7590.142857142857
GJ 56 BX 8033,5000.0,5,44,2,1,1,0.09024247655763246,-0.11058192283960748,-1.2788729831221701,-0.27693521454986314,Mahindra,Scorpio,Electric,Manual,Fourth & Above,9,107039.0,0.0,10703.9
DL 49 ZU 5881,2900.0,5,55,3,1,3,0.09024247655763246,0.7731928415582535,1.057392938527226,1.88852758395412,Mahindra,XUV700,Hybrid,Manual,Third,9,166061.0,2755.0,16606.1
KL 80 KL 2311,2500.0,8,29,2,0,0,1.3745281960685316,0.8447369407804585,-1.2788729831221701,-0.28664406198055187,Tata,Harrier,Electric,Automatic,First,15,170839.0,0.0,10677.4375
KL 81 WJ 1451,2600.0,4,17,4,1,3,0.5183377163945988,0.4917106839130841,-0.00940289792828771,0.2983403659937112,Hyundai,Creta,Petrol,Manual,Third,11,147262.5,1497.0,12271.875
WB 03 EK 5832,5000.0,11,38,4,0,1,0.09024247655763246,-0.48088028486663303,-0.43171158358396805,-1.1842561289038924,Volkswagen,Polo,Petrol,Automatic,Fourth & Above,9,82309.0,999.0,8230.9
TS 30 KI 2362,25100.0,9,35,2,1,1,-0.9799956230347835,-1.1447969477827789,-1.2788729831221701,-1.4179288706556437,Tesla,Model Y,Electric,Manual,Fourth & Above,4,37970.0,0.0,7594.0
TN 02 FN 1831,2500.0,11,32,1,0,3,1.5885758159870147,2.397549356360266,0.24669594357375135,1.7210160418656435,Volkswagen,Jetta,Diesel,Automatic,Third,16,274542.0,1799.0,16149.529411764706
UP 44 BO 5628,2500.0,3,12,1,0,3,0.9464329562315652,0.5670655770348393,0.07624605237537437,-0.2129809092125174,Honda,CR-V,Diesel,Automatic,Third,13,152295.0,1598.0,10878.214285714286
UP 87 LU 1459,2500.0,10,30,1,0,0,0.9464329562315652,1.390152138387996,1.4330611066908132,1.2275633499616099,Toyota,Highlander,Diesel,Automatic,First,13,207264.0,3198.0,14804.57142857143
UP 16 AI 6705,3600.0,1,0,0,1,3,1.3745281960685316,0.14382038896141006,0.4154498159542341,-1.36002891845326,BMW,3 Series,CNG,Manual,Third,15,124029.0,1998.0,7751.8125
KA 29 UK 3855,4700.0,2,36,3,1,0,0.30429009647611566,0.17132698382771197,1.4330611066908132,-0.005999710399982043,Ford,Mustang,Hybrid,Manual,First,10,125866.0,3198.0,11442.363636363636
KA 05 BN 8977,5200.0,6,10,3,0,2,-0.7659480031163003,-0.5158737046829355,-0.43171158358396805,0.68606749146145,Maruti,Brezza,Hybrid,Automatic,Second,5,79972.0,999.0,13328.666666666666
KL 34 BY 4958,2500.0,0,3,0,1,0,1.5885758159870147,1.1969171864284827,2.097900483305378,-0.009478305929345412,Audi,A4,CNG,Manual,First,16,194359.0,3982.0,11432.882352941177
TS 29 AA 7432,2500.0,5,44,1,0,3,0.732385336313082,1.084090734431975,0.24669594357375135,1.0685182100130768,Mahindra,Scorpio,Diesel,Automatic,Third,12,186824.0,1799.0,14371.076923076924
TS 02 CP 4481,9200.0,5,9,3,0,0,-0.9799956230347835,-0.7140649347593491,-0.00940289792828771,0.692867200699634,Mahindra,Bolero,Hybrid,Automatic,First,4,66736.0,1497.0,13347.2
UP 08 UF 3448,5000.0,8,43,3,1,1,-0.12380514336085073,-0.5608994699322386,0.24669594357375135,-1.0665697943732437,Tata,Safari,Hybrid,Manual,Fourth & Above,8,76965.0,1799.0,8551.666666666666
TN 46 HA 9863,15100.0,1,1,4,1,0,-0.3378527632793339,-0.5071740140910348,2.097900483305378,-0.5098283133808694,BMW,5 Series,Petrol,Manual,First,7,80553.0,3982.0,10069.125
MH 79 AJ 6480,3500.0,6,18,4,1,1,-0.12380514336085073,-0.4399423260400302,0.07624605237537437,-0.7372649309077338,Maruti,Dzire,Petrol,Manual,Fourth & Above,8,85043.0,1598.0,9449.222222222223
AP 40 FM 1760,16700.0,5,44,1,1,2,-1.40809086287175,-1.3281193435084915,0.24669594357375135,-1.0577644155036536,Mahindra,Scorpio,Diesel,Manual,Second,2,25727.0,1799.0,8575.666666666666
MH 10 IO 8591,25100.0,1,1,4,1,1,-1.1940432429532666,-0.9847286303517678,1.2592191778566475,0.2591289132150671,BMW,5 Series,Petrol,Manual,Fourth & Above,3,48660.0,2993.0,12165.0
GJ 01 FG 8068,4000.0,10,31,4,0,2,0.732385336313082,-0.2322877492268159,-0.26380572061243246,-1.41259484307118,Toyota,Innova,Petrol,Automatic,Second,12,98911.0,1197.0,7608.538461538462
GJ 16 QS 9009,3800.0,9,33,2,1,3,0.9464329562315652,1.1547963092597797,-1.2788729831221701,0.8156498229609561,Tesla,Model 3,Electric,Manual,Third,13,191546.0,0.0,13681.857142857143
TS 71 RC 6127,18300.0,9,33,2,0,2,-0.7659480031163003,-0.6500376077869447,-1.2788729831221701,0.1381772506869456,Tesla,Model 3,Electric,Automatic,Second,5,71012.0,0.0,11835.333333333334
TS 31 PR 4538,39800.0,0,40,2,1,0,-1.622138482790233,-1.5121455007795042,-1.2788729831221701,-1.7391417540025715,Audi,Q7,Electric,Manual,First,1,13437.0,0.0,6718.5
HR 07 VD 9419,8300.0,3,7,0,0,2,-0.9799956230347835,-0.8454137916821581,0.24669594357375135,0.049194005332585826,Honda,Amaze,CNG,Automatic,Second,4,57964.0,1799.0,11592.8
DL 18 VE 1969,21100.0,2,24,0,1,3,-1.622138482790233,-1.5510170959199068,0.24669594357375135,-2.2153659945329114,Ford,Explorer,CNG,Manual,Third,1,10841.0,1799.0,5420.5
TS 74 TW 4215,11700.0,7,11,1,1,0,-0.12380514336085073,-0.3470158547606238,0.4154498159542341,-0.48427335097867336,Mercedes,C-Class,Diesel,Manual,First,8,91249.0,1998.0,10138.777777777777
HR 92 WE 4588,4400.0,9,33,2,1,2,0.732385336313082,1.1050688179418764,-1.2788729831221701,1.1080577478217175,Tesla,Model 3,Electric,Manual,Second,12,188225.0,0.0,14478.846153846154
TN 98 EQ 2532,20800.0,2,24,1,1,2,-1.40809086287175,-1.2587164762219867,-0.00940289792828771,-0.49091815077378087,Ford,Explorer,Diesel,Manual,Second,2,30362.0,1497.0,10120.666666666666
DL 57 OO 6830,2500.0,8,43,4,1,3,1.3745281960685316,1.0366691851986716,0.4162978253631812,0.007281319140302055,Tata,Safari,Petrol,Manual,Third,15,183657.0,1999.0,11478.5625
WB 88 XC 8695,2500.0,8,48,4,1,2,0.9464329562315652,1.0618698379803735,-0.26380572061243246,0.6530123787208458,Tata,Tiago,Petrol,Manual,Second,13,185340.0,1197.0,13238.57142857143
GJ 36 CT 7342,2600.0,7,28,0,1,0,1.3745281960685316,2.0409369103418413,0.4154498159542341,1.5452187030063147,Mercedes,GLE,CNG,Manual,First,15,250726.0,1998.0,15670.375
TN 47 MR 7038,2500.0,8,29,1,1,1,0.732385336313082,0.8067787382839559,0.07624605237537437,0.5458399514720141,Tata,Harrier,Diesel,Manual,Fourth & Above,12,168304.0,1598.0,12946.461538461539
MH 11 SQ 7450,13000.0,8,6,4,0,2,-1.40809086287175,-1.1205695822445771,0.4162978253631812,0.6373933138212151,Tata,Altroz,Petrol,Automatic,Second,2,39588.0,1999.0,13196.0
AP 26 VJ 4089,2500.0,4,50,3,0,0,1.3745281960685316,0.7966415773016551,0.07624605237537437,-0.360297387316812,Hyundai,Tucson,Hybrid,Automatic,First,15,167627.0,1598.0,10476.6875
MH 22 ME 8108,26600.0,9,33,2,0,2,-1.1940432429532666,-1.1664787928379803,-1.2788729831221701,-0.8542011776087508,Tesla,Model 3,Electric,Automatic,Second,3,36522.0,0.0,9130.5
GJ 90 KI 3478,5000.0,3,15,2,1,3,-0.3378527632793339,0.17075798513151194,-1.2788729831221701,1.5665442299561037,Honda,Civic,Electric,Manual,Third,7,125828.0,0.0,15728.5
HR 92 CV 7230,2500.0,3,7,0,1,1,1.3745281960685316,1.3269333885101917,-0.26380572061243246,0.45179243733563307,Honda,Amaze,CNG,Manual,Fourth & Above,15,203042.0,1197.0,12690.125
WB 08 LR 4864,8000.0,7,19,1,0,1,0.30429009647611566,0.38580954499532677,0.8386065110188615,0.471758800690968,Mercedes,E-Class,Diesel,Automatic,Fourth & Above,10,140190.0,2497.0,12744.545454545454
TS 86 QP 7646,9100.0,1,1,4,1,0,-0.12380514336085073,0.45387975744073145,0.4154498159542341,1.6961585916036137,BMW,5 Series,Petrol,Manual,First,8,144736.0,1998.0,16081.777777777777
KL 52 SW 5395,6000.0,10,41,2,0,1,-0.12380514336085073,-0.26912292798081844,-1.2788729831221701,-0.27221047653604136,Toyota,RAV4,Electric,Automatic,Fourth & Above,8,96451.0,0.0,10716.777777777777
HR 51 MX 9237,13700.0,9,34,2,0,3,-0.5519003831978171,-0.10725777256180725,-1.2788729831221701,1.4177700161386515,Tesla,Model S,Electric,Automatic,Third,6,107261.0,0.0,15323.0
GJ 90 AS 6440,11700.0,8,37,4,1,3,-1.1940432429532666,-1.2284996507237846,-0.00940289792828771,-1.234116586752947,Tata,Nexon,Petrol,Manual,Third,3,32380.0,1497.0,8095.0
TS 74 MM 5949,3200.0,0,39,2,1,3,1.1604805761500483,1.6977708019336173,-1.2788729831221701,1.3679462473682202,Audi,Q5,Electric,Manual,Third,14,227808.0,0.0,15187.2
UP 16 IF 7304,2500.0,5,55,2,0,2,0.9464329562315652,1.534528070723806,-1.2788729831221701,1.4802462757371728,Mahindra,XUV700,Electric,Automatic,Second,13,216906.0,0.0,15493.285714285714
KA 39 YK 6061,2500.0,3,12,0,1,2,1.3745281960685316,2.3964562799175657,-0.26380572061243246,2.089661699101839,Honda,CR-V,CNG,Manual,Second,15,274469.0,1197.0,17154.3125
WB 03 AR 2998,36600.0,1,0,2,1,0,-1.40809086287175,-1.2759511472568879,-1.2788729831221701,-0.6316819157584804,BMW,3 Series,Electric,Manual,First,2,29211.0,0.0,9737.0
MH 27 LV 5577,3300.0,5,44,3,0,0,0.5183377163945988,-0.13946609349670946,0.24669594357375135,-0.9904399562299114,Mahindra,Scorpio,Hybrid,Automatic,First,11,105110.0,1799.0,8759.166666666666
WB 87 PB 2842,27800.0,9,33,2,0,3,-1.1940432429532666,-0.9093063558054626,-1.2788729831221701,0.7211361357788808,Tesla,Model 3,Electric,Automatic,Third,3,53697.0,0.0,13424.25
KL 60 OE 8044,2500.0,5,55,4,0,3,0.5183377163945988,1.1077041803242766,1.057392938527226,1.5561184167806514,Mahindra,XUV700,Petrol,Automatic,Third,11,188401.0,2755.0,15700.083333333334
WB 90 LE 8197,13300.0,8,43,4,0,0,-1.1940432429532666,-1.2263883660878845,0.4162978253631812,-1.2211836865382364,Tata,Safari,Petrol,Automatic,First,3,32521.0,1999.0,8130.25
KL 88 FX 3097,2500.0,6,46,0,1,0,1.5885758159870147,1.3377593373878924,-0.43171158358396805,0.193520207912238,Maruti,Swift,CNG,Manual,First,16,203765.0,999.0,11986.176470588236
DL 74 WZ 3022,2700.0,3,12,1,1,1,0.5183377163945988,0.18571666138161297,-0.43171158358396805,-0.3264593558448712,Honda,CR-V,Diesel,Manual,Fourth & Above,11,126827.0,999.0,10568.916666666666
TS 45 WE 9488,3000.0,1,54,4,1,0,1.1604805761500483,1.0248849227273709,0.8386065110188615,0.26879037058586774,BMW,X5,Petrol,Manual,First,14,182870.0,2497.0,12191.333333333334
TS 79 LV 4493,2500.0,8,29,2,1,3,1.5885758159870147,1.6691262096749153,-1.2788729831221701,0.6711256843436892,Tata,Harrier,Electric,Manual,Third,16,225895.0,0.0,13287.941176470587
UP 78 FA 5707,8100.0,1,1,2,1,2,0.5183377163945988,-0.09083167862150612,-1.2788729831221701,-0.891134850089532,BMW,5 Series,Electric,Manual,Second,11,108358.0,0.0,9029.833333333334
TN 61 MC 1802,3100.0,4,17,1,0,1,0.09024247655763246,0.44688706293743097,-0.43171158358396805,1.0889991825953254,Hyundai,Creta,Diesel,Automatic,Fourth & Above,9,144269.0,999.0,14426.9
DL 49 BD 1231,2500.0,6,18,2,1,2,1.3745281960685316,1.2704977020370878,-1.2788729831221701,0.3653667265036391,Maruti,Dzire,Electric,Manual,Second,15,199273.0,0.0,12454.5625
KL 86 ZU 8122,2500.0,5,47,0,1,2,0.732385336313082,0.47261179346563276,0.4162978253631812,-0.08399863901723534,Mahindra,Thar,CNG,Manual,Second,12,145987.0,1999.0,11229.76923076923
DL 28 WE 3320,8200.0,9,35,2,0,3,-0.12380514336085073,0.22216252523821547,-1.2788729831221701,1.065310267497553,Tesla,Model Y,Electric,Automatic,Third,8,129261.0,0.0,14362.333333333334
WB 95 SE 4016,2500.0,2,22,3,0,2,1.5885758159870147,1.7841238409069233,1.4330611066908132,0.836873992477153,Ford,Endeavour,Hybrid,Automatic,Second,16,233575.0,3198.0,13739.70588235294
AP 32 UZ 8844,15500.0,2,25,0,0,2,-0.9799956230347835,-1.174025512387581,1.4330611066908132,-1.5611630336009783,Ford,F-150,CNG,Automatic,Second,4,36018.0,3198.0,7203.6
TN 63 VK 4753,4000.0,1,0,2,0,0,0.9464329562315652,0.909887291495363,-1.2788729831221701,0.3870165587019735,BMW,3 Series,Electric,Automatic,First,13,175190.0,0.0,12513.57142857143
WB 08 QZ 5699,2500.0,6,10,4,1,2,0.9464329562315652,1.1497801365432794,0.07624605237537437,0.8068706505760964,Maruti,Brezza,Petrol,Manual,Second,13,191211.0,1598.0,13657.92857142857
KL 06 LK 5119,4100.0,11,52,3,0,0,0.09024247655763246,0.043122593383903125,-0.00940289792828771,0.09967817751823675,Volkswagen,Virtus,Hybrid,Automatic,First,9,117304.0,1497.0,11730.4
UP 99 VK 6405,3800.0,0,3,3,1,1,0.5183377163945988,1.201783622645983,1.2592191778566475,1.7482163176057746,Audi,A4,Hybrid,Manual,Fourth & Above,11,194684.0,2993.0,16223.666666666666
GJ 64 LZ 4028,2500.0,8,43,0,0,2,1.5885758159870147,1.6229923943330122,-0.1366043092703601,0.60463212479171,Tata,Safari,CNG,Automatic,Second,16,222814.0,1347.0,13106.70588235294
WB 64 DE 2471,2500.0,10,30,1,0,2,1.5885758159870147,2.1628074468779497,0.585051697743664,1.3826779915260197,Toyota,Highlander,Diesel,Automatic,Second,16,258865.0,2198.0,15227.35294117647
WB 59 MB 9572,2500.0,2,25,2,0,1,1.1604805761500483,1.9851151435146372,-1.2788729831221701,1.8373218598888783,Ford,F-150,Electric,Automatic,Fourth & Above,14,246998.0,0.0,16466.533333333333
MH 17 OU 7379,2500.0,5,55,2,1,0,1.1604805761500483,0.3538857234085246,-1.2788729831221701,-0.8272836235921284,Mahindra,XUV700,Electric,Manual,First,14,138058.0,0.0,9203.866666666667
WB 27 UV 6058,13000.0,11,38,0,0,1,-1.40809086287175,-1.1299131397821778,-0.00940289792828771,0.5610800302847663,Volkswagen,Polo,CNG,Automatic,Fourth & Above,2,38964.0,1497.0,12988.0
KA 19 BF 2983,2800.0,1,0,3,1,0,1.1604805761500483,1.3221717678419913,1.2592191778566475,0.7544070152437699,BMW,3 Series,Hybrid,Manual,First,14,202724.0,2993.0,13514.933333333332
UP 82 OZ 5654,19000.0,0,3,2,0,3,-0.7659480031163003,-0.422527971206329,-1.2788729831221701,1.0672670183574615,Audi,A4,Electric,Automatic,Third,5,86206.0,0.0,14367.666666666666
WB 98 NP 7568,2500.0,5,47,0,0,1,1.3745281960685316,0.12634613952810886,-0.00940289792828771,-1.386789015174124,Mahindra,Thar,CNG,Automatic,Fourth & Above,15,122862.0,1497.0,7678.875
AP 89 BI 6416,37000.0,7,42,4,0,2,-1.40809086287175,-1.2258792619912844,0.8386065110188615,-0.222720986037511,Mercedes,S-Class,Petrol,Automatic,Second,2,32555.0,2497.0,10851.666666666666
AP 35 SN 4055,16200.0,10,13,1,0,2,-1.1940432429532666,-1.2104414289443834,-0.43171158358396805,-1.1234990147037196,Toyota,Camry,Diesel,Automatic,Second,3,33586.0,999.0,8396.5
TN 89 LS 8634,2500.0,5,9,3,1,1,1.1604805761500483,0.2471086259716172,-0.26380572061243246,-1.0017035033672619,Mahindra,Bolero,Hybrid,Manual,Fourth & Above,14,130927.0,1197.0,8728.466666666667
DL 55 JH 2283,6100.0,9,33,2,1,1,0.5183377163945988,0.23204513417221614,-1.2788729831221701,-0.23186268146114788,Tesla,Model 3,Electric,Manual,Fourth & Above,11,129921.0,0.0,10826.75
AP 85 NH 5891,5100.0,4,56,0,0,1,-0.3378527632793339,0.13760632425290964,-0.00940289792828771,1.4650072048661409,Hyundai,i20,CNG,Automatic,Fourth & Above,7,123614.0,1497.0,15451.75
UP 78 SH 4972,4300.0,4,50,3,1,3,-0.3378527632793339,-0.060225538225904006,0.24669594357375135,0.8590870714024615,Hyundai,Tucson,Hybrid,Manual,Third,7,110402.0,1799.0,13800.25
GJ 98 VV 3807,9400.0,9,35,2,0,1,-0.12380514336085073,-0.030233317476201938,-1.2788729831221701,0.37816459052619494,Tesla,Model Y,Electric,Automatic,Fourth & Above,8,112405.0,0.0,12489.444444444445
GJ 83 YQ 5417,2500.0,2,24,1,0,2,1.3745281960685316,1.4610673443144009,0.24669594357375135,0.6572054162777933,Ford,Explorer,Diesel,Automatic,Second,15,212000.0,1799.0,13250.0
KA 62 YB 8846,3200.0,3,5,0,0,2,0.5183377163945988,-0.20955774867861432,-0.43171158358396805,-1.1335579370929387,Honda,Accord,CNG,Automatic,Second,11,100429.0,999.0,8369.083333333334
UP 17 YE 1610,8200.0,4,50,2,0,3,-0.7659480031163003,-0.9173921267514632,-1.2788729831221701,-0.9536285806778741,Hyundai,Tucson,Electric,Automatic,Third,5,53157.0,0.0,8859.5
DL 73 BA 3317,3200.0,1,0,3,0,0,1.3745281960685316,1.2428039365470358,0.8386065110188615,0.32295644468252666,BMW,3 Series,Hybrid,Automatic,First,15,197423.5,2497.0,12338.96875
GJ 91 TM 4118,5600.0,9,35,2,0,1,0.9464329562315652,0.1311976020957092,-1.2788729831221701,-0.9758254732449663,Tesla,Model Y,Electric,Automatic,Fourth & Above,13,123186.0,0.0,8799.0
KA 34 WL 5888,6400.0,4,56,4,0,0,-0.5519003831978171,-0.4977256410041342,0.24669594357375135,0.050997011482073806,Hyundai,i20,Petrol,Automatic,First,6,81184.0,1799.0,11597.714285714286
HR 24 GN 3581,18000.0,1,53,4,1,3,-0.5519003831978171,-0.6101178571535419,0.4154498159542341,-0.34241473729854843,BMW,X3,Petrol,Manual,Third,6,73678.0,1998.0,10525.42857142857
DL 84 DA 5935,2500.0,11,32,2,0,2,1.3745281960685316,2.037178524216941,-1.2788729831221701,1.5394631037972857,Volkswagen,Jetta,Electric,Automatic,Second,15,250475.0,0.0,15654.6875
WB 41 WW 3307,27300.0,1,54,2,1,0,-1.1940432429532666,-1.0709019855262738,-1.2788729831221701,-0.2687352054775571,BMW,X5,Electric,Manual,First,3,42905.0,0.0,10726.25
KA 60 IG 1615,22900.0,0,39,1,1,1,-0.9799956230347835,-0.7106060216324489,2.097900483305378,0.7098175550235949,Audi,Q5,Diesel,Manual,Fourth & Above,4,66967.0,3982.0,13393.4
UP 36 NM 6543,20100.0,7,19,3,1,2,-0.5519003831978171,-0.9134540568277629,0.8386065110188615,-1.4041966726566397,Mercedes,E-Class,Hybrid,Manual,Second,6,53420.0,2497.0,7631.428571428572
MH 80 ZH 1152,8900.0,2,20,1,1,2,-0.5519003831978171,-0.2787959058162191,-0.26380572061243246,0.8173270379837348,Ford,EcoSport,Diesel,Manual,Second,6,95805.0,1197.0,13686.42857142857
DL 26 IN 8675,3000.0,2,36,4,1,2,0.732385336313082,0.3667480886726254,0.585051697743664,-0.2835307819916044,Ford,Mustang,Petrol,Manual,Second,12,138917.0,2198.0,10685.923076923076
AP 19 YP 6691,2500.0,5,47,2,0,0,0.9464329562315652,1.1893405195790823,-1.2788729831221701,0.8761081832351961,Mahindra,Thar,Electric,Automatic,First,13,193853.0,0.0,13846.642857142857
UP 72 YI 8989,2500.0,4,45,1,1,0,1.3745281960685316,0.5267265642042365,-0.26380572061243246,-0.7736457193564837,Hyundai,Sonata,Diesel,Manual,First,15,149601.0,1197.0,9350.0625
KA 75 ZX 1268,2500.0,2,24,1,1,2,1.5885758159870147,0.780544903659154,0.24669594357375135,-0.6096037231516399,Ford,Explorer,Diesel,Manual,Second,16,166552.0,1799.0,9797.176470588236
AP 34 VR 8578,2500.0,3,14,1,0,0,0.5183377163945988,1.2362230174159854,-0.00940289792828771,1.818537051633752,Honda,City,Diesel,Automatic,First,11,196984.0,1497.0,16415.333333333332
UP 24 IB 7329,32800.0,9,33,2,0,1,-1.622138482790233,-1.4410506110542993,-1.2788729831221701,-0.8681430274856021,Tesla,Model 3,Electric,Automatic,Fourth & Above,1,18185.0,0.0,9092.5
KA 24 EK 1657,3500.0,4,51,1,0,2,0.09024247655763246,0.15829990841471106,-0.00940289792828771,0.38189057028860474,Hyundai,Verna,Diesel,Automatic,Second,9,124996.0,1497.0,12499.6
DL 58 SY 2250,20300.0,0,39,3,1,2,-0.9799956230347835,-0.9511427336260655,2.097900483305378,-0.46892916298555376,Audi,Q5,Hybrid,Manual,Second,4,50903.0,3982.0,10180.6
GJ 54 ZX 1819,4000.0,2,36,4,0,0,0.732385336313082,-0.050357902941803326,1.057392938527226,-1.0696930697842524,Ford,Mustang,Petrol,Automatic,First,12,111061.0,2755.0,8543.153846153846
DL 77 EL 2696,15500.0,11,38,2,0,0,-1.40809086287175,-1.2705157123431876,-1.2788729831221701,-0.5872881306242962,Volkswagen,Polo,Electric,Automatic,First,2,29574.0,0.0,9858.0
KL 50 XI 5092,17400.0,0,39,4,0,0,-0.7659480031163003,-0.9469501116540652,0.8386065110188615,-1.0743356493485072,Audi,Q5,Petrol,Automatic,First,5,51183.0,2497.0,8530.5
AP 87 KV 5270,31900.0,1,2,3,1,2,-1.40809086287175,-1.4030774349078967,0.4154498159542341,-1.6699828407976647,BMW,7 Series,Hybrid,Manual,Second,2,20721.0,1998.0,6907.0
KL 03 JQ 9496,4800.0,0,40,4,1,2,0.30429009647611566,0.9046015930806626,1.2592191778566475,1.6273647162011713,Audi,Q7,Petrol,Manual,Second,10,174837.0,2993.0,15894.272727272728
GJ 88 LC 6131,2500.0,5,44,1,1,3,1.5885758159870147,0.8686648333206601,0.24669594357375135,-0.4825947656821828,Mahindra,Scorpio,Diesel,Manual,Third,16,172437.0,1799.0,10143.35294117647
UP 95 KN 4820,34600.0,1,54,3,0,1,-1.622138482790233,-1.4980103752739031,0.8386065110188615,-1.5659693029006299,BMW,X5,Hybrid,Automatic,Fourth & Above,1,14381.0,2497.0,7190.5
KA 52 LR 2371,27800.0,7,19,1,1,3,-1.40809086287175,-1.1544998729179796,0.8386065110188615,0.3602684732866105,Mercedes,E-Class,Diesel,Manual,Third,2,37322.0,2497.0,12440.666666666666
AP 28 BE 6205,3500.0,2,22,1,1,3,0.732385336313082,0.809376666541606,0.585051697743664,0.5507365323498146,Ford,Endeavour,Diesel,Manual,Third,12,168477.5,2198.0,12959.807692307691
WB 98 FB 8069,10400.0,4,51,1,0,2,-0.9799956230347835,-1.0652718931638734,0.24669594357375135,-1.028217477519028,Hyundai,Verna,Diesel,Automatic,Second,4,43281.0,1799.0,8656.2
KA 29 UR 1662,5900.0,8,37,4,0,0,-0.5519003831978171,-0.3464318824145238,-0.26380572061243246,0.5805776549245731,Tata,Nexon,Petrol,Automatic,First,6,91288.0,1197.0,13041.142857142857
MH 10 LX 5850,5100.0,10,41,4,1,2,0.09024247655763246,0.3383580484622235,-0.43171158358396805,0.8230767407336999,Toyota,RAV4,Petrol,Manual,Second,9,137021.0,999.0,13702.1
TN 14 YS 2797,5300.0,6,46,0,0,1,-0.7659480031163003,-0.6443026998752444,0.07624605237537437,0.16159711254148038,Maruti,Swift,CNG,Automatic,Fourth & Above,5,71395.0,1598.0,11899.166666666666
AP 23 SQ 9156,2700.0,6,10,3,0,2,-0.12380514336085073,-0.0702129627092047,0.4162978253631812,0.2693203239437594,Maruti,Brezza,Hybrid,Automatic,Second,8,109735.0,1999.0,12192.777777777777
AP 96 JY 2945,3900.0,5,9,2,0,3,0.09024247655763246,0.5320122626189369,-1.2788729831221701,1.2975765945687445,Mahindra,Bolero,Electric,Automatic,Third,9,149954.0,0.0,14995.4
DL 24 AJ 2047,5000.0,0,40,4,1,1,0.732385336313082,0.16972480328841186,0.8386065110188615,-0.6548807023956702,Audi,Q7,Petrol,Manual,Fourth & Above,12,125759.0,2497.0,9673.76923076923
UP 99 WD 2475,3400.0,10,41,4,0,1,0.5183377163945988,0.6587492353725456,-0.00940289792828771,0.6394112131454963,Toyota,RAV4,Petrol,Automatic,Fourth & Above,11,158418.0,1497.0,13201.5
DL 15 XR 1326,2500.0,5,9,0,0,0,0.732385336313082,1.2464949412473862,0.4162978253631812,1.3746180152040248,Mahindra,Bolero,CNG,Automatic,First,12,197670.0,1999.0,15205.384615384615
DL 96 FR 6515,14800.0,10,16,1,1,0,-1.1940432429532666,-1.1480761771108792,-0.43171158358396805,-0.7414739835386839,Toyota,Corolla,Diesel,Manual,First,3,37751.0,999.0,9437.75
GJ 31 RW 1031,22200.0,1,2,3,1,3,-0.9799956230347835,-1.1005198650284758,0.8386065110188615,-1.2009496596774907,BMW,7 Series,Hybrid,Manual,Third,4,40927.0,2497.0,8185.4
GJ 90 NF 8493,2500.0,4,56,0,1,0,0.5183377163945988,1.1931737739534825,-0.43171158358396805,1.7306361340987804,Hyundai,i20,CNG,Manual,First,11,194109.0,999.0,16175.75
AP 96 CQ 6508,4800.0,8,29,1,0,2,0.09024247655763246,-0.3480340629538239,-0.26380572061243246,-0.858750623358039,Tata,Harrier,Diesel,Automatic,Second,9,91181.0,1197.0,9118.1
KA 25 EV 9287,9200.0,11,38,1,0,3,-0.9799956230347835,-1.0859505036757748,-0.43171158358396805,-1.1295527126765628,Volkswagen,Polo,Diesel,Automatic,Third,4,41900.0,999.0,8380.0
UP 94 CQ 8813,4700.0,2,24,0,1,3,0.09024247655763246,0.35496382620132466,-0.26380572061243246,0.8637649289269314,Ford,Explorer,CNG,Manual,Third,9,138130.0,1197.0,13813.0
AP 97 UX 7065,2500.0,4,51,2,0,0,1.5885758159870147,1.244728050559186,-1.2788729831221701,0.059432416449580014,Hyundai,Verna,Electric,Automatic,First,16,197552.0,0.0,11620.70588235294
UP 17 OT 8284,2500.0,0,4,0,1,3,1.5885758159870147,1.795054605333924,0.8386065110188615,0.8526287144742144,Audi,A6,CNG,Manual,Third,16,234305.0,2497.0,13782.64705882353
TS 85 PF 1272,14300.0,8,37,3,0,2,-1.40809086287175,-1.1422065063500786,0.24669594357375135,0.4606742517856887,Tata,Nexon,Hybrid,Automatic,Second,2,38143.0,1799.0,12714.333333333334
TS 74 DE 6303,4000.0,9,34,2,0,2,0.732385336313082,1.0221297711457706,-1.2788729831221701,0.9517340505183185,Tesla,Model S,Electric,Automatic,Second,12,182686.0,0.0,14052.76923076923
WB 56 UU 1147,6100.0,5,55,1,0,3,-0.3378527632793339,-0.17788847914011213,1.057392938527226,0.49870859662516864,Mahindra,XUV700,Diesel,Automatic,Third,7,102544.0,2755.0,12818.0
UP 53 NS 5989,2500.0,5,44,2,0,1,0.732385336313082,0.8164666897692565,-1.2788729831221701,0.5640998236791451,Mahindra,Scorpio,Electric,Automatic,Fourth & Above,12,168951.0,0.0,12996.23076923077
HR 72 LV 5656,9600.0,3,14,0,0,3,-0.9799956230347835,-0.8953958350483616,-0.1366043092703601,-0.19574228355651593,Honda,City,CNG,Automatic,Third,4,54626.0,1347.0,10925.2
HR 59 QU 6625,2500.0,8,43,0,0,0,1.1604805761500483,1.9893227391365376,0.07624605237537437,1.8441949472843084,Tata,Safari,CNG,Automatic,First,14,247279.0,1598.0,16485.266666666666
UP 22 VU 9433,3300.0,1,54,3,1,3,0.9464329562315652,1.8176348693831255,1.2592191778566475,1.975732282544741,BMW,X5,Hybrid,Manual,Third,13,235813.0,2993.0,16843.785714285714
TN 51 MJ 2002,6800.0,8,37,4,1,1,-0.5519003831978171,-0.10571548662210714,-0.26380572061243246,1.423168551993222,Tata,Nexon,Petrol,Manual,Fourth & Above,6,107364.0,1197.0,15337.714285714286
GJ 74 RG 1674,3800.0,10,26,3,1,2,0.5183377163945988,0.11486135005480808,0.585051697743664,-0.47113662254938843,Toyota,Fortuner,Hybrid,Manual,Second,11,122095.0,2198.0,10174.583333333334
GJ 45 NH 1238,5800.0,4,17,1,0,3,-0.3378527632793339,-0.12859522366930873,0.4162978253631812,0.6496841551600182,Hyundai,Creta,Diesel,Automatic,Third,7,105836.0,1999.0,13229.5
WB 52 DS 6830,10100.0,2,20,1,1,3,-0.7659480031163003,-0.41141752298052825,0.4162978253631812,1.1126391789216006,Ford,EcoSport,Diesel,Manual,Third,5,86948.0,1999.0,14491.333333333334
UP 25 OR 5820,2500.0,11,32,2,0,0,1.5885758159870147,2.45810279655587,-1.2788729831221701,1.8082928853671698,Volkswagen,Jetta,Electric,Automatic,First,16,278586.0,0.0,16387.41176470588
WB 05 AD 4343,2500.0,8,6,4,1,1,1.3745281960685316,1.2561828927326868,-0.26380572061243246,0.3434450020262217,Tata,Altroz,Petrol,Manual,Fourth & Above,15,198317.0,1197.0,12394.8125
TN 51 PI 6618,2500.0,8,43,3,0,3,0.9464329562315652,-0.03219486561310207,-0.26380572061243246,-1.2617906346288021,Tata,Safari,Hybrid,Automatic,Third,13,112274.0,1197.0,8019.571428571428
MH 15 KL 8146,10100.0,8,48,3,1,1,-0.9799956230347835,-0.7065781098093487,-0.26380572061243246,0.7295562793229268,Tata,Tiago,Hybrid,Manual,Fourth & Above,4,67236.0,1197.0,13447.2
DL 82 UV 5831,6200.0,5,55,1,1,0,-0.5519003831978171,-0.09592271958750648,0.585051697743664,1.4574466340212695,Mahindra,XUV700,Diesel,Manual,First,6,108018.0,2198.0,15431.142857142857
TS 48 TH 8161,5400.0,5,47,2,0,3,-0.12380514336085073,-0.1136664947190077,-1.2788729831221701,0.1510184282050981,Mahindra,Thar,Electric,Automatic,Third,8,106833.0,0.0,11870.333333333334
KA 18 JK 6696,2500.0,4,45,0,1,3,0.9464329562315652,1.5587554362620077,-0.43171158358396805,1.522648368031807,Hyundai,Sonata,CNG,Manual,Third,13,218524.0,999.0,15608.857142857143
WB 24 CC 8738,4700.0,1,0,0,1,0,0.5183377163945988,0.8263942196529571,0.8386065110188615,0.9817203167008175,BMW,3 Series,CNG,Manual,First,11,169614.0,2497.0,14134.5
TS 71 KF 3964,34300.0,1,1,3,1,3,-1.40809086287175,-1.2851749155952885,1.2592191778566475,-0.7070168238649751,BMW,5 Series,Hybrid,Manual,Third,2,28595.0,2993.0,9531.666666666666
TS 63 LT 2376,5500.0,0,39,3,1,1,0.5183377163945988,0.7621572615819527,0.4154498159542341,0.850556860622546,Audi,Q5,Hybrid,Manual,Fourth & Above,11,165324.0,1998.0,13777.0
KL 59 JI 8726,2500.0,5,47,4,0,3,1.3745281960685316,0.8562367039036592,0.24669594357375135,-0.26903330424137134,Mahindra,Thar,Petrol,Automatic,Third,15,171607.0,1799.0,10725.4375
KL 16 LS 5919,8600.0,1,53,2,0,0,0.30429009647611566,0.04195464869170304,-1.2788729831221701,-0.29417574613202696,BMW,X3,Electric,Automatic,First,10,117226.0,0.0,10656.90909090909
KL 66 RA 4641,30700.0,9,34,2,1,0,-1.40809086287175,-1.3817399838003952,-1.2788729831221701,-1.4957097173370242,Tesla,Model S,Electric,Manual,First,2,22146.0,0.0,7382.0
TN 66 PQ 9764,7200.0,1,0,4,1,2,0.30429009647611566,0.18266203680201276,0.8386065110188615,0.019249046434411287,BMW,3 Series,Petrol,Manual,Second,10,126623.0,2497.0,11511.181818181818
GJ 56 FK 2025,2500.0,2,22,0,0,2,1.1604805761500483,0.7283168128079504,0.585051697743664,-0.21565222355609,Ford,Endeavour,CNG,Automatic,Second,14,163064.0,2198.0,10870.933333333332
GJ 07 DQ 2759,2500.0,4,45,3,1,3,0.9464329562315652,0.7437546458548515,0.4162978253631812,0.09625561061237858,Hyundai,Sonata,Hybrid,Manual,Third,13,164095.0,1999.0,11721.07142857143
KL 96 MF 7512,17200.0,4,17,2,0,0,-1.622138482790233,-1.5337225302854056,-1.2788729831221701,-2.0034865654833958,Hyundai,Creta,Electric,Automatic,First,1,11996.0,0.0,5998.0
TS 07 TS 1475,12500.0,0,3,1,0,1,-0.3378527632793339,-0.5758281988825396,2.097900483305378,-0.7201025952406159,Audi,A4,Diesel,Automatic,Fourth & Above,7,75968.0,3982.0,9496.0
GJ 30 VW 6576,5400.0,9,33,2,0,2,0.9464329562315652,-0.011576149700800653,-1.2788729831221701,-1.2257043051543206,Tesla,Model 3,Electric,Automatic,Second,13,113651.0,0.0,8117.928571428572
AP 36 XQ 9465,2500.0,2,36,0,0,3,1.1604805761500483,1.1358396684863785,1.057392938527226,0.45003441898493385,Ford,Mustang,CNG,Automatic,Third,14,190280.0,2755.0,12685.333333333334
UP 45 YQ 3071,34800.0,7,42,0,0,1,-1.40809086287175,-1.2580276883265866,1.2592191778566475,-0.4852924920515424,Mercedes,S-Class,CNG,Automatic,Fourth & Above,2,30408.0,2993.0,10136.0
GJ 25 UT 8403,2500.0,6,46,0,0,0,1.3745281960685316,0.505119587398535,-0.26380572061243246,-0.8067346821398659,Maruti,Swift,CNG,Automatic,First,15,148158.0,1197.0,9259.875
HR 27 NP 3619,2500.0,3,14,0,0,3,1.5885758159870147,2.4822552938445717,-0.00940289792828771,1.8431043464373889,Honda,City,CNG,Automatic,Third,16,280199.0,1497.0,16482.29411764706
KA 11 SH 9055,2500.0,6,18,4,1,3,0.9464329562315652,0.06393596674490455,0.07624605237537437,-1.093545002656274,Maruti,Dzire,Petrol,Manual,Third,13,118694.0,1598.0,8478.142857142857
UP 07 LK 3421,2600.0,6,46,0,1,2,-0.12380514336085073,0.4124177208676286,-0.43171158358396805,1.5832785263726166,Maruti,Swift,CNG,Manual,Second,8,141967.0,999.0,15774.111111111111
TN 97 XO 1194,8200.0,6,18,3,1,3,-1.1940432429532666,-1.0628910828297733,0.4162978253631812,-0.21966356281890304,Maruti,Dzire,Hybrid,Manual,Third,3,43440.0,1999.0,10860.0
DL 69 ES 8771,3500.0,11,49,4,1,2,0.30429009647611566,-0.2873907808588197,0.24669594357375135,-1.0277905500586846,Volkswagen,Tiguan,Petrol,Manual,Second,10,95231.0,1799.0,8657.363636363636
TS 69 ZD 9229,18000.0,7,19,2,1,0,-0.5519003831978171,-0.6510108950304447,-1.2788729831221701,-0.48555455689885185,Mercedes,E-Class,Electric,Manual,First,6,70947.0,0.0,10135.285714285714
DL 52 CK 9698,3200.0,9,33,2,0,2,1.3745281960685316,0.7386636048888511,-1.2788729831221701,-0.4490849575851804,Tesla,Model 3,Electric,Automatic,Second,15,163755.0,0.0,10234.6875
GJ 93 TM 5019,11000.0,5,55,2,1,2,-0.9799956230347835,-0.7571291518717521,-1.2788729831221701,0.48183162045845396,Mahindra,XUV700,Electric,Manual,Second,4,63860.0,0.0,12772.0
WB 38 OV 5035,6600.0,1,53,4,0,3,0.09024247655763246,0.45939006060393184,2.097900483305378,1.1196345632457747,BMW,X3,Petrol,Automatic,Third,9,145104.0,3982.0,14510.4
KA 13 MJ 5032,8200.0,3,12,2,1,3,-0.9799956230347835,-0.7134959360631491,-1.2788729831221701,0.6956555706750037,Honda,CR-V,Electric,Manual,Third,4,66774.0,0.0,13354.8
MH 70 TN 7196,2500.0,8,48,1,0,1,1.3745281960685316,1.6311081125788127,-0.26380572061243246,0.9176061518066134,Tata,Tiago,Diesel,Automatic,Fourth & Above,15,223356.0,1197.0,13959.75
WB 53 CB 2717,5600.0,8,37,0,1,1,-0.5519003831978171,-0.14072388008830955,-0.00940289792828771,1.3006270293914242,Tata,Nexon,CNG,Manual,Fourth & Above,6,105026.0,1497.0,15003.714285714286
TS 16 BG 9959,12500.0,0,40,0,0,1,-0.5519003831978171,-0.3972374765252273,1.2592191778566475,0.40274044954052696,Audi,Q7,CNG,Automatic,Fourth & Above,6,87895.0,2993.0,12556.42857142857
GJ 14 IU 5246,20900.0,10,16,1,0,1,-1.622138482790233,-1.4313327122691986,-0.26380572061243246,-0.7490869673530172,Toyota,Corolla,Diesel,Automatic,Fourth & Above,1,18834.0,1197.0,9417.0
UP 06 NP 7588,15400.0,11,49,1,0,2,-1.40809086287175,-1.2705157123431876,-0.43171158358396805,-0.5872881306242962,Volkswagen,Tiguan,Diesel,Automatic,Second,2,29574.0,999.0,9858.0
TS 15 WH 6384,2800.0,7,42,0,0,1,1.5885758159870147,1.59341943578051,1.2592191778566475,0.5620080481558262,Mercedes,S-Class,CNG,Automatic,Fourth & Above,16,220839.0,2993.0,12990.529411764706
GJ 72 DZ 2731,2500.0,6,18,3,1,0,0.732385336313082,1.2663500010147875,0.4162978253631812,1.4120408753997835,Maruti,Dzire,Hybrid,Manual,First,12,198996.0,1999.0,15307.384615384615
KL 84 XL 9388,2500.0,8,43,0,1,1,1.3745281960685316,0.6113426597891424,-0.26380572061243246,-0.6440644797938417,Tata,Safari,CNG,Manual,Fourth & Above,15,155252.0,1197.0,9703.25
TN 78 AT 2846,6600.0,1,1,2,1,3,0.30429009647611566,0.15108260916291058,-1.2788729831221701,-0.05109392339879244,BMW,5 Series,Electric,Manual,Third,10,124514.0,0.0,11319.454545454546
MH 06 IC 3791,9800.0,4,45,1,0,2,-1.1940432429532666,-0.8924310523681614,-0.00940289792828771,0.8245076148000081,Hyundai,Sonata,Diesel,Automatic,Second,3,54824.0,1497.0,13706.0
HR 09 AB 9105,2500.0,1,0,2,1,0,1.3745281960685316,1.7462854276096207,-1.2788729831221701,1.0939888972880931,BMW,3 Series,Electric,Manual,First,15,231048.0,0.0,14440.5
WB 10 BT 8908,13400.0,9,34,2,0,2,-0.12380514336085073,-0.6077520204693417,-1.2788729831221701,-1.194125491053558,Tesla,Model S,Electric,Automatic,Second,8,73836.0,0.0,8204.0
KL 04 SX 8776,14500.0,9,34,2,1,3,-0.3378527632793339,-0.7183174513309494,-1.2788729831221701,-1.156519185464683,Tesla,Model S,Electric,Manual,Third,7,66452.0,0.0,8306.5
KL 39 ZE 4039,4800.0,2,20,1,1,2,-0.12380514336085073,0.331170696510223,-0.00940289792828771,1.3620841479170762,Ford,EcoSport,Diesel,Manual,Second,8,136541.0,1497.0,15171.222222222223
UP 07 BG 6004,8400.0,7,11,1,1,1,-0.12380514336085073,0.29860300797772077,0.4154498159542341,1.2734188745774517,Mercedes,C-Class,Diesel,Manual,Fourth & Above,8,134366.0,1998.0,14929.555555555555
KL 89 UF 1918,12500.0,8,48,4,0,0,-1.1940432429532666,-1.2715938151359876,-0.26380572061243246,-1.4980945074475382,Tata,Tiago,Petrol,Automatic,First,3,29502.0,1197.0,7375.5
TS 26 NR 1510,2500.0,2,36,1,0,1,1.3745281960685316,1.4805480628343024,1.057392938527226,0.6870382233333582,Ford,Mustang,Diesel,Automatic,Fourth & Above,15,213301.0,2755.0,13331.3125
UP 02 AZ 8559,16300.0,10,41,4,1,1,-1.40809086287175,-1.2975730977124893,-0.26380572061243246,-0.808278680865263,Toyota,RAV4,Petrol,Manual,Fourth & Above,2,27767.0,1197.0,9255.666666666666
DL 70 MS 1675,29000.0,1,2,4,0,2,-1.40809086287175,-1.3869208666657955,0.8386065110188615,-1.538024454682555,BMW,7 Series,Petrol,Automatic,Second,2,21800.0,2497.0,7266.666666666667
HR 41 WY 5576,32700.0,9,34,2,1,2,-1.622138482790233,-1.406895715632397,-1.2788729831221701,-0.4497040857869485,Tesla,Model S,Electric,Manual,Second,1,20466.0,0.0,10233.0
KL 33 JH 7669,3800.0,9,35,2,1,1,0.9464329562315652,1.809758729535725,-1.2788729831221701,1.9619476715762758,Tesla,Model Y,Electric,Manual,Fourth & Above,13,235287.0,0.0,16806.214285714286
AP 02 EK 3966,3800.0,10,16,1,1,3,0.09024247655763246,0.4209077803609292,-0.26380572061243246,1.0253436311839124,Toyota,Corolla,Diesel,Manual,Third,9,142534.0,1197.0,14253.4
KL 24 MT 1370,10500.0,1,2,4,0,3,-0.12380514336085073,0.1732286373650121,2.097900483305378,0.9320881464520855,BMW,7 Series,Petrol,Automatic,Third,8,125993.0,3982.0,13999.222222222223
WB 60 TJ 1394,25900.0,1,1,4,1,2,-1.1940432429532666,-1.0296645537016709,2.097900483305378,-0.01613089915618662,BMW,5 Series,Petrol,Manual,Second,3,45659.0,3982.0,11414.75
KA 14 SV 2809,3400.0,11,32,3,0,0,-0.12380514336085073,0.44510519859933084,0.07624605237537437,1.6722699248555586,Volkswagen,Jetta,Hybrid,Automatic,First,8,144150.0,1598.0,16016.666666666666
GJ 55 ZQ 7902,2500.0,4,56,2,0,1,1.1604805761500483,0.36231588830222516,-1.2788729831221701,-0.8135129894155193,Hyundai,i20,Electric,Automatic,Fourth & Above,14,138621.0,0.0,9241.4
GJ 96 HO 2451,18500.0,2,24,4,0,3,-1.40809086287175,-1.3416704966679924,0.07624605237537437,-1.1684431360172531,Ford,Explorer,Petrol,Automatic,Third,2,24822.0,1598.0,8274.0
TN 52 SX 9668,2500.0,0,3,0,1,0,1.3745281960685316,1.2377054087560855,2.097900483305378,0.3151485501380072,Audi,A4,CNG,Manual,First,15,197083.0,3982.0,12317.6875
TN 65 FD 4670,3700.0,1,54,1,0,3,0.732385336313082,1.2839889605969887,2.097900483305378,1.445286825106121,BMW,X5,Diesel,Automatic,Third,12,200174.0,3982.0,15398.0
KL 88 XE 1238,14500.0,0,40,4,1,0,-0.5519003831978171,-0.7219560482566497,0.8386065110188615,-0.7338872062090819,Audi,Q7,Petrol,Manual,First,6,66209.0,2497.0,9458.42857142857
AP 32 ZJ 7607,2500.0,4,50,4,1,0,1.5885758159870147,2.368904764101564,-0.43171158358396805,1.6797300375089617,Hyundai,Tucson,Petrol,Manual,First,16,272629.0,999.0,16037.0
TN 03 SC 7299,2500.0,5,55,0,1,0,0.9464329562315652,1.0507444161046726,1.4330611066908132,0.6335409605657695,Mahindra,XUV700,CNG,Manual,First,13,184597.0,3198.0,13185.5
GJ 94 KJ 9901,9500.0,0,4,2,0,0,0.09024247655763246,-0.4035264094832277,-1.2788729831221701,-0.994720348735962,Audi,A6,Electric,Automatic,First,9,87475.0,0.0,8747.5
UP 66 IV 4590,12300.0,3,7,1,1,0,-1.1940432429532666,-1.1079318217289762,-0.43171158358396805,-0.4955654340660644,Honda,Amaze,Diesel,Manual,First,3,40432.0,999.0,10108.0
KA 41 CV 7051,3500.0,1,54,1,0,0,0.9464329562315652,1.635255813601113,0.4154498159542341,1.6565372985220943,BMW,X5,Diesel,Automatic,First,13,223633.0,1998.0,15973.785714285714
HR 86 AC 6947,13800.0,9,35,2,1,0,-0.5519003831978171,-0.48384506754683326,-1.2788729831221701,0.09958383417320547,Tesla,Model Y,Electric,Manual,First,6,82111.0,0.0,11730.142857142857
UP 77 IJ 5478,11000.0,1,53,2,0,1,0.09024247655763246,-0.22137195844971513,-1.2788729831221701,-0.5483977072836059,BMW,X3,Electric,Automatic,Fourth & Above,9,99640.0,0.0,9964.0
MH 91 YR 2500,15400.0,8,6,4,1,3,-1.40809086287175,-1.4111781795037972,0.4162978253631812,-1.736145479248336,Tata,Altroz,Petrol,Manual,Third,2,20180.0,1999.0,6726.666666666667
MH 51 EB 9697,4400.0,9,34,2,0,3,0.732385336313082,1.432437725705599,-1.2788729831221701,1.725083383160986,Tesla,Model S,Electric,Automatic,Third,12,210088.0,0.0,16160.615384615385
DL 53 JF 4641,2500.0,4,56,1,0,2,1.1604805761500483,1.0615404176825733,-0.00940289792828771,0.3286669468990811,Hyundai,i20,Diesel,Automatic,Second,14,185318.0,1497.0,12354.533333333333
KA 71 DV 7859,2500.0,4,17,0,1,2,1.5885758159870147,0.24364971284471695,0.24669594357375135,-1.3834411367497486,Hyundai,Creta,CNG,Manual,Second,16,130696.0,1799.0,7688.0
UP 23 HB 5333,5700.0,3,5,2,1,0,-0.5519003831978171,-0.6677664092685459,-1.2788729831221701,-0.5442046697266585,Honda,Accord,Electric,Manual,First,6,69828.0,0.0,9975.42857142857
MH 26 ES 7999,2500.0,8,6,1,1,1,1.5885758159870147,0.3547541951027246,-0.43171158358396805,-1.2233040994645534,Tata,Altroz,Diesel,Manual,Fourth & Above,16,138116.0,999.0,8124.470588235294
AP 97 KH 5236,2500.0,3,12,3,0,0,1.1604805761500483,0.28012552400111945,0.07624605237537437,-0.9477705577910216,Honda,CR-V,Hybrid,Automatic,First,14,133132.0,1598.0,8875.466666666667
WB 39 MA 2754,3200.0,7,28,1,1,1,1.3745281960685316,2.2968665344326586,2.097900483305378,1.9371497853996393,Mercedes,GLE,Diesel,Manual,Fourth & Above,15,267818.0,3982.0,16738.625
TS 72 NC 9047,14900.0,0,3,1,0,1,-0.5519003831978171,-0.7451652056016512,0.8386065110188615,-0.8151273088749441,Audi,A4,Diesel,Automatic,Fourth & Above,6,64659.0,2497.0,9237.0
AP 58 AQ 7422,3600.0,8,48,4,1,1,0.5183377163945988,-0.09288306865780627,0.4162978253631812,-0.895323519899025,Tata,Tiago,Petrol,Manual,Fourth & Above,11,108221.0,1999.0,9018.416666666666
UP 57 NR 8241,8400.0,8,6,1,1,3,-0.7659480031163003,-0.35484707365832435,-0.43171158358396805,1.3436580773196003,Tata,Altroz,Diesel,Manual,Third,5,90726.0,999.0,15121.0
AP 14 ZQ 5969,3400.0,6,10,1,1,2,-0.3378527632793339,-0.31405885133072153,-0.00940289792828771,0.08164549537488851,Maruti,Brezza,Diesel,Manual,Second,7,93450.0,1497.0,11681.25
HR 07 JX 7869,12400.0,6,23,1,1,3,-1.622138482790233,-1.3715279545685946,-0.00940289792828771,-0.016406067245861314,Maruti,Ertiga,Diesel,Manual,Third,1,22828.0,1497.0,11414.0
TS 21 LI 3819,4000.0,9,35,2,0,3,0.732385336313082,0.809376666541606,-1.2788729831221701,0.5507365323498146,Tesla,Model Y,Electric,Automatic,Third,12,168477.5,0.0,12959.807692307691
GJ 71 CQ 3404,5700.0,10,30,4,1,0,-0.12380514336085073,0.25797949579901797,2.9196216005751654,1.162821685349682,Toyota,Highlander,Petrol,Manual,First,8,131653.0,4951.0,14628.111111111111
GJ 23 XC 9654,2500.0,5,55,3,1,3,1.5885758159870147,2.297555322328059,1.4330611066908132,1.5768927083089674,Mahindra,XUV700,Hybrid,Manual,Third,16,267864.0,3198.0,15756.70588235294
KA 13 BF 2492,7700.0,6,10,2,0,0,-1.1940432429532666,-1.0383792179434714,-0.00940289792828771,-0.06951350855307754,Maruti,Brezza,Electric,Automatic,First,3,45077.0,1497.0,11269.25
AP 07 JT 9648,7600.0,2,25,4,1,2,-0.3378527632793339,-0.6094290692581419,0.585051697743664,-0.823015460778952,Ford,F-150,Petrol,Manual,Second,7,73724.0,2198.0,9215.5
TN 90 GD 8319,3500.0,8,37,0,0,0,0.09024247655763246,0.05507156600410395,-0.43171158358396805,0.12895606225962475,Tata,Nexon,CNG,Automatic,First,9,118102.0,999.0,11810.2
KL 15 HD 9132,2500.0,6,23,4,1,2,1.3745281960685316,0.3269181799386227,-0.00940289792828771,-1.0796326350747452,Maruti,Ertiga,Petrol,Manual,Second,15,136257.0,1497.0,8516.0625
MH 98 LV 1834,34400.0,9,33,2,1,1,-1.40809086287175,-1.1973993798814824,-1.2788729831221701,0.00988777243416492,Tesla,Model 3,Electric,Manual,Fourth & Above,2,34457.0,0.0,11485.666666666666
WB 16 CG 8168,13600.0,9,34,2,0,3,-0.12380514336085073,-0.5832401555830401,-1.2788729831221701,-1.12739213360208,Tesla,Model S,Electric,Automatic,Third,8,75473.0,0.0,8385.888888888889
KL 67 XA 8727,6400.0,4,45,4,0,2,-0.5519003831978171,-0.46108511969883165,0.24669594357375135,0.17925154775521246,Hyundai,Sonata,Petrol,Automatic,Second,6,83631.0,1799.0,11947.285714285714
GJ 15 YT 8700,2500.0,2,20,2,1,1,1.3745281960685316,1.7325396170014198,-0.43171158358396805,1.072938538427979,Ford,EcoSport,Electric,Manual,Fourth & Above,15,230130.0,999.0,14383.125
KA 69 GP 6551,3800.0,2,24,0,0,3,0.30429009647611566,0.5656580539442392,0.07624605237537437,0.8723701855494856,Ford,Explorer,CNG,Automatic,Third,10,152201.0,1598.0,13836.454545454546
WB 93 WR 7002,31700.0,1,0,4,1,2,-1.40809086287175,-1.16225622356618,1.2592191778566475,0.2969186641970586,BMW,3 Series,Petrol,Manual,Second,2,36804.0,2993.0,12268.0
MH 21 DM 1623,2500.0,4,17,3,1,2,1.3745281960685316,0.1705483540329119,-0.26380572061243246,-1.3190976651141488,Hyundai,Creta,Hybrid,Manual,Second,15,125814.0,1197.0,7863.375
KL 88 VL 2086,9300.0,8,48,3,0,1,-0.9799956230347835,-0.8381815187804577,-0.43171158358396805,0.08463565528268674,Tata,Tiago,Hybrid,Automatic,Fourth & Above,4,58447.0,999.0,11689.4
KA 53 JE 7363,2500.0,8,48,3,1,0,0.9464329562315652,0.38844490737772697,-0.00940289792828771,-0.5255980655677027,Tata,Tiago,Hybrid,Manual,First,13,140366.0,1497.0,10026.142857142857
DL 90 XW 2843,14200.0,3,15,3,1,3,-1.622138482790233,-1.4266459598504984,-0.26380572061243246,-0.691668559307564,Honda,Civic,Hybrid,Manual,Third,1,19147.0,1197.0,9573.5
KA 95 NT 2222,4500.0,0,4,0,1,2,0.732385336313082,0.30881503720952147,0.4154498159542341,-0.392723124448158,Audi,A6,CNG,Manual,Second,12,135048.0,1998.0,10388.307692307691
GJ 50 WJ 7623,5900.0,10,41,4,0,1,0.09024247655763246,-0.5510917292477379,0.4162978253631812,-1.3562912185685119,Toyota,RAV4,Petrol,Automatic,Fourth & Above,9,77620.0,1999.0,7762.0
KA 01 KA 2941,7900.0,9,33,2,1,3,0.09024247655763246,0.3356478178303233,-1.2788729831221701,0.8164360175028837,Tesla,Model 3,Electric,Manual,Third,9,136840.0,0.0,13684.0
DL 71 KK 2821,27200.0,7,28,2,0,0,-1.1940432429532666,-1.16290009051188,-1.2788729831221701,-0.8322794531313334,Mercedes,GLE,Electric,Automatic,First,3,36761.0,0.0,9190.25
UP 64 QD 6592,2500.0,2,22,3,1,2,1.1604805761500483,1.9319437127197334,1.057392938527226,1.7504665810946698,Ford,Endeavour,Hybrid,Manual,Second,14,243447.0,2755.0,16229.8
TN 20 JZ 5795,2500.0,4,50,4,0,2,0.732385336313082,0.47162353257223266,-0.26380572061243246,-0.08586131531657132,Hyundai,Tucson,Petrol,Automatic,Second,12,145921.0,1197.0,11224.692307692309
TN 59 GB 9192,4700.0,8,43,1,1,3,-0.12380514336085073,-0.09462749887115639,-0.43171158358396805,0.2028519431712276,Tata,Safari,Diesel,Manual,Third,8,108104.5,999.0,12011.611111111111
TN 28 DP 6210,9700.0,5,47,2,1,1,-0.7659480031163003,-0.7959408524125547,-1.2788729831221701,-0.45765338615532836,Mahindra,Thar,Electric,Manual,Fourth & Above,5,61268.0,0.0,10211.333333333334
WB 24 MB 3654,2600.0,7,19,3,1,3,1.5885758159870147,1.3377593373878924,1.2592191778566475,0.193520207912238,Mercedes,E-Class,Hybrid,Manual,Third,16,203765.0,2993.0,11986.176470588236
GJ 39 BO 7825,14300.0,0,4,0,0,2,-0.5519003831978171,-0.7014271742437482,2.097900483305378,-0.6620290250768899,Audi,A6,CNG,Automatic,Second,6,67580.0,3982.0,9654.285714285714
KA 91 GK 4411,2800.0,8,43,2,1,2,0.732385336313082,-0.20332871032021388,-1.2788729831221701,-1.3580127830269895,Tata,Safari,Electric,Manual,Second,12,100845.0,0.0,7757.307692307692
AP 93 QP 1853,24700.0,9,34,2,1,2,-0.9799956230347835,-0.8927604726659615,-1.2788729831221701,-0.18282772788111729,Tesla,Model S,Electric,Manual,Second,4,54802.0,0.0,10960.4
TS 48 YH 5255,3900.0,8,37,0,1,2,-0.12380514336085073,-0.06467271224620431,-1.2788729831221701,0.28440361182222423,Tata,Nexon,CNG,Manual,Second,8,110105.0,0.0,12233.888888888889
KA 42 TO 8029,2500.0,10,41,0,1,1,1.5885758159870147,1.9214022631901326,-0.26380572061243246,1.0347360353114754,Toyota,RAV4,CNG,Manual,Fourth & Above,16,242743.0,1197.0,14279.0
GJ 77 OP 6554,18900.0,7,11,3,0,1,-0.5519003831978171,-0.7679700743993528,0.4154498159542341,-0.894952261365337,Mercedes,C-Class,Hybrid,Automatic,Fourth & Above,6,63136.0,1998.0,9019.42857142857
KL 27 MX 3133,2800.0,4,50,4,1,3,0.5183377163945988,0.34259559138392376,-0.26380572061243246,-0.006133125231339349,Hyundai,Tucson,Petrol,Manual,Third,11,137304.0,1197.0,11442.0
KL 48 UP 7978,3900.0,5,55,1,0,0,0.5183377163945988,-0.2719230005121186,0.585051697743664,-1.2608996141479507,Mahindra,XUV700,Diesel,Automatic,First,11,96264.0,2198.0,8022.0
GJ 52 SR 4812,35000.0,0,3,3,1,3,-1.622138482790233,-1.552783986608107,0.4154498159542341,-2.237012550920654,Audi,A4,Hybrid,Manual,Third,1,10723.0,1998.0,5361.5
MH 24 AF 7770,2800.0,10,41,0,1,2,0.5183377163945988,1.217610770590284,0.24669594357375135,1.7805332810264585,Toyota,RAV4,CNG,Manual,Second,11,195741.0,1799.0,16311.75
TN 55 RA 2170,3700.0,0,3,1,0,3,0.9464329562315652,1.8527181310988279,2.097900483305378,2.0371340762692953,Audi,A4,Diesel,Automatic,Third,13,238156.0,3982.0,17011.14285714286
TN 44 VA 1539,2500.0,5,9,4,0,2,1.5885758159870147,2.474468995896571,0.07624605237537437,1.8318818047408518,Mahindra,Bolero,Petrol,Automatic,Second,16,279679.0,1598.0,16451.70588235294
AP 74 HD 8218,9800.0,7,42,2,1,3,0.30429009647611566,-0.1632741968377111,-1.2788729831221701,-0.7513216657782544,Mercedes,S-Class,Electric,Manual,Third,10,103520.0,0.0,9410.90909090909
TS 34 BF 6731,6100.0,2,22,1,1,2,-0.12380514336085073,0.22325560168091554,0.585051697743664,1.0682861594303312,Ford,Endeavour,Diesel,Manual,Second,8,129334.0,2198.0,14370.444444444445
KL 24 RC 3622,3500.0,0,39,0,1,2,0.9464329562315652,1.2324197103413852,2.097900483305378,0.9515042398060627,Audi,Q5,CNG,Manual,Second,13,196730.0,3982.0,14052.142857142857
AP 58 MU 6425,24700.0,0,3,3,0,0,-0.9799956230347835,-1.047063934885472,0.8386065110188615,-0.9389896383071805,Audi,A4,Hybrid,Automatic,First,4,44497.0,2497.0,8899.4
UP 48 AO 1009,3700.0,2,20,1,0,3,0.5183377163945988,0.5482886200602379,0.24669594357375135,0.4138651023088042,Ford,EcoSport,Diesel,Automatic,Third,11,151041.0,1799.0,12586.75
TN 22 BR 1167,9300.0,6,23,2,0,1,-1.1940432429532666,-1.203478681740883,-1.2788729831221701,-1.0808479608041417,Maruti,Ertiga,Electric,Automatic,Fourth & Above,3,34051.0,0.0,8512.75
HR 34 RS 1566,2600.0,11,38,4,0,3,0.5183377163945988,0.6093062434027422,-0.26380572061243246,0.5384550984670693,Volkswagen,Polo,Petrol,Automatic,Third,11,155116.0,1197.0,12926.333333333334
MH 32 LC 1667,3700.0,0,4,1,1,2,0.5183377163945988,1.1205066509887776,0.8386065110188615,1.5822593852997475,Audi,A6,Diesel,Manual,Second,11,189256.0,2497.0,15771.333333333334
WB 05 HM 9262,9300.0,2,25,4,1,3,-0.5519003831978171,-0.6122441154393421,1.4330611066908132,-0.3498573789621305,Ford,F-150,Petrol,Manual,Third,6,73536.0,3198.0,10505.142857142857
DL 51 FS 7991,3500.0,6,23,1,1,2,-0.3378527632793339,-0.11877250933490804,-0.26380572061243246,0.6797691996311183,Maruti,Ertiga,Diesel,Manual,Second,7,106492.0,1197.0,13311.5
HR 97 IC 3649,2500.0,2,36,0,1,0,1.5885758159870147,1.0938685278166755,1.057392938527226,-0.15800432892081606,Ford,Mustang,CNG,Manual,First,16,187477.0,2755.0,11028.058823529413
KA 19 HP 7577,34100.0,0,3,2,0,2,-1.40809086287175,-1.1801946561463812,-1.2788729831221701,0.15040694356137607,Audi,A4,Electric,Automatic,Second,2,35606.0,0.0,11868.666666666666
UP 35 UC 4328,37000.0,1,0,3,1,0,-1.622138482790233,-1.4745316922307017,0.4154498159542341,-1.278326926494015,BMW,3 Series,Hybrid,Manual,First,1,15949.0,1998.0,7974.5
TS 30 XM 3098,2500.0,5,44,0,1,2,0.9464329562315652,1.01031556137467,-1.2788729831221701,0.5627834517922762,Mahindra,Scorpio,CNG,Manual,Second,13,181897.0,0.0,12992.642857142857
MH 90 AT 7975,14700.0,8,43,0,0,3,-1.622138482790233,-1.4908978915714026,0.07624605237537437,-1.4788327411703097,Tata,Safari,CNG,Automatic,Third,1,14856.0,1598.0,7428.0
DL 22 WD 2028,4000.0,3,14,1,0,3,0.09024247655763246,-0.5504328886521378,-0.26380572061243246,-1.3546768991090872,Honda,City,Diesel,Automatic,Third,9,77664.0,1197.0,7766.4
MH 13 SU 2721,3200.0,4,51,3,1,3,0.09024247655763246,0.5599980142820388,-0.26380572061243246,1.3661484825156784,Hyundai,Verna,Hybrid,Manual,Third,9,151823.0,1197.0,15182.3
MH 48 WX 5117,2800.0,7,19,0,0,2,1.3745281960685316,1.287073532476389,1.2592191778566475,0.3907509827761298,Mercedes,E-Class,CNG,Automatic,Second,15,200380.0,2993.0,12523.75
TN 39 YR 8915,2500.0,2,24,3,0,0,1.1604805761500483,1.0445752723458723,0.24669594357375135,0.30095446284562083,Ford,Explorer,Hybrid,Automatic,First,14,184185.0,1799.0,12279.0
UP 76 RN 6804,13900.0,5,47,0,1,2,-1.1940432429532666,-1.0947849571167754,-0.26380572061243246,-0.41503290648793684,Mahindra,Thar,CNG,Manual,Second,3,41310.0,1197.0,10327.5
GJ 43 UQ 6886,2500.0,3,12,0,0,1,1.3745281960685316,0.4991301274385346,-0.00940289792828771,-0.8159069517956891,Honda,CR-V,CNG,Automatic,Fourth & Above,15,147758.0,1497.0,9234.875
MH 03 XQ 5360,5000.0,9,34,2,0,1,0.30429009647611566,0.7740762869023535,-1.2788729831221701,1.336620444965496,Tesla,Model S,Electric,Automatic,Fourth & Above,10,166120.0,0.0,15101.818181818182
TS 11 ZS 7419,2500.0,8,6,3,0,2,0.732385336313082,0.968898445751267,0.4162978253631812,0.8514035316676986,Tata,Altroz,Hybrid,Automatic,Second,12,179131.0,1999.0,13779.307692307691
WB 82 MF 5913,4600.0,2,22,4,1,2,0.5183377163945988,-0.04430854838220291,1.4330611066908132,-0.7961407106873901,Ford,Endeavour,Petrol,Manual,Second,11,111465.0,3198.0,9288.75
DL 36 CJ 3867,14500.0,5,55,1,1,0,-1.1940432429532666,-1.2086895119060832,1.057392938527226,-1.1127674592064063,Mahindra,XUV700,Diesel,Manual,First,3,33703.0,2755.0,8425.75
AP 52 AI 6614,2500.0,0,3,2,1,1,1.5885758159870147,1.708102620364618,-1.2788729831221701,0.7273031382592375,Audi,A4,Electric,Manual,Fourth & Above,16,228498.0,0.0,13441.058823529413
DL 79 CB 2382,9300.0,10,26,2,0,0,-0.7659480031163003,-0.7661882100612527,-1.2788729831221701,-0.3361513874478575,Toyota,Fortuner,Electric,Automatic,First,5,63255.0,0.0,10542.5
KL 12 CS 4640,8400.0,0,4,0,1,2,0.09024247655763246,-0.10863534835260735,0.8386065110188615,-0.27216563432883506,Audi,A6,CNG,Manual,Second,9,107169.0,2497.0,10716.9
TS 52 IM 2816,2500.0,8,37,0,1,1,1.3745281960685316,1.042778434357872,0.07624605237537437,0.0166370341892417,Tata,Nexon,CNG,Manual,Fourth & Above,15,184065.0,1598.0,11504.0625
TS 02 AS 6334,2500.0,11,52,1,0,3,1.3745281960685316,1.1891907830800823,-0.26380572061243246,0.2408531659258394,Volkswagen,Virtus,Diesel,Automatic,Third,15,193843.0,1197.0,12115.1875
WB 15 GG 7723,7800.0,1,54,2,0,2,0.5183377163945988,-0.026085616453901655,-1.2788729831221701,-0.7589318701169343,BMW,X5,Electric,Automatic,Second,11,112682.0,0.0,9390.166666666666
KA 50 LI 5713,5300.0,3,15,2,0,2,-0.12380514336085073,-0.39535079663782713,-1.2788729831221701,-0.6158648463075497,Honda,Civic,Electric,Automatic,Second,8,88021.0,0.0,9780.111111111111
TN 55 WG 5112,15000.0,3,5,2,0,1,-1.40809086287175,-1.377143073281095,-1.2788729831221701,-1.4581645602125215,Honda,Accord,Electric,Automatic,Fourth & Above,2,22453.0,0.0,7484.333333333333
TS 13 QR 8231,4800.0,0,39,3,0,0,0.5183377163945988,0.649255941335945,2.097900483305378,0.620027149939523,Audi,Q5,Hybrid,Automatic,First,11,157784.0,3982.0,13148.666666666666
HR 72 HO 6040,24000.0,10,13,1,0,2,-1.622138482790233,-1.4519813754813,-0.43171158358396805,-1.0020581644606206,Toyota,Camry,Diesel,Automatic,Second,1,17455.0,999.0,8727.5
GJ 50 SI 8350,3500.0,7,27,3,0,1,1.1604805761500483,1.5999329734870105,1.2592191778566475,1.208128620885157,Mercedes,GLC,Hybrid,Automatic,Fourth & Above,14,221274.0,2993.0,14751.6
MH 54 RS 1679,6800.0,0,3,0,0,2,0.5183377163945988,0.22807711694871588,2.097900483305378,-0.23996485299045858,Audi,A4,CNG,Automatic,Second,11,129656.0,3982.0,10804.666666666666
DL 65 KU 6127,7600.0,7,28,3,1,0,0.5183377163945988,-0.02881082073570184,0.4154498159542341,-0.7644963803748002,Mercedes,GLE,Hybrid,Manual,First,11,112500.0,1998.0,9375.0
DL 62 RC 5290,3600.0,5,44,1,0,0,0.5183377163945988,-0.18670795893121273,-0.43171158358396805,-1.086901658776985,Mahindra,Scorpio,Diesel,Automatic,First,11,101955.0,999.0,8496.25
GJ 67 II 4477,2500.0,11,52,2,1,3,1.3745281960685316,0.8335815716049577,-1.2788729831221701,-0.30372741421452254,Volkswagen,Virtus,Electric,Manual,Third,15,170094.0,0.0,10630.875
AP 60 EV 7352,9700.0,5,47,2,0,1,-0.9799956230347835,-0.7784067083796535,-1.2788729831221701,0.37756125901105575,Mahindra,Thar,Electric,Automatic,Fourth & Above,4,62439.0,0.0,12487.8
KL 90 FS 2802,3100.0,1,54,4,0,0,1.1604805761500483,0.767353118097253,0.4154498159542341,-0.15188660490880684,BMW,X5,Petrol,Automatic,First,14,165671.0,1998.0,11044.733333333334
TS 53 YN 1545,8800.0,10,26,0,0,0,-0.3378527632793339,-0.4674489209063321,1.4330611066908132,-0.3881581563963749,Toyota,Fortuner,CNG,Automatic,First,7,83206.0,3198.0,10400.75
KL 83 OV 4456,2800.0,4,21,2,1,2,0.09024247655763246,0.3575991885837248,-1.2788729831221701,0.870222206764631,Hyundai,Elantra,Electric,Manual,Second,9,138306.0,0.0,13830.6
KL 74 UI 2331,20900.0,10,30,4,1,2,-1.622138482790233,-1.4204768160916978,1.057392938527226,-0.616089057343581,Toyota,Highlander,Petrol,Manual,Second,1,19559.0,2755.0,9779.5
DL 74 NG 5991,29700.0,0,3,3,1,3,-1.40809086287175,-1.276280567554688,0.4154498159542341,-0.6343724481908555,Audi,A4,Hybrid,Manual,Third,2,29189.0,1998.0,9729.666666666666
UP 18 ED 8461,18000.0,11,32,3,0,0,-1.622138482790233,-1.4292962958827984,0.4162978253631812,-0.7241383938891781,Volkswagen,Jetta,Hybrid,Automatic,First,1,18970.0,1999.0,9485.0
DL 24 BY 2142,14300.0,10,41,0,0,1,-1.1940432429532666,-0.9495555267366653,-0.43171158358396805,0.47458552743035365,Toyota,RAV4,CNG,Automatic,Fourth & Above,3,51009.0,999.0,12752.25
GJ 21 PD 3521,2500.0,8,29,0,1,0,1.5885758159870147,1.4117141942439975,0.4162978253631812,0.30011277221838034,Tata,Harrier,CNG,Manual,First,16,208704.0,1999.0,12276.70588235294
HR 79 IF 7639,2600.0,8,43,4,0,0,0.30429009647611566,0.6703837613448465,0.24669594357375135,1.1056460181779488,Tata,Safari,Petrol,Automatic,First,10,159195.0,1799.0,14472.272727272728
HR 88 UT 1315,8400.0,0,39,0,1,0,0.5183377163945988,-0.2879448059051197,0.8386065110188615,-1.2936140425870535,Audi,Q5,CNG,Manual,First,11,95194.0,2497.0,7932.833333333333
UP 23 CT 6570,8100.0,3,12,2,0,0,-0.7659480031163003,-0.4825723073053331,-1.2788729831221701,0.8220616762251222,Honda,CR-V,Electric,Automatic,First,5,82196.0,0.0,13699.333333333334
GJ 96 YI 5019,2900.0,6,18,0,1,3,0.30429009647611566,-0.4820182822590331,-0.26380572061243246,-1.461322044554647,Maruti,Dzire,CNG,Manual,Third,10,82233.0,1197.0,7475.727272727273
TN 50 UM 5441,2500.0,10,31,4,0,0,0.732385336313082,1.187229234943182,0.07624605237537437,1.2629138819801842,Toyota,Innova,Petrol,Automatic,First,12,193712.0,1598.0,14900.923076923076
HR 99 SX 3325,2500.0,11,32,0,1,0,0.9464329562315652,0.5666313411877393,0.07624605237537437,-0.21374089726971446,Volkswagen,Jetta,CNG,Manual,First,13,152266.0,1598.0,10876.142857142857
MH 53 UJ 1696,9100.0,11,38,4,1,1,-0.5519003831978171,-0.9220489318703635,-0.43171158358396805,-1.4342817171277398,Volkswagen,Polo,Petrol,Manual,Fourth & Above,6,52846.0,999.0,7549.428571428572
GJ 22 TN 3848,4200.0,5,47,4,1,1,0.30429009647611566,-0.4162540118982286,-0.26380572061243246,-1.314832559724191,Mahindra,Thar,Petrol,Manual,Fourth & Above,10,86625.0,1197.0,7875.0
WB 75 KS 4012,5300.0,11,49,4,1,1,-0.3378527632793339,0.042703331186703095,-0.26380572061243246,1.1743379794731044,Volkswagen,Tiguan,Petrol,Manual,Fourth & Above,7,117276.0,1197.0,14659.5
AP 15 FZ 8737,5900.0,11,52,4,0,0,-0.12380514336085073,-0.6085755712138419,0.4162978253631812,-1.1963676014138704,Volkswagen,Virtus,Petrol,Automatic,First,8,73781.0,1999.0,8197.888888888889
TN 82 YZ 3870,2600.0,8,6,1,1,2,0.732385336313082,-0.2309700680356158,0.24669594357375135,-1.4101112746720652,Tata,Altroz,Diesel,Manual,Second,12,98999.0,1799.0,7615.307692307692
GJ 88 PA 2330,4700.0,8,29,2,0,2,-0.12380514336085073,-0.39084372801792683,0.4162978253631812,-0.6035943877902044,Tata,Harrier,Electric,Automatic,Second,8,88322.0,1999.0,9813.555555555555
UP 03 SC 3559,6400.0,2,36,1,0,2,-0.3378527632793339,0.04541356181860328,1.4330611066908132,1.1826388835116244,Ford,Mustang,Diesel,Automatic,Second,7,117457.0,3198.0,14682.125
AP 84 YO 1012,18400.0,1,54,3,0,1,-0.7659480031163003,-0.9023436086019622,0.4154498159542341,-0.8921743739838588,BMW,X5,Hybrid,Automatic,Fourth & Above,5,54162.0,1998.0,9027.0
AP 33 QY 2296,5200.0,2,25,3,1,3,0.09024247655763246,-0.10637432721770719,1.4330611066908132,-0.2666255834567177,Ford,F-150,Hybrid,Manual,Third,9,107320.0,3198.0,10732.0
HR 66 RE 2947,34100.0,9,34,2,1,2,-1.40809086287175,-1.175642666576781,-1.2788729831221701,0.18758520989964628,Tesla,Model S,Electric,Manual,Second,2,35910.0,0.0,11970.0
DL 17 HN 1629,11500.0,4,51,3,0,1,-1.40809086287175,-1.1450065788813788,0.07624605237537437,0.4378047261105027,Hyundai,Verna,Hybrid,Automatic,Fourth & Above,2,37956.0,1598.0,12652.0
TS 75 JS 8939,12100.0,8,6,0,0,3,-1.40809086287175,-1.2403887287443853,0.24669594357375135,-0.3412267099907465,Tata,Altroz,CNG,Automatic,Third,2,31586.0,1799.0,10528.666666666666
UP 80 EA 7288,2500.0,11,32,1,0,2,0.732385336313082,1.1409906040519788,-0.26380572061243246,1.1757632090657784,Volkswagen,Jetta,Diesel,Automatic,Second,12,190624.0,1197.0,14663.384615384615
AP 79 ST 3528,2500.0,8,6,0,0,2,1.1604805761500483,2.0615705999040426,-0.26380572061243246,1.9622114835225672,Tata,Altroz,CNG,Automatic,Second,14,252104.0,1197.0,16806.933333333334
KL 79 FL 8107,8000.0,0,4,2,0,1,0.30429009647611566,0.012711110437001023,0.8386065110188615,-0.35931553754229106,Audi,A6,Electric,Automatic,Fourth & Above,10,115273.0,2497.0,10479.363636363636
UP 68 XG 2386,2500.0,10,41,4,0,2,0.9464329562315652,0.3712551572925258,-0.43171158358396805,-0.5556831100388028,Toyota,RAV4,Petrol,Automatic,Second,13,139218.0,999.0,9944.142857142857
WB 90 OM 3405,15600.0,2,24,4,0,3,-0.9799956230347835,-1.2130618176768835,-0.43171158358396805,-1.752459889542827,Ford,Explorer,Petrol,Automatic,Third,4,33411.0,999.0,6682.2
TN 27 QZ 9121,10600.0,0,3,4,0,0,-0.3378527632793339,-0.04336520843850285,0.8386065110188615,0.910726949564746,Audi,A4,Petrol,Automatic,First,7,111528.0,2497.0,13941.0
MH 96 ZV 3218,15500.0,4,45,0,0,3,-1.622138482790233,-1.523345790904705,0.4162978253631812,-1.8763589080536864,Hyundai,Sonata,CNG,Automatic,Third,1,12689.0,1999.0,6344.5
DL 04 SP 7989,14900.0,7,11,1,1,2,-0.5519003831978171,-0.37916428109592604,0.8386065110188615,0.46600290368097635,Mercedes,C-Class,Diesel,Manual,Second,6,89102.0,2497.0,12728.857142857143
GJ 05 UL 7591,2500.0,8,48,0,0,2,0.9464329562315652,1.086037308918975,0.24669594357375135,0.6953096450765559,Tata,Tiago,CNG,Automatic,Second,13,186954.0,1799.0,13353.857142857143
KA 68 NS 6459,2500.0,6,8,1,1,1,1.5885758159870147,0.461770870938032,0.24669594357375135,-1.0690588965700396,Maruti,Baleno,Diesel,Manual,Fourth & Above,16,145263.0,1799.0,8544.882352941177
MH 41 HC 4181,4900.0,5,55,1,0,1,-0.3378527632793339,0.03103885791460229,1.4330611066908132,1.138611989163673,Mahindra,XUV700,Diesel,Automatic,Fourth & Above,7,116497.0,3198.0,14562.125
KA 64 LB 4698,12100.0,5,44,2,0,2,-0.9799956230347835,-1.1580636015941796,-1.2788729831221701,-1.4829419179761183,Mahindra,Scorpio,Electric,Automatic,Second,4,37084.0,0.0,7416.8
DL 59 BG 5886,2500.0,8,37,3,1,2,0.5183377163945988,1.2191830038297842,0.24669594357375135,1.7837435754059965,Tata,Nexon,Hybrid,Manual,Second,11,195846.0,1799.0,16320.5
KL 56 AO 9757,12100.0,9,33,2,0,0,-0.3378527632793339,0.051537784627703705,-1.2788729831221701,1.2013961749577826,Tesla,Model 3,Electric,Automatic,First,7,117866.0,0.0,14733.25
UP 10 ZP 1558,3700.0,8,29,4,0,1,0.09024247655763246,-0.19155942149881308,-0.00940289792828771,-0.47534975174462996,Tata,Harrier,Petrol,Automatic,Fourth & Above,9,101631.0,1497.0,10163.1
AP 25 IB 2202,18500.0,9,34,2,0,0,-0.7659480031163003,-0.9905533801628682,-1.2788729831221701,-1.2523999776002213,Tesla,Model S,Electric,Automatic,First,5,48271.0,0.0,8045.166666666667
UP 51 VL 5077,2500.0,6,10,4,1,3,1.5885758159870147,1.0757653850875744,0.07624605237537437,-0.1840967383652643,Maruti,Brezza,Petrol,Manual,Third,16,186268.0,1598.0,10956.941176470587
UP 32 ZA 6103,21700.0,0,3,2,1,0,-0.9799956230347835,-1.16167225122008,-1.2788729831221701,-1.5006260538725453,Audi,A4,Electric,Manual,First,4,36843.0,0.0,7368.6
TN 88 GS 7268,2500.0,4,50,1,1,2,0.9464329562315652,0.968179710556067,-0.43171158358396805,0.48903840375945784,Hyundai,Tucson,Diesel,Manual,Second,13,179083.0,999.0,12791.642857142857
TN 85 OR 9855,2500.0,8,29,0,0,3,1.3745281960685316,0.6565181615374455,0.4162978253631812,-0.5748826359147954,Tata,Harrier,CNG,Automatic,Third,15,158269.0,1999.0,9891.8125
UP 27 GX 4878,13800.0,10,16,3,1,1,-0.9799956230347835,-0.9901191443157682,-0.00940289792828771,-0.6599325062984158,Toyota,Corolla,Hybrid,Manual,Fourth & Above,4,48300.0,1497.0,9660.0
GJ 65 BY 8077,12900.0,4,51,1,0,3,-1.1940432429532666,-1.276325488504388,-0.00940289792828771,-1.5270788795599395,Hyundai,Verna,Diesel,Automatic,Third,3,29186.0,1497.0,7296.5
KA 70 XW 5622,19200.0,5,47,1,1,0,-1.622138482790233,-1.4274395632951984,0.24669594357375135,-0.7013911651427366,Mahindra,Thar,Diesel,Manual,First,1,19094.0,1799.0,9547.0
GJ 36 RK 1770,3500.0,1,0,1,0,1,1.1604805761500483,0.4485641117262311,0.4154498159542341,-0.6726269275020752,BMW,3 Series,Diesel,Automatic,Fourth & Above,14,144381.0,1998.0,9625.4
WB 87 FE 1296,11100.0,4,45,4,0,0,-0.9799956230347835,-1.0354743298628712,-0.00940289792828771,-0.8821949445983229,Hyundai,Sonata,Petrol,Automatic,First,4,45271.0,1497.0,9054.2
TN 69 VV 3254,15600.0,4,45,3,0,3,-1.622138482790233,-1.4485374360042997,-0.00940289792828771,-0.959865724043834,Hyundai,Sonata,Hybrid,Automatic,Third,1,17685.0,1497.0,8842.5
UP 35 NZ 8961,2500.0,11,32,2,1,3,1.1604805761500483,0.9128071532258631,-1.2788729831221701,0.08571186825563701,Volkswagen,Jetta,Electric,Manual,Third,14,175385.0,0.0,11692.333333333334
TN 18 XM 2207,2500.0,8,6,3,0,0,0.732385336313082,1.3180989350691912,-0.00940289792828771,1.5095773798013987,Tata,Altroz,Hybrid,Automatic,First,12,202452.0,1497.0,15573.23076923077
AP 67 MB 6417,13500.0,9,34,2,0,0,-0.3378527632793339,-0.8202281125503564,-1.2788729831221701,-1.468651521852346,Tesla,Model S,Electric,Automatic,First,7,59646.0,0.0,7455.75
GJ 83 CU 8027,5200.0,10,30,2,1,3,0.09024247655763246,-0.5406101743177372,-1.2788729831221701,-1.3306088635322069,Toyota,Highlander,Electric,Manual,Third,9,78320.0,0.0,7832.0
DL 82 AE 6977,6400.0,7,11,4,1,2,0.9464329562315652,-0.10685348401450723,0.4154498159542341,-1.392456167497186,Mercedes,C-Class,Petrol,Manual,Second,13,107288.0,1998.0,7663.428571428572
TS 30 DS 4058,7300.0,2,36,2,0,1,-0.12380514336085073,-0.29278129482282006,-1.2788729831221701,-0.3366201923413772,Ford,Mustang,Electric,Automatic,Fourth & Above,8,94871.0,0.0,10541.222222222223
KL 38 VK 5223,2500.0,8,37,4,1,1,1.3745281960685316,1.5303204751019057,-0.00940289792828771,0.7632597841732488,Tata,Nexon,Petrol,Manual,Fourth & Above,15,216625.0,1497.0,13539.0625
KA 16 RA 2978,6200.0,7,42,0,0,3,0.732385336313082,-0.16501114022611124,1.2592191778566475,-1.2857917428754464,Mercedes,S-Class,CNG,Automatic,Third,12,103404.0,2993.0,7954.153846153846
AP 52 FF 7078,24400.0,9,34,2,0,3,-0.9799956230347835,-0.9898945395672681,-1.2788729831221701,-0.658831833939717,Tesla,Model S,Electric,Automatic,Third,4,48315.0,0.0,9663.0
AP 14 ZN 3286,21500.0,2,36,2,0,0,-1.622138482790233,-1.4831415409232023,-1.2788729831221701,-1.3838080275359814,Ford,Mustang,Electric,Automatic,First,1,15374.0,0.0,7687.0
AP 03 EG 6788,33500.0,7,42,0,1,1,-1.1940432429532666,-1.3246903776813912,-1.2788729831221701,-1.8233431894430283,Mercedes,S-Class,CNG,Manual,Fourth & Above,3,25956.0,0.0,6489.0
WB 12 NP 2538,7700.0,3,12,1,1,0,-0.7659480031163003,-1.0566620444713728,0.07624605237537437,-1.5223704478032838,Honda,CR-V,Diesel,Manual,First,5,43856.0,1598.0,7309.333333333333
KA 27 HS 6347,2500.0,4,17,4,0,2,1.3745281960685316,0.9038828578854625,-0.26380572061243246,-0.19606789912929792,Hyundai,Creta,Petrol,Automatic,Second,15,174789.0,1197.0,10924.3125
TS 89 OS 1891,13900.0,7,28,3,0,2,-0.12380514336085073,-0.6497680820887447,0.4154498159542341,-1.3085138850724016,Mercedes,GLE,Hybrid,Automatic,Second,8,71030.0,1998.0,7892.222222222223
AP 75 GN 6408,15400.0,4,51,4,0,1,-1.40809086287175,-1.366017651405394,0.4162978253631812,-1.3672979421554996,Hyundai,Verna,Petrol,Automatic,Fourth & Above,2,23196.0,1999.0,7732.0
KL 51 RA 7131,4600.0,8,37,0,0,3,0.09024247655763246,-0.3384509270178232,0.4162978253631812,-0.8352696130391316,Tata,Nexon,CNG,Automatic,Third,9,91821.0,1999.0,9182.1
DL 01 ZU 2642,2500.0,11,52,2,0,0,1.3745281960685316,1.8905265970963305,-1.2788729831221701,1.314880081274455,Volkswagen,Virtus,Electric,Automatic,First,15,240681.0,0.0,15042.5625
MH 89 WT 8848,6700.0,0,4,2,1,2,0.5183377163945988,-0.31708352861052175,-1.2788729831221701,-1.3531114984211596,Audi,A6,Electric,Manual,Second,11,93248.0,0.0,7770.666666666667
MH 42 HY 3684,7500.0,1,1,3,0,0,0.30429009647611566,0.3978483595149276,0.8386065110188615,0.49857518179381133,BMW,5 Series,Hybrid,Automatic,First,10,140994.0,2497.0,12817.636363636364
DL 80 WF 4667,9500.0,8,6,1,0,2,-0.9799956230347835,-0.813924205942456,0.07624605237537437,0.20350827002215519,Tata,Altroz,Diesel,Automatic,Second,4,60067.0,1598.0,12013.4
HR 89 AC 7935,15100.0,9,34,2,1,0,-0.5519003831978171,-0.3913378584646269,-1.2788729831221701,0.42339115950849504,Tesla,Model S,Electric,Manual,First,6,88289.0,0.0,12612.714285714286
KL 85 CT 9606,8300.0,0,4,3,0,2,0.09024247655763246,0.4159515022440288,0.8386065110188615,1.0131995461596024,Audi,A6,Hybrid,Automatic,Second,9,142203.0,2497.0,14220.3
MH 50 BO 6301,2500.0,2,22,3,1,3,1.5885758159870147,2.1630919462260496,1.4330611066908132,1.3830880459341623,Ford,Endeavour,Hybrid,Manual,Third,16,258884.0,3198.0,15228.470588235294
HR 32 GV 3535,2500.0,8,48,4,1,0,1.1604805761500483,0.4590456666562318,0.4162978253631812,-0.6555053574778715,Tata,Tiago,Petrol,Manual,First,14,145081.0,1999.0,9672.066666666668
KA 54 XQ 1553,2500.0,2,20,2,0,2,0.732385336313082,1.4102168292539974,-1.2788729831221701,1.6832013887940889,Ford,EcoSport,Electric,Automatic,Second,12,208604.0,0.0,16046.461538461539
TN 31 MZ 1566,5300.0,8,6,2,1,2,-0.3378527632793339,-0.09288306865780627,-1.2788729831221701,0.7590634708057097,Tata,Altroz,Electric,Manual,Second,7,108221.0,0.0,13527.625
TN 82 PZ 5874,7500.0,4,56,3,1,3,-0.5519003831978171,-0.7972435599538549,-0.43171158358396805,-0.9974196166632472,Hyundai,i20,Hybrid,Manual,Third,6,61181.0,999.0,8740.142857142857
AP 59 NE 7082,3900.0,9,33,2,0,3,0.732385336313082,1.3684852669826946,-1.2788729831221701,1.6045456486993837,Tesla,Model 3,Electric,Automatic,Third,12,205817.0,0.0,15832.076923076924
WB 46 UZ 7611,27300.0,0,3,4,1,1,-1.1940432429532666,-0.9651580699324664,0.8386065110188615,0.3790104776166761,Audi,A4,Petrol,Manual,Fourth & Above,3,49967.0,2497.0,12491.75
DL 76 WY 8936,3900.0,7,28,3,0,2,1.1604805761500483,0.5981658478771414,0.4154498159542341,-0.4282532044851965,Mercedes,GLE,Hybrid,Automatic,Second,14,154372.0,1998.0,10291.466666666667
UP 41 KA 5621,7700.0,9,34,2,0,1,-0.12380514336085073,0.3045175996882212,-1.2788729831221701,1.2895213035287865,Tesla,Model S,Electric,Automatic,Fourth & Above,8,134761.0,0.0,14973.444444444445
DL 76 IM 2661,3400.0,0,4,2,0,2,0.732385336313082,1.2652868718718875,-1.2788729831221701,1.410037087259588,Audi,A6,Electric,Automatic,Second,12,198925.0,0.0,15301.923076923076
GJ 44 HI 1266,3100.0,2,36,0,1,0,0.5183377163945988,0.837998798325458,1.4330611066908132,1.0054153466450275,Ford,Mustang,CNG,Manual,First,11,170389.0,3198.0,14199.083333333334
HR 64 JF 3647,2600.0,10,31,1,1,2,1.1604805761500483,0.38813046072982693,0.24669594357375135,-0.7713450083844812,Toyota,Innova,Diesel,Manual,Second,14,140345.0,1799.0,9356.333333333334
WB 70 UP 1947,12800.0,4,17,4,1,2,-1.40809086287175,-1.1935511518571822,-0.26380572061243246,0.041318083121452805,Hyundai,Creta,Petrol,Manual,Second,2,34714.0,1197.0,11571.333333333334
HR 74 UL 7566,6500.0,4,51,2,1,2,-0.3378527632793339,-0.7579377289663521,-1.2788729831221701,-1.2778683130112236,Hyundai,Verna,Electric,Manual,Second,7,63806.0,0.0,7975.75
AP 25 VR 4955,11800.0,7,28,3,0,1,-0.12380514336085073,-0.22608865816821544,1.2592191778566475,-0.155050018798993,Mercedes,GLE,Hybrid,Automatic,Fourth & Above,8,99325.0,2993.0,11036.111111111111
AP 52 EA 2621,18200.0,10,26,4,1,0,-1.40809086287175,-1.3889722567020957,1.057392938527226,-1.5547791339205255,Toyota,Fortuner,Petrol,Manual,First,2,21663.0,2755.0,7221.0
GJ 52 KK 6873,7400.0,8,43,0,0,3,-0.7659480031163003,-0.3810958819330261,-0.00940289792828771,1.2364648192752135,Tata,Safari,CNG,Automatic,Third,5,88973.0,1497.0,14828.833333333334
TN 50 QO 6530,2500.0,5,44,2,0,3,0.9464329562315652,1.7986333076600243,-1.2788729831221701,1.9424762534212001,Mahindra,Scorpio,Electric,Automatic,Third,13,234544.0,0.0,16753.14285714286
KA 20 FI 5956,2500.0,6,18,4,0,1,0.732385336313082,0.2657208727973185,-0.00940289792828771,-0.4739471000464937,Maruti,Dzire,Petrol,Automatic,Fourth & Above,12,132170.0,1497.0,10166.923076923076
DL 41 PB 2040,33900.0,7,11,1,1,1,-1.622138482790233,-1.4764483194179017,2.097900483305378,-1.3018079368129223,Mercedes,C-Class,Diesel,Manual,Fourth & Above,1,15821.0,3982.0,7910.5
GJ 83 NB 3840,5000.0,5,47,0,0,3,0.09024247655763246,-0.06742786382780451,-0.26380572061243246,-0.17119728995753322,Mahindra,Thar,CNG,Automatic,Third,9,109921.0,1197.0,10992.1
HR 96 CG 5409,8900.0,10,31,0,1,0,-0.5519003831978171,-0.2902357743398199,0.24669594357375135,0.777283529314884,Toyota,Innova,CNG,Manual,First,6,95041.0,1799.0,13577.285714285714
HR 44 ER 5402,10700.0,11,38,2,0,1,-1.1940432429532666,-1.003101298779069,-1.2788729831221701,0.14658516453811665,Volkswagen,Polo,Electric,Automatic,Fourth & Above,3,47433.0,0.0,11858.25
TS 97 YM 9063,7700.0,3,5,4,0,3,-0.7659480031163003,-0.7918230986900545,-0.43171158358396805,-0.4408375584529863,Honda,Accord,Petrol,Automatic,Third,5,61543.0,999.0,10257.166666666666
WB 98 RB 3299,2500.0,7,42,1,0,0,1.5885758159870147,1.620955977946612,1.2592191778566475,0.6016969985018465,Mercedes,S-Class,Diesel,Automatic,First,16,222678.0,2993.0,13098.70588235294
TS 68 TY 3292,2500.0,11,52,3,1,0,1.5885758159870147,0.6590936293202456,-0.26380572061243246,-0.784653791806656,Volkswagen,Virtus,Hybrid,Manual,First,16,158441.0,1197.0,9320.058823529413
DL 13 SX 8209,3700.0,4,56,2,1,3,-0.12380514336085073,0.04343704003180315,-1.2788729831221701,0.5787315536668617,Hyundai,i20,Electric,Manual,Third,8,117325.0,0.0,13036.111111111111
GJ 55 XI 9563,16600.0,11,52,3,0,0,-1.622138482790233,-1.509644901246204,0.4162978253631812,-1.7085063733521222,Volkswagen,Virtus,Hybrid,Automatic,First,1,13604.0,1999.0,6802.0
HR 14 SN 3607,9600.0,9,33,2,0,1,0.30429009647611566,-0.46369053478143185,-1.2788729831221701,-1.4204971061592742,Tesla,Model 3,Electric,Automatic,Fourth & Above,10,83457.0,0.0,7587.0
KL 38 QG 2616,4500.0,1,1,3,0,3,0.5183377163945988,1.244473498510886,0.8386065110188615,1.8353834535682811,BMW,5 Series,Hybrid,Automatic,Third,11,197535.0,2497.0,16461.25
GJ 98 CO 9861,2500.0,5,55,0,1,0,1.5885758159870147,1.1490015067484793,1.4330611066908132,-0.07854010098495519,Mahindra,XUV700,CNG,Manual,First,16,191159.0,3198.0,11244.64705882353
UP 03 NE 4859,3700.0,6,8,3,0,3,-0.3378527632793339,0.009686433157200814,0.07624605237537437,1.0732137065176537,Maruti,Baleno,Hybrid,Automatic,Third,7,115071.0,1598.0,14383.875
DL 61 VS 1927,3900.0,2,20,2,1,2,0.732385336313082,0.1628818452841114,-1.2788729831221701,-0.6677783246501661,Ford,EcoSport,Electric,Manual,Second,12,125302.0,0.0,9638.615384615385
HR 60 OS 6291,17400.0,10,31,0,0,0,-1.1940432429532666,-1.1805689973938813,0.4162978253631812,-0.940512235070047,Toyota,Innova,CNG,Automatic,First,3,35581.0,1999.0,8895.25
GJ 10 RR 1651,2700.0,9,35,2,0,3,1.1604805761500483,1.3199706413066912,-1.2788729831221701,0.7508114855386874,Tesla,Model Y,Electric,Automatic,Third,14,202577.0,0.0,13505.133333333333
HR 48 QT 7399,15700.0,5,55,4,0,1,-1.40809086287175,-1.2836925242551884,0.585051697743664,-0.6949094279192884,Mahindra,XUV700,Petrol,Automatic,Fourth & Above,2,28694.0,2198.0,9564.666666666666
MH 03 VP 7530,4400.0,2,20,2,0,2,0.30429009647611566,0.2894391342389201,-1.2788729831221701,0.2570943370368665,Ford,EcoSport,Electric,Automatic,Second,10,133754.0,0.0,12159.454545454546
KA 71 ZR 2634,3700.0,3,5,1,1,0,0.09024247655763246,0.22059029199871535,0.4162978253631812,0.5345171373615025,Honda,Accord,Diesel,Manual,First,9,129156.0,1999.0,12915.6
AP 50 WY 1600,11000.0,2,22,4,1,0,-0.9799956230347835,-0.6647567056386458,2.9196216005751654,0.9345014725126395,Ford,Endeavour,Petrol,Manual,First,4,70029.0,4951.0,14005.8
DL 29 IW 9378,13300.0,3,15,1,1,1,-1.40809086287175,-1.2701263974457875,-0.1366043092703601,-0.5841084104769444,Honda,Civic,Diesel,Manual,Fourth & Above,2,29600.0,1347.0,9866.666666666666
TS 59 QT 7779,5500.0,11,52,4,1,3,-0.3378527632793339,-0.19593172726961336,-0.43171158358396805,0.44344567194883394,Volkswagen,Virtus,Petrol,Manual,Third,7,101339.0,999.0,12667.375
MH 85 GD 6290,2500.0,6,8,4,0,1,0.30429009647611566,0.04744997820500342,-0.26380572061243246,-0.2819349353549824,Maruti,Baleno,Petrol,Automatic,Fourth & Above,10,117593.0,1197.0,10690.272727272728
KA 68 PT 4647,2500.0,4,50,2,1,3,1.3745281960685316,1.6747712756872157,-1.2788729831221701,0.9844719975975644,Hyundai,Tucson,Electric,Manual,Third,15,226272.0,0.0,14142.0
HR 62 BU 2677,3400.0,6,10,0,1,0,-0.12380514336085073,-0.40589224616742786,-0.43171158358396805,-0.6445638589195477,Maruti,Brezza,CNG,Manual,First,8,87317.0,999.0,9701.888888888889
AP 69 TC 1613,9000.0,2,24,0,0,0,-0.5519003831978171,-0.20335865762001387,-0.00940289792828771,1.081383578132519,Ford,Explorer,CNG,Automatic,First,6,100843.0,1497.0,14406.142857142857
GJ 38 IN 8750,29200.0,0,40,1,1,3,-1.40809086287175,-1.2415416997866855,1.2592191778566475,-0.3506435735040581,Audi,Q7,Diesel,Manual,Third,2,31509.0,2993.0,10503.0
KA 56 GE 6231,2500.0,0,39,2,0,3,1.5885758159870147,2.4696175333289707,-1.2788729831221701,1.824889297991471,Audi,Q5,Electric,Automatic,Third,16,279355.0,0.0,16432.647058823528
MH 77 WV 3413,18100.0,5,55,4,0,1,-1.622138482790233,-1.4903438665251028,1.4330611066908132,-1.4720452616250004,Mahindra,XUV700,Petrol,Automatic,Fourth & Above,1,14893.0,3198.0,7446.5
KA 43 RL 5985,4900.0,11,52,0,1,0,0.09024247655763246,-0.45593418413323133,-0.26380572061243246,-1.1231321239174865,Volkswagen,Virtus,CNG,Manual,First,9,83975.0,1197.0,8397.5
WB 95 IR 5054,4600.0,11,32,2,0,0,0.09024247655763246,-0.29688407489542035,-1.2788729831221701,-0.7334207307808709,Volkswagen,Jetta,Electric,Automatic,First,9,94597.0,0.0,9459.7
HR 50 FX 3004,25700.0,0,40,1,0,3,-0.9799956230347835,-1.176930400468181,2.097900483305378,-1.575398396106816,Audi,Q7,Diesel,Automatic,Third,4,35824.0,3982.0,7164.8
KL 01 KA 3647,7500.0,4,51,2,0,0,-0.7659480031163003,-0.6526280492196449,-1.2788729831221701,0.12759856635056266,Hyundai,Verna,Electric,Automatic,First,5,70839.0,0.0,11806.5
WB 62 MW 1959,2700.0,2,36,3,1,2,0.9464329562315652,0.679293083035347,1.4330611066908132,-0.01656330615424657,Ford,Mustang,Hybrid,Manual,Second,13,159790.0,3198.0,11413.57142857143
MH 76 ZX 3054,7800.0,9,34,2,0,3,-0.12380514336085073,0.25115151144461745,-1.2788729831221701,1.1442325521805472,Tesla,Model S,Electric,Automatic,Third,8,131197.0,0.0,14577.444444444445
WB 45 XA 7299,4200.0,6,18,1,1,2,-0.3378527632793339,-0.10370901753550701,0.07624605237537437,0.7259057159999088,Maruti,Dzire,Diesel,Manual,Second,7,107498.0,1598.0,13437.25
AP 54 NN 2277,3100.0,9,33,2,0,1,0.9464329562315652,0.9560360804871662,-1.2788729831221701,0.4677849446426792,Tesla,Model 3,Electric,Automatic,Fourth & Above,13,178272.0,0.0,12733.714285714286
MH 18 VW 4607,8900.0,10,16,3,1,0,-0.5519003831978171,-0.2540594361814174,-0.26380572061243246,0.9039132635347057,Toyota,Corolla,Hybrid,Manual,First,6,97457.0,1197.0,13922.42857142857
KL 46 TX 1264,4300.0,7,42,2,0,2,1.3745281960685316,0.3202099847834222,-1.2788729831221701,-1.0899055770892672,Mercedes,S-Class,Electric,Automatic,Second,15,135809.0,0.0,8488.0625
TN 79 FG 5019,12000.0,3,14,3,0,1,-1.40809086287175,-1.2552425894451864,-0.1366043092703601,-0.46254526330510093,Honda,City,Hybrid,Automatic,Fourth & Above,2,30594.0,1347.0,10198.0
AP 07 DR 7287,15000.0,4,21,3,0,3,-1.40809086287175,-1.3440662806519925,-0.26380572061243246,-1.1880106446163428,Hyundai,Elantra,Hybrid,Automatic,Third,2,24662.0,1197.0,8220.666666666666
MH 82 FP 8187,5000.0,1,54,0,0,1,0.732385336313082,0.4251752705824295,1.2592191778566475,-0.17340710138538218,BMW,X5,CNG,Automatic,Fourth & Above,12,142819.0,2993.0,10986.076923076924
TS 44 CX 4412,2500.0,8,43,1,0,0,1.1604805761500483,0.6073896162155421,-0.26380572061243246,-0.41318622286389795,Tata,Safari,Diesel,Automatic,First,14,154988.0,1197.0,10332.533333333333
DL 30 CI 6917,8800.0,7,27,1,1,2,-0.12380514336085073,0.33200922090462304,0.4154498159542341,1.3643670239203036,Mercedes,GLC,Diesel,Manual,Second,8,136597.0,1998.0,15177.444444444445
HR 90 ZS 8503,3100.0,7,28,0,1,2,1.1604805761500483,0.7911312741384547,1.2592191778566475,-0.11304510033961424,Mercedes,GLE,CNG,Manual,Second,14,167259.0,2993.0,11150.6
TS 37 HO 9119,8300.0,6,23,4,1,0,-1.40809086287175,-1.263238518491787,-0.00940289792828771,-0.527851823254562,Maruti,Ertiga,Petrol,Manual,First,2,30060.0,1497.0,10020.0
GJ 62 HC 6112,11400.0,11,52,0,0,0,-1.1940432429532666,-1.2848005743477886,-0.43171158358396805,-1.5789939258118988,Volkswagen,Virtus,CNG,Automatic,First,3,28620.0,999.0,7155.0
MH 81 DZ 1242,3600.0,1,2,3,1,1,1.1604805761500483,0.7152747637450495,2.097900483305378,-0.23695634854334832,BMW,7 Series,Hybrid,Manual,Fourth & Above,14,162193.0,3982.0,10812.866666666667
TS 98 OB 7660,14900.0,5,47,2,0,1,-1.40809086287175,-1.3928204847263959,-1.2788729831221701,-1.5862094446078132,Mahindra,Thar,Electric,Automatic,Fourth & Above,2,21406.0,0.0,7135.333333333333
MH 91 XG 1200,2500.0,11,38,1,1,0,0.732385336313082,1.3402898842209927,-0.00940289792828771,1.5514029294319525,Volkswagen,Polo,Diesel,Manual,First,12,203934.0,1497.0,15687.23076923077
TS 90 AV 6348,2500.0,8,37,0,0,3,1.3745281960685316,0.5165145349724358,0.4162978253631812,-0.7892844391196623,Tata,Nexon,CNG,Automatic,Third,15,148919.0,1999.0,9307.4375
KA 41 CI 6238,7200.0,2,24,1,1,1,-0.3378527632793339,-0.07753507751030521,0.07624605237537437,0.8060713527918035,Ford,Explorer,Diesel,Manual,Fourth & Above,7,109246.0,1598.0,13655.75
GJ 19 EE 3238,5800.0,9,34,2,0,2,0.732385336313082,-0.16772137085801142,-1.2788729831221701,-1.2908999915145354,Tesla,Model S,Electric,Automatic,Second,12,103223.0,0.0,7940.2307692307695
AP 18 UA 2566,2500.0,7,11,0,1,2,1.3745281960685316,2.338672964953462,0.8386065110188615,2.001172227597285,Mercedes,C-Class,CNG,Manual,Second,15,270610.0,2497.0,16913.125
DL 30 UF 6957,2500.0,11,38,0,0,2,1.1604805761500483,0.22981406033711602,-0.26380572061243246,-1.0299540939071974,Volkswagen,Polo,CNG,Automatic,Second,14,129772.0,1197.0,8651.466666666667
AP 87 JK 3068,12100.0,2,22,1,1,2,-0.9799956230347835,-0.6400202360038441,1.4330611066908132,1.055722188283999,Ford,Endeavour,Diesel,Manual,Second,4,71681.0,3198.0,14336.2
UP 66 NN 4167,5200.0,1,53,3,0,1,0.5183377163945988,0.461710976338432,0.4154498159542341,0.23708489180890516,BMW,X3,Hybrid,Automatic,Fourth & Above,11,145259.0,1998.0,12104.916666666666
KL 81 HI 6906,2900.0,7,19,3,1,1,1.3745281960685316,1.7722946574859224,2.097900483305378,1.1338194782685054,Mercedes,E-Class,Hybrid,Manual,Fourth & Above,15,232785.0,3982.0,14549.0625
AP 48 KS 2086,26400.0,2,22,4,0,2,-1.622138482790233,-1.4329199191585986,2.9196216005751654,-0.7685321790233623,Ford,Endeavour,Petrol,Automatic,Second,1,18728.0,4951.0,9364.0
HR 61 ZL 4590,20500.0,7,28,1,1,1,-0.9799956230347835,-0.6218272513753428,2.097900483305378,1.1448766493386004,Mercedes,GLE,Diesel,Manual,Fourth & Above,4,72896.0,3982.0,14579.2
TS 27 RS 7680,21000.0,1,54,3,0,1,-0.7659480031163003,-0.9276041559832638,1.2592191778566475,-0.9953318333796833,BMW,X5,Hybrid,Automatic,Fourth & Above,5,52475.0,2993.0,8745.833333333334
TS 61 CF 8498,8400.0,2,22,1,0,1,-0.5519003831978171,-0.29845630813492047,1.057392938527226,0.7485088090803304,Ford,Endeavour,Diesel,Automatic,Fourth & Above,6,94492.0,2755.0,13498.857142857143
HR 53 RK 9195,3100.0,11,52,1,0,3,0.30429009647611566,0.6477286290461448,-0.26380572061243246,1.0551818582170012,Volkswagen,Virtus,Diesel,Automatic,Third,10,157682.0,1197.0,14334.727272727272
KL 76 UH 9951,7400.0,9,35,2,0,2,0.09024247655763246,0.28252130798511965,-1.2788729831221701,0.6862631665474414,Tesla,Model Y,Electric,Automatic,Second,9,133292.0,0.0,13329.2
GJ 84 GW 8567,14300.0,11,38,0,1,0,-1.1940432429532666,-1.2442669040684857,0.07624605237537437,-1.3307005862287653,Volkswagen,Polo,CNG,Manual,First,3,31327.0,1598.0,7831.75
MH 99 AD 5487,3800.0,3,15,2,1,1,0.09024247655763246,-0.5408198054163371,-1.2788729831221701,-1.331122510632933,Honda,Civic,Electric,Manual,Fourth & Above,9,78306.0,0.0,7830.6
DL 16 ED 5677,7300.0,6,23,4,1,1,-1.1940432429532666,-0.9156851306628631,0.4162978253631812,0.6820622670450741,Maruti,Ertiga,Petrol,Manual,Fourth & Above,3,53271.0,1999.0,13317.75
WB 22 MW 5858,5500.0,8,29,1,0,3,-0.3378527632793339,-0.30893786306492116,-0.26380572061243246,0.09733007648634616,Tata,Harrier,Diesel,Automatic,Third,7,93792.0,1197.0,11724.0
UP 81 JA 4526,2500.0,4,17,4,0,2,0.30429009647611566,0.8842973238162611,0.4162978253631812,1.582137088371003,Hyundai,Creta,Petrol,Automatic,Second,10,173481.0,1999.0,15771.0
HR 73 OC 7717,5200.0,8,48,4,1,1,-0.12380514336085073,-0.09456011744660638,0.4162978253631812,0.20303538856434405,Tata,Tiago,Petrol,Manual,Fourth & Above,8,108109.0,1999.0,12012.111111111111
KA 50 DF 6732,11100.0,5,47,1,0,2,-1.1940432429532666,-0.9997022802517689,0.24669594357375135,0.16740621665683528,Mahindra,Thar,Diesel,Automatic,Second,3,47660.0,1799.0,11915.0
DL 35 IG 8802,3500.0,0,3,0,0,0,0.9464329562315652,0.6831712583594473,0.4154498159542341,-0.009775826608937414,Audi,A4,CNG,Automatic,First,13,160049.0,1998.0,11432.07142857143
GJ 89 IC 2017,19200.0,11,52,3,1,3,-1.622138482790233,-1.467958259924601,-0.43171158358396805,-1.1977943989158872,Volkswagen,Virtus,Hybrid,Manual,Third,1,16388.0,999.0,8194.0
HR 75 UW 2360,13200.0,3,14,3,1,0,-1.622138482790233,-1.4864207702513024,0.07624605237537437,-1.423982568628487,Honda,City,Hybrid,Manual,First,1,15155.0,1598.0,7577.5
AP 70 BX 2185,7700.0,10,13,4,1,1,-0.3378527632793339,-0.11684090849780791,0.07624605237537437,0.6856853135591242,Toyota,Camry,Petrol,Manual,Fourth & Above,7,106621.0,1598.0,13327.625
MH 08 GK 4235,9400.0,0,3,1,0,3,0.09024247655763246,-0.219485278562315,1.2592191778566475,-0.5437748833770709,Audi,A4,Diesel,Automatic,Third,9,99766.0,2993.0,9976.6
AP 08 CK 8873,2500.0,3,14,4,0,0,1.3745281960685316,1.694132205007917,-0.26380572061243246,1.014121359260013,Honda,City,Petrol,Automatic,First,15,227565.0,1197.0,14222.8125
KL 86 AF 9532,14600.0,3,15,4,0,0,-1.622138482790233,-1.5087015613025039,-0.26380572061243246,-1.696949313585785,Honda,Civic,Petrol,Automatic,First,1,13667.0,1197.0,6833.5
KL 90 CY 4491,4000.0,6,46,0,0,3,-0.3378527632793339,-0.755467076732852,-0.00940289792828771,-1.2703011905451695,Maruti,Swift,CNG,Automatic,Third,7,63971.0,1497.0,7996.375
KA 05 UP 5942,7600.0,8,6,2,1,0,-0.7659480031163003,-0.7142895395078491,-1.2788729831221701,-0.12421080993397002,Tata,Altroz,Electric,Manual,First,5,66721.0,0.0,11120.166666666666
HR 07 CW 4890,20200.0,0,3,3,1,2,-0.9799956230347835,-1.1114955504051764,0.8386065110188615,-1.2547358489392375,Audi,A4,Hybrid,Manual,Second,4,40194.0,2497.0,8038.8
GJ 33 LK 3739,2800.0,3,12,2,1,1,0.30429009647611566,0.02049740838500156,-1.2788729831221701,-0.34197160946582517,Honda,CR-V,Electric,Manual,Fourth & Above,10,115793.0,0.0,10526.636363636364
KA 91 OS 9893,15500.0,4,45,4,1,3,-1.622138482790233,-1.4143376196326973,-0.00940289792828771,-0.540876446165831,Hyundai,Sonata,Petrol,Manual,Third,1,19969.0,1497.0,9984.5
UP 81 WX 6582,17500.0,0,39,0,1,0,-0.7659480031163003,-0.7443566285070512,0.4154498159542341,-0.24699692639325613,Audi,Q5,CNG,Manual,First,5,64713.0,1998.0,10785.5
MH 24 OU 2415,6900.0,8,6,1,0,3,-0.7659480031163003,-0.3414306833479234,0.24669594357375135,1.398447101397051,Tata,Altroz,Diesel,Automatic,Third,5,91622.0,1799.0,15270.333333333334
TN 61 AV 1701,10100.0,5,55,3,0,3,-0.9799956230347835,-0.9315871468566641,0.585051697743664,-0.3730972896215135,Mahindra,XUV700,Hybrid,Automatic,Third,4,52209.0,2198.0,10441.8
GJ 57 YZ 2681,4600.0,3,12,2,0,2,-0.12380514336085073,-0.5934971057645408,-1.2788729831221701,-1.1553165989986973,Honda,CR-V,Electric,Automatic,Second,8,74788.0,0.0,8309.777777777777
TN 61 NF 4148,15500.0,10,13,3,1,1,-1.1940432429532666,-1.119296822003077,-0.26380572061243246,-0.5651829607537624,Toyota,Camry,Hybrid,Manual,Fourth & Above,3,39673.0,1197.0,9918.25
MH 23 RE 5651,2500.0,6,46,1,1,2,0.9464329562315652,0.5899453140820409,-0.26380572061243246,-0.17293740054366658,Maruti,Swift,Diesel,Manual,Second,13,153823.0,1197.0,10987.357142857143
HR 12 BX 5390,5200.0,10,26,0,1,3,-0.12380514336085073,-0.1239234449005084,1.4330611066908132,0.12309396280848076,Toyota,Fortuner,CNG,Manual,Third,8,106148.0,3198.0,11794.222222222223
TS 25 KY 8258,3800.0,5,47,4,1,3,0.09024247655763246,-0.07075201410560474,0.4162978253631812,-0.17934226541190448,Mahindra,Thar,Petrol,Manual,Third,9,109699.0,1999.0,10969.9
WB 47 PR 1670,2500.0,2,24,2,0,0,0.732385336313082,1.3989865918289968,-1.2788729831221701,1.6620346126652659,Ford,Explorer,Electric,Automatic,First,12,207854.0,0.0,15988.76923076923
HR 92 KH 5936,9000.0,0,40,4,1,0,0.09024247655763246,-0.5254119196692361,1.2592191778566475,-1.2933694487295648,Audi,Q7,Petrol,Manual,First,9,79335.0,2993.0,7933.5
AP 59 JX 3111,5600.0,3,7,0,1,3,-0.5519003831978171,-0.1890288746657129,-0.00940289792828771,1.1315427899075066,Honda,Amaze,CNG,Manual,Third,6,101800.0,1497.0,14542.857142857143
TS 64 RU 1408,2500.0,6,46,0,1,0,0.5183377163945988,-0.21014172102471435,0.07624605237537437,-1.1347503321481958,Maruti,Swift,CNG,Manual,First,11,100390.0,1598.0,8365.833333333334
KL 33 HX 7594,15100.0,11,32,1,1,2,-1.40809086287175,-1.2453000859115857,0.4162978253631812,-0.38134010261887946,Volkswagen,Jetta,Diesel,Manual,Second,2,31258.0,1999.0,10419.333333333334
TN 70 YI 4056,14400.0,0,3,1,0,3,-0.5519003831978171,-0.21494826264261468,1.2592191778566475,1.04081593976905,Audi,A4,Diesel,Automatic,Third,6,100069.0,2993.0,14295.57142857143
GJ 55 AM 2092,25700.0,0,3,4,0,3,-1.1940432429532666,-1.0425119453158718,0.8386065110188615,-0.09482897280314953,Audi,A4,Petrol,Automatic,Third,3,44801.0,2497.0,11200.25
TN 11 MK 3357,21800.0,9,33,2,0,3,-0.9799956230347835,-0.9930989006458684,-1.2788729831221701,-0.674534759590486,Tesla,Model 3,Electric,Automatic,Third,4,48101.0,0.0,9620.2
TN 18 LH 1335,2500.0,5,9,0,1,3,1.1604805761500483,1.9458392598269345,0.24669594357375135,1.7731648910696136,Mahindra,Bolero,CNG,Manual,Third,14,244375.0,1799.0,16291.666666666666
KL 64 FK 1149,2500.0,6,10,0,1,1,0.30429009647611566,0.24706370502191718,-0.00940289792828771,0.16270334385148588,Maruti,Brezza,CNG,Manual,Fourth & Above,10,130924.0,1497.0,11902.181818181818
TN 36 CO 3064,2500.0,6,10,3,1,2,0.5183377163945988,0.02368679581370178,-0.00940289792828771,-0.6573031223304134,Maruti,Brezza,Hybrid,Manual,Second,11,116006.0,1497.0,9667.166666666666
TS 59 JS 1471,17000.0,7,11,2,1,3,-0.5519003831978171,-0.6159426069646423,-1.2788729831221701,-0.36280338241920645,Mercedes,C-Class,Electric,Manual,Third,6,73289.0,0.0,10469.857142857143
DL 98 GH 3365,16400.0,8,29,1,0,2,-1.622138482790233,-1.4715818832004013,-0.00940289792828771,-1.2421881840500715,Tata,Harrier,Diesel,Automatic,Second,1,16146.0,1497.0,8073.0
HR 03 ET 8128,11800.0,0,39,4,0,2,-0.3378527632793339,-0.42797837976992936,2.097900483305378,-0.26726764233262534,Audi,Q5,Petrol,Automatic,Second,7,85842.0,3982.0,10730.25
KA 53 OR 3897,2500.0,8,29,3,1,2,1.1604805761500483,0.9124777329280631,-0.26380572061243246,0.08517376176916187,Tata,Harrier,Hybrid,Manual,Second,14,175363.0,1197.0,11690.866666666667
TN 51 HE 6815,3700.0,3,12,2,1,1,0.09024247655763246,0.22918516704131597,-1.2788729831221701,0.5555766684912724,Honda,CR-V,Electric,Manual,Fourth & Above,9,129730.0,0.0,12973.0
TS 01 FE 1738,2500.0,10,16,0,1,3,0.9464329562315652,1.5271760086229056,0.24669594357375135,1.4673788917342898,Toyota,Corolla,CNG,Manual,Third,13,216415.0,1799.0,15458.214285714286
UP 63 CT 2012,2500.0,8,37,1,1,3,1.3745281960685316,0.3514150711750244,0.24669594357375135,-1.0421180521824283,Tata,Nexon,Diesel,Manual,Third,15,137893.0,1799.0,8618.3125
TS 49 WW 5600,2500.0,10,13,3,0,0,1.5885758159870147,0.693458155840748,0.07624605237537437,-0.7351235356652107,Toyota,Camry,Hybrid,Automatic,First,16,160736.0,1598.0,9455.058823529413
UP 80 ZE 4717,3200.0,9,35,2,0,0,1.1604805761500483,1.0785055630192746,-1.2788729831221701,0.356379430952542,Tesla,Model Y,Electric,Automatic,First,14,186451.0,0.0,12430.066666666668
KL 60 ZR 2236,10500.0,10,41,1,1,0,-0.7659480031163003,-0.4966325645614341,0.07624605237537437,0.764643268179669,Toyota,RAV4,Diesel,Manual,First,5,81257.0,1598.0,13542.833333333334
TS 26 VT 2710,25100.0,7,27,1,0,0,-0.9799956230347835,-1.001798591237769,0.4154498159542341,-0.7171674689507525,Mercedes,GLC,Diesel,Automatic,First,4,47520.0,1998.0,9504.0
WB 61 UY 7849,14700.0,3,14,2,0,0,-1.622138482790233,-1.4893256583319026,-1.2788729831221701,-1.459570974893081,Honda,City,Electric,Automatic,First,1,14961.0,0.0,7480.5
WB 10 ZX 1980,2500.0,3,5,4,0,1,1.5885758159870147,2.1055482096603457,0.24669594357375135,1.3001491464345662,Honda,Accord,Petrol,Automatic,Fourth & Above,16,255041.0,1799.0,15002.411764705883
KL 81 NG 6493,6300.0,2,24,2,0,0,0.09024247655763246,-0.5201411949044358,-1.2788729831221701,-1.280454893054166,Ford,Explorer,Electric,Automatic,First,9,79687.0,0.0,7968.7
AP 82 QX 5660,6500.0,1,1,0,0,2,0.732385336313082,0.12474395898880876,0.4154498159542341,-0.7396606963836478,BMW,5 Series,CNG,Automatic,Second,12,122755.0,1998.0,9442.692307692309
TN 06 AX 5011,12000.0,11,49,4,0,2,-1.1940432429532666,-1.2100521140469833,0.24669594357375135,-1.1211142245932055,Volkswagen,Tiguan,Petrol,Automatic,Second,3,33612.0,1799.0,8403.0
AP 45 TV 9228,3600.0,5,44,1,1,0,0.09024247655763246,0.17981704332101256,-0.26380572061243246,0.43461277627027595,Mahindra,Scorpio,Diesel,Manual,First,9,126433.0,1197.0,12643.3
DL 88 PN 6611,4000.0,8,6,0,0,0,0.30429009647611566,-0.2819403722952193,0.07624605237537437,-1.0156498004051584,Tata,Altroz,CNG,Automatic,First,10,95595.0,1598.0,8690.454545454546
WB 04 MZ 6785,14300.0,0,3,1,1,0,-0.5519003831978171,-0.12003029592650813,0.4154498159542341,1.3730617531876963,Audi,A4,Diesel,Manual,First,6,106408.0,1998.0,15201.142857142857
HR 41 LH 5078,14100.0,2,20,1,0,0,-0.9799956230347835,-1.0180150540794701,-0.26380572061243246,-0.7966360132488047,Ford,EcoSport,Diesel,Automatic,First,4,46437.0,1197.0,9287.4
GJ 38 SN 3617,11200.0,5,44,0,0,1,-0.9799956230347835,-0.9861361534423679,-0.00940289792828771,-0.6404139164708238,Mahindra,Scorpio,CNG,Automatic,Fourth & Above,4,48566.0,1497.0,9713.2
AP 75 ES 7861,6800.0,2,25,4,0,1,-0.3378527632793339,-0.06786209967490453,1.057392938527226,0.8356977837801124,Ford,F-150,Petrol,Automatic,Fourth & Above,7,109892.0,2755.0,13736.5
KL 23 TH 6235,6500.0,4,17,4,0,2,-0.5519003831978171,-0.19957032419531362,0.07624605237537437,1.094644059406366,Hyundai,Creta,Petrol,Automatic,Second,6,101096.0,1598.0,14442.285714285714
KA 39 NZ 7082,27900.0,9,33,2,1,0,-1.40809086287175,-1.2709050272405875,-1.2788729831221701,-0.590467850771648,Tesla,Model 3,Electric,Manual,First,2,29548.0,0.0,9849.333333333334
TS 64 XS 8596,2500.0,10,16,2,0,0,0.732385336313082,1.171491928898281,-1.2788729831221701,1.2332521730316612,Toyota,Corolla,Electric,Automatic,First,12,192661.0,0.0,14820.076923076924
UP 68 EC 5794,2500.0,2,25,4,0,0,0.9464329562315652,1.5582014112157077,1.057392938527226,1.521678728096763,Ford,F-150,Petrol,Automatic,First,13,218487.0,2755.0,15606.214285714286
AP 63 MY 8295,4200.0,5,55,1,1,3,0.09024247655763246,-0.321455834381322,1.4330611066908132,-0.7936275088016944,Mahindra,XUV700,Diesel,Manual,Third,9,92956.0,3198.0,9295.6
MH 20 AB 9486,3800.0,10,30,1,0,2,0.30429009647611566,0.12209362295650857,0.585051697743664,-0.11566670177578765,Toyota,Highlander,Diesel,Automatic,Second,10,122578.0,2198.0,11143.454545454546
KL 87 SM 1375,12500.0,7,42,0,1,2,-0.12380514336085073,-0.5395919661245371,0.8386065110188615,-1.0085602845055264,Mercedes,S-Class,CNG,Manual,Second,8,78388.0,2497.0,8709.777777777777
WB 87 IT 5686,7600.0,6,8,4,1,1,-0.9799956230347835,-0.8761696685767603,-0.43171158358396805,-0.10152472965190046,Maruti,Baleno,Petrol,Manual,Fourth & Above,4,55910.0,999.0,11182.0
DL 19 IT 7055,2500.0,8,48,2,0,0,0.732385336313082,-0.15872220726811082,-1.2788729831221701,-1.2739383482433058,Tata,Tiago,Electric,Automatic,First,12,103824.0,0.0,7986.461538461538
KA 61 LZ 9693,2900.0,3,7,4,1,0,0.30429009647611566,0.10923125769240769,-0.00940289792828771,-0.14431753680979564,Honda,Amaze,Petrol,Manual,First,10,121719.0,1497.0,11065.363636363636
KA 08 JB 5455,2500.0,9,34,2,1,3,1.3745281960685316,1.316257176131491,-1.2788729831221701,0.43544286667412824,Tesla,Model S,Electric,Manual,Third,15,202329.0,0.0,12645.5625
WB 84 DI 9438,17300.0,1,0,3,1,2,-0.7659480031163003,-0.742200422921451,1.2592191778566475,-0.2381915475236659,BMW,3 Series,Hybrid,Manual,Second,5,64857.0,2993.0,10809.5
TN 14 MQ 6206,18300.0,11,32,0,1,2,-1.622138482790233,-1.5129840251739042,-0.43171158358396805,-1.7494146960170935,Volkswagen,Jetta,CNG,Manual,Second,1,13381.0,999.0,6690.5
UP 05 EO 2682,12600.0,8,43,2,0,0,-1.40809086287175,-1.3755109454419947,-1.2788729831221701,-1.4448341949793915,Tata,Safari,Electric,Automatic,First,2,22562.0,0.0,7520.666666666667
AP 67 ND 2395,3600.0,8,48,4,1,3,0.30429009647611566,0.22999374413591603,0.24669594357375135,0.12468011691461874,Tata,Tiago,Petrol,Manual,Third,10,129784.0,1799.0,11798.545454545454
KL 06 XK 1460,21200.0,0,40,0,1,2,-0.9799956230347835,-0.9218692480715635,0.8386065110188615,-0.32547486556847915,Audi,Q7,CNG,Manual,Second,4,52858.0,2497.0,10571.6
MH 70 LH 6975,3000.0,4,56,0,1,3,0.30429009647611566,0.0762143596629054,0.07624605237537437,-0.21786246259557807,Hyundai,i20,CNG,Manual,Third,10,119514.0,1598.0,10864.90909090909
TN 09 VK 9837,6400.0,1,1,1,1,1,0.5183377163945988,0.10749431430400756,2.097900483305378,-0.48617914478493846,BMW,5 Series,Diesel,Manual,Fourth & Above,11,121603.0,3982.0,10133.583333333334
GJ 44 GF 8569,25000.0,7,28,1,1,2,-1.1940432429532666,-1.0566021498717728,0.4154498159542341,-0.18114003026444567,Mercedes,GLE,Diesel,Manual,Second,3,43860.0,1998.0,10965.0
TN 22 KE 9484,14400.0,2,20,1,0,3,-0.9799956230347835,-0.9281282337297639,-0.43171158358396805,-0.35614693529755204,Ford,EcoSport,Diesel,Automatic,Third,4,52440.0,999.0,10488.0
UP 61 EX 1130,11800.0,4,50,0,0,2,-1.1940432429532666,-1.2768795135506879,-0.43171158358396805,-1.5304726193325942,Hyundai,Tucson,CNG,Automatic,Second,3,29149.0,999.0,7287.25
KA 16 YQ 5792,3800.0,11,52,1,0,1,0.09024247655763246,0.17125211557821196,0.07624605237537437,0.4136266232977529,Volkswagen,Virtus,Diesel,Automatic,Fourth & Above,9,125861.0,1598.0,12586.1
TN 02 OC 3399,2600.0,2,25,0,0,2,0.732385336313082,1.01362473800257,0.585051697743664,0.935703745396757,Ford,F-150,CNG,Automatic,Second,12,182118.0,2198.0,14009.076923076924
WB 07 LX 8920,2500.0,3,15,1,0,3,0.732385336313082,1.042898223557072,0.07624605237537437,0.990878475172555,Honda,Civic,Diesel,Automatic,Third,12,184073.0,1598.0,14159.461538461539
UP 81 PD 7163,32200.0,9,34,2,0,0,-1.40809086287175,-1.1580636015941796,-1.2788729831221701,0.3311618042454654,Tesla,Model S,Electric,Automatic,First,2,37084.0,0.0,12361.333333333334
UP 93 VM 9585,9800.0,4,51,2,0,3,-1.1940432429532666,-1.1579587860448797,-1.2788729831221701,-0.802010963267117,Hyundai,Verna,Electric,Automatic,Third,3,37091.0,0.0,9272.75
HR 18 VM 6972,13400.0,1,1,0,0,2,-0.3378527632793339,-0.04240689484490278,0.8386065110188615,0.9136620758546095,BMW,5 Series,CNG,Automatic,Second,7,111592.0,2497.0,13949.0
TN 59 AL 5661,6000.0,1,54,4,1,3,0.30429009647611566,0.9436828193196652,0.8386065110188615,1.7144178936618928,BMW,X5,Petrol,Manual,Third,10,177447.0,2497.0,16131.545454545454
TS 05 XW 2575,15300.0,5,55,2,1,0,-1.1940432429532666,-1.3096867804815902,-1.2788729831221701,-1.73143704749168,Mahindra,XUV700,Electric,Manual,First,3,26958.0,0.0,6739.5
MH 52 LR 4423,12200.0,10,13,2,1,0,-0.9799956230347835,-0.7401939538348509,-1.2788729831221701,0.5648223163043424,Toyota,Camry,Electric,Manual,First,4,64991.0,0.0,12998.2
GJ 92 GL 9060,13300.0,11,49,0,1,2,-1.40809086287175,-1.1505468293443792,-0.00940289792828771,0.3925548624751081,Volkswagen,Tiguan,CNG,Manual,Second,2,37586.0,1497.0,12528.666666666666
GJ 53 UM 5647,2900.0,3,7,2,1,3,0.5183377163945988,-0.1689791574496115,-1.2788729831221701,-1.0507017678686696,Honda,Amaze,Electric,Manual,Third,11,103139.0,0.0,8594.916666666666
MH 67 EJ 7436,2900.0,11,32,2,1,1,0.732385336313082,-0.20723683294411416,-1.2788729831221701,-1.3653788211198197,Volkswagen,Jetta,Electric,Manual,Fourth & Above,12,100584.0,0.0,7737.2307692307695
TN 89 XV 3314,2500.0,6,10,1,0,2,-0.12380514336085073,0.32356408236102246,-0.00940289792828771,1.3413752013163731,Maruti,Brezza,Diesel,Automatic,Second,8,136033.0,1497.0,15114.777777777777
TN 72 YK 5584,10900.0,10,26,2,1,3,-0.9799956230347835,-0.8163050162765562,-1.2788729831221701,0.19184114301994837,Toyota,Fortuner,Electric,Manual,Third,4,59908.0,0.0,11981.6
AP 84 GM 4289,35800.0,1,1,1,1,2,-1.622138482790233,-1.423216994023398,0.8386065110188615,-0.6496595642838938,BMW,5 Series,Diesel,Manual,Second,1,19376.0,2497.0,9688.0
KA 94 AZ 6074,2500.0,10,13,4,1,0,1.3745281960685316,0.2284364845463159,0.24669594357375135,-1.2304476788906178,Toyota,Camry,Petrol,Manual,First,15,129680.0,1799.0,8105.0
UP 97 FT 1828,2500.0,6,46,1,0,3,0.5183377163945988,0.5457131522774378,-0.43171158358396805,0.4086063343727987,Maruti,Swift,Diesel,Automatic,Third,11,150869.0,999.0,12572.416666666666
AP 51 FR 1405,2500.0,0,4,2,0,1,1.3745281960685316,2.214900774880053,-1.2788729831221701,1.8116272751596991,Audi,A6,Electric,Automatic,Fourth & Above,15,262344.0,0.0,16396.5
UP 39 YO 5201,2500.0,6,46,2,1,3,0.732385336313082,1.549441826024207,-1.2788729831221701,1.9456129680551473,Maruti,Swift,Electric,Manual,Third,12,217902.0,0.0,16761.69230769231
DL 87 YX 5006,8300.0,5,47,4,1,3,-0.7659480031163003,-0.4039157243806277,0.4162978253631812,1.14327455957205,Mahindra,Thar,Petrol,Manual,Third,5,87449.0,1999.0,14574.833333333334
UP 16 XJ 3292,13500.0,10,26,2,0,2,-1.1940432429532666,-1.103514595008476,-1.2788729831221701,-0.468507238581386,Toyota,Fortuner,Electric,Automatic,Second,3,40727.0,0.0,10181.75
AP 62 WD 9340,4400.0,11,52,3,1,0,0.09024247655763246,0.04345201368170314,0.07624605237537437,0.10048533724794946,Volkswagen,Virtus,Hybrid,Manual,First,9,117326.0,1598.0,11732.6
GJ 86 VL 1402,10000.0,5,9,0,1,1,-0.9799956230347835,-0.6907958828147475,-0.26380572061243246,0.8068968570608276,Mahindra,Bolero,CNG,Manual,Fourth & Above,4,68290.0,1197.0,13658.0
KL 66 WQ 1183,2500.0,3,14,0,1,2,0.5183377163945988,0.4008281158450278,0.07624605237537437,0.1127700637403154,Honda,City,CNG,Manual,Second,11,141193.0,1598.0,11766.083333333334
WB 78 VW 9810,27800.0,0,4,2,0,2,-1.40809086287175,-1.2609325764071868,-1.2788729831221701,-0.5090180962279381,Audi,A6,Electric,Automatic,Second,2,30214.0,0.0,10071.333333333334
KL 62 OE 8107,29700.0,0,3,3,1,2,-1.40809086287175,-1.336564482052092,1.2592191778566475,-1.1267398833154438,Audi,A4,Hybrid,Manual,Second,2,25163.0,2993.0,8387.666666666666
KA 91 JD 8222,13700.0,4,56,1,0,0,-1.622138482790233,-1.5201713771259047,-0.00940289792828771,-1.837468484712996,Hyundai,i20,Diesel,Automatic,First,1,12901.0,1497.0,6450.5
TS 51 LZ 2520,7200.0,3,14,0,1,2,-0.5519003831978171,-0.5109473738658351,0.24669594357375135,0.004716359447263216,Honda,City,CNG,Manual,Second,6,80301.0,1799.0,11471.57142857143
TS 06 AW 4008,11300.0,6,23,3,0,0,-1.40809086287175,-1.4279187200919983,-0.43171158358396805,-1.8728734455844736,Maruti,Ertiga,Hybrid,Automatic,First,2,19062.0,999.0,6354.0
WB 30 UA 3314,6800.0,7,27,2,0,1,0.5183377163945988,0.5072757929841352,-1.2788729831221701,0.33012228035113855,Mercedes,GLC,Electric,Automatic,Fourth & Above,11,148302.0,0.0,12358.5
AP 81 BP 5509,2900.0,0,4,1,0,0,1.5885758159870147,0.5578867296461386,0.4154498159542341,-0.9305252520506774,Audi,A6,Diesel,Automatic,First,16,151682.0,1998.0,8922.470588235294
DL 53 TG 2950,2500.0,2,22,3,1,2,1.5885758159870147,1.2186738997331843,1.057392938527226,0.021880065388092278,Ford,Endeavour,Hybrid,Manual,Second,16,195812.0,2755.0,11518.35294117647
HR 23 MU 7938,12400.0,11,38,2,1,0,-0.9799956230347835,-1.116002619025077,-1.2788729831221701,-1.2768226742704596,Volkswagen,Polo,Electric,Manual,First,4,39893.0,0.0,7978.6
KA 83 YI 5998,22100.0,2,25,3,1,3,-1.40809086287175,-1.321830410550491,2.9196216005751654,-1.0063997054310438,Ford,F-150,Hybrid,Manual,Third,2,26147.0,4951.0,8715.666666666666
GJ 64 ZG 6929,7900.0,8,48,2,0,0,-0.7659480031163003,-0.38403071731342636,-1.2788729831221701,1.224479720258271,Tata,Tiago,Electric,Automatic,First,5,88777.0,0.0,14796.166666666666
GJ 69 VN 6798,4200.0,11,49,3,1,3,-0.12380514336085073,0.39876175215882764,0.07624605237537437,1.5461002600343465,Volkswagen,Tiguan,Hybrid,Manual,Third,8,141055.0,1598.0,15672.777777777777
AP 81 FN 9102,3300.0,6,8,0,1,3,-0.12380514336085073,-0.09462749887115639,0.4162978253631812,0.2028519431712276,Maruti,Baleno,CNG,Manual,Third,8,108104.5,1999.0,12011.611111111111
GJ 61 AQ 5763,21100.0,1,54,1,1,0,-0.9799956230347835,-0.6911702240622476,2.097900483305378,0.8050624031296629,BMW,X5,Diesel,Manual,First,4,68265.0,3982.0,13653.0
AP 77 WK 9774,29000.0,1,1,1,0,3,-1.1940432429532666,-0.9559343015940658,0.8386065110188615,0.4355116586965469,BMW,5 Series,Diesel,Automatic,Third,3,50583.0,2497.0,12645.75
MH 69 IM 8593,2500.0,10,41,3,1,3,1.5885758159870147,2.093958604637745,0.4162978253631812,1.2834448247554904,Toyota,RAV4,Hybrid,Manual,Third,16,254267.0,1999.0,14956.882352941177
KL 19 SK 5417,2500.0,2,36,0,1,0,1.3745281960685316,1.143685861033979,2.9196216005751654,0.17116684721572278,Ford,Mustang,CNG,Manual,First,15,190804.0,4951.0,11925.25
TS 15 LB 3173,2500.0,11,49,4,0,2,1.5885758159870147,0.852702922527259,-0.00940289792828771,-0.5056009761600826,Volkswagen,Tiguan,Petrol,Automatic,Second,16,171371.0,1497.0,10080.64705882353
DL 09 EO 5338,2500.0,9,34,2,1,3,1.5885758159870147,0.9573088407286662,-1.2788729831221701,-0.35483044482930465,Tesla,Model S,Electric,Manual,Third,16,178357.0,0.0,10491.588235294117
KA 15 EH 6776,3700.0,11,32,3,1,0,0.09024247655763246,0.4284095789608297,0.4162978253631812,1.0437248595741822,Volkswagen,Jetta,Hybrid,Manual,First,9,143035.0,1999.0,14303.5
AP 87 MF 6635,7300.0,0,3,3,1,1,-0.12380514336085073,0.4603483741975319,1.2592191778566475,1.7137693493427941,Audi,A4,Hybrid,Manual,Fourth & Above,8,145168.0,2993.0,16129.777777777777
KA 34 UY 8067,7200.0,3,15,0,0,3,-0.7659480031163003,-0.6965008434266479,-0.00940289792828771,-0.051566434259850406,Honda,Civic,CNG,Automatic,Third,5,67909.0,1497.0,11318.166666666666
TS 97 VH 8434,2500.0,10,26,4,0,3,1.1604805761500483,1.2235852569003847,1.4330611066908132,0.5933664194732639,Toyota,Fortuner,Petrol,Automatic,Third,14,196140.0,3198.0,13076.0
KL 33 MD 3300,25100.0,9,33,2,0,1,-1.1940432429532666,-1.2668771154174872,-1.2788729831221701,-1.4692018580316952,Tesla,Model 3,Electric,Automatic,Fourth & Above,3,29817.0,0.0,7454.25
AP 04 QI 9613,14000.0,3,12,1,0,3,-1.622138482790233,-1.4971568772296031,-0.43171158358396805,-1.5555129154929914,Honda,CR-V,Diesel,Automatic,Third,1,14438.0,999.0,7219.0
UP 56 HA 4848,12100.0,3,7,0,1,1,-1.40809086287175,-1.3404875783258923,0.24669594357375135,-1.1587816786464524,Honda,Amaze,CNG,Manual,Fourth & Above,2,24901.0,1799.0,8300.333333333334
UP 76 RE 3048,3200.0,0,39,4,0,3,1.1604805761500483,0.9218961587151637,0.4154498159542341,0.10055871540519565,Audi,Q5,Petrol,Automatic,Third,14,175992.0,1998.0,11732.8
GJ 72 QB 6055,16400.0,11,52,1,1,3,-1.40809086287175,-1.3425090210623924,-0.26380572061243246,-1.1752917640269342,Volkswagen,Virtus,Diesel,Manual,Third,2,24766.0,1197.0,8255.333333333334
AP 39 LB 3371,2500.0,6,10,4,1,3,1.1604805761500483,1.0517775979477728,0.24669594357375135,0.31271942739082365,Maruti,Brezza,Petrol,Manual,Third,14,184666.0,1799.0,12311.066666666668
KL 24 TT 2047,3100.0,6,8,2,0,3,0.09024247655763246,-0.46069580480143163,-1.2788729831221701,-1.1347992509196934,Maruti,Baleno,Electric,Automatic,Third,9,83657.0,0.0,8365.7
DL 83 JH 8141,5500.0,3,12,3,1,0,-0.3378527632793339,-0.1961263847183134,0.24669594357375135,0.4428494744212055,Honda,CR-V,Hybrid,Manual,First,7,101326.0,1799.0,12665.75
WB 14 KA 7684,5900.0,0,39,4,1,1,0.09024247655763246,0.6183353542924428,0.8386065110188615,1.509089132832027,Audi,Q5,Petrol,Manual,Fourth & Above,9,155719.0,2497.0,15571.9
KL 28 FQ 2827,2500.0,2,22,0,1,1,0.9464329562315652,1.7617082870066216,1.4330611066908132,1.8778510620747424,Ford,Endeavour,CNG,Manual,Fourth & Above,13,232078.0,3198.0,16577.0
UP 71 HM 2237,2500.0,8,29,2,1,2,1.1604805761500483,1.5813656476110092,-1.2788729831221701,1.177798982556568,Tata,Harrier,Electric,Manual,Second,14,220034.0,0.0,14668.933333333332
UP 66 VO 8984,2500.0,4,17,2,1,0,0.30429009647611566,0.5428831324463376,-1.2788729831221701,0.8216391959258234,Hyundai,Creta,Electric,Manual,First,10,150680.0,0.0,13698.181818181818
HR 41 BA 3909,6600.0,10,30,0,1,3,-0.3378527632793339,-0.4612947507974317,1.057392938527226,-0.3693091422536583,Toyota,Highlander,CNG,Manual,Third,7,83617.0,2755.0,10452.125
HR 82 LB 3786,13100.0,10,16,0,0,0,-0.9799956230347835,-0.7433683676136511,-0.26380572061243246,0.5492661469680657,Toyota,Corolla,CNG,Automatic,First,4,64779.0,1197.0,12955.8
DL 35 NV 8524,22400.0,0,39,3,1,3,-0.9799956230347835,-0.9243997949046636,0.4154498159542341,-0.3378757741431525,Audi,Q5,Hybrid,Manual,Third,4,52689.0,1998.0,10537.8
TN 10 HR 3165,5600.0,11,49,1,1,1,-0.3378527632793339,-0.17216854487831174,0.24669594357375135,0.516227631667791,Volkswagen,Tiguan,Diesel,Manual,Fourth & Above,7,102926.0,1799.0,12865.75
KA 70 JF 3439,2500.0,5,55,4,1,2,1.1604805761500483,0.12520814213570877,1.4330611066908132,-1.200827362748746,Mahindra,XUV700,Petrol,Manual,Second,14,122786.0,3198.0,8185.733333333334
DL 88 XC 7336,5200.0,10,13,3,1,2,0.09024247655763246,0.1340276219268094,-0.43171158358396805,0.32241757384024705,Toyota,Camry,Hybrid,Manual,Second,9,123375.0,999.0,12337.5
UP 02 OX 9360,9000.0,6,46,1,1,1,-1.1940432429532666,-1.1887895311889818,-0.26380572061243246,-0.9908679954805163,Maruti,Swift,Diesel,Manual,Fourth & Above,3,35032.0,1197.0,8758.0
KA 07 PA 8483,32300.0,0,39,4,1,3,-1.622138482790233,-1.5034158628878036,0.8386065110188615,-1.6321930898156731,Audi,Q5,Petrol,Manual,Third,1,14020.0,2497.0,7010.0
TN 68 LC 2804,3600.0,3,14,0,0,0,0.09024247655763246,-0.23589639885271613,-0.26380572061243246,-0.5839861135481998,Honda,City,CNG,Automatic,First,9,98670.0,1197.0,9867.0
AP 45 KM 2882,8000.0,0,3,3,0,1,-0.12380514336085073,0.23471044385441633,2.097900483305378,1.09947187626013,Audi,A4,Hybrid,Automatic,Fourth & Above,8,130099.0,3982.0,14455.444444444445
WB 65 QN 3316,32900.0,0,4,2,0,0,-1.40809086287175,-1.3260080588725913,-1.2788729831221701,-1.040520548550706,Audi,A6,Electric,Automatic,First,2,25868.0,0.0,8622.666666666666
TN 48 LP 4399,8500.0,8,29,2,0,1,-0.7659480031163003,-0.7913139945934544,-1.2788729831221701,-0.4387585106643326,Tata,Harrier,Electric,Automatic,Fourth & Above,5,61577.0,0.0,10262.833333333334
MH 28 VU 5729,3000.0,5,47,2,0,0,0.30429009647611566,0.3658197223788254,-1.2788729831221701,0.4272316007254265,Mahindra,Thar,Electric,Automatic,First,10,138855.0,0.0,12623.181818181818
DL 01 JV 2809,2500.0,11,52,2,1,1,1.1604805761500483,0.6587642090224456,-1.2788729831221701,-0.32926607035955296,Volkswagen,Virtus,Electric,Manual,Fourth & Above,14,158419.0,0.0,10561.266666666666
DL 15 TM 9714,9800.0,3,14,1,1,3,-1.1940432429532666,-0.9480431880967652,-0.26380572061243246,0.4838495197827351,Honda,City,Diesel,Manual,Third,3,51110.0,1197.0,12777.5
AP 69 SM 9364,5200.0,9,35,2,1,3,0.30429009647611566,0.852837685376359,-1.2788729831221701,1.5120609482005138,Tesla,Model Y,Electric,Manual,Third,10,171380.0,0.0,15580.0
KL 88 TU 4732,3700.0,5,47,1,1,0,0.30429009647611566,0.09809086216680692,-0.00940289792828771,-0.16913269544227738,Mahindra,Thar,Diesel,Manual,First,10,120975.0,1497.0,10997.727272727272
KL 08 MK 4654,2500.0,8,29,1,1,0,1.1604805761500483,1.6179462743167117,0.4162978253631812,1.2375532619410374,Tata,Harrier,Diesel,Manual,First,14,222477.0,1999.0,14831.8
GJ 21 IP 3032,2500.0,7,11,1,1,0,1.3745281960685316,2.140496708526948,2.097900483305378,1.6976847553602357,Mercedes,C-Class,Diesel,Manual,First,15,257375.0,3982.0,16085.9375
KL 68 TX 9530,2500.0,6,8,0,0,0,1.5885758159870147,0.4347284592186301,0.07624605237537437,-1.1080356471545492,Maruti,Baleno,CNG,Automatic,First,16,143457.0,1598.0,8438.64705882353
MH 14 PD 2808,15500.0,11,49,2,1,3,-1.622138482790233,-1.409830551012797,-1.2788729831221701,-0.4856593828377754,Volkswagen,Tiguan,Electric,Manual,Third,1,20270.0,0.0,10135.0
KL 28 UZ 6134,26400.0,7,42,3,1,0,-1.1940432429532666,-0.9247292152024637,0.4154498159542341,0.626661758323902,Mercedes,S-Class,Hybrid,Manual,First,3,52667.0,1998.0,13166.75
KL 23 XY 7789,2500.0,8,29,4,1,1,0.9464329562315652,1.8041136635234247,-0.00940289792828771,1.9520678268327172,Tata,Harrier,Petrol,Manual,Fourth & Above,13,234910.0,1497.0,16779.285714285714
DL 68 WW 1877,5500.0,3,14,0,1,0,-0.3378527632793339,-0.20868927698441425,0.24669594357375135,0.4043718032150272,Honda,City,CNG,Manual,First,7,100487.0,1799.0,12560.875
KL 45 GZ 3813,2500.0,8,48,1,1,1,0.5183377163945988,0.7753041261941537,-0.43171158358396805,0.8774010364819216,Tata,Tiago,Diesel,Manual,Fourth & Above,11,166202.0,999.0,13850.166666666666
UP 68 KI 1600,2600.0,3,14,2,1,2,0.09024247655763246,0.5025590932656349,-1.2788729831221701,1.2254091769167281,Honda,City,Electric,Manual,Second,9,147987.0,0.0,14798.7
TS 65 HK 7899,2500.0,10,41,0,0,3,1.3745281960685316,0.6838001516552473,-0.00940289792828771,-0.5331029476325208,Toyota,RAV4,CNG,Automatic,Third,15,160091.0,1497.0,10005.6875
TS 14 OZ 5461,5400.0,1,2,1,1,2,0.9464329562315652,0.2079375578332145,1.2592191778566475,-0.8415172389989837,BMW,7 Series,Diesel,Manual,Second,13,128311.0,2993.0,9165.07142857143
KA 91 FW 4078,2900.0,3,7,4,0,1,0.5183377163945988,0.2035203311127142,0.07624605237537437,-0.2901065937756251,Honda,Amaze,Petrol,Automatic,Fourth & Above,11,128016.0,1598.0,10668.0
DL 93 YR 5123,2500.0,8,37,0,0,3,0.9464329562315652,1.2377802770055855,-0.00940289792828771,0.9608861613397336,Tata,Nexon,CNG,Automatic,Third,13,197088.0,1497.0,14077.714285714286
GJ 85 XK 1755,2500.0,4,45,4,1,0,0.9464329562315652,0.48304842744593346,0.07624605237537437,-0.36002549503772896,Hyundai,Sonata,Petrol,Manual,First,13,146684.0,1598.0,10477.42857142857
TN 72 XT 3880,5700.0,11,52,0,0,2,-0.3378527632793339,-0.4328298423375297,0.4162978253631812,-0.28212671917505894,Volkswagen,Virtus,CNG,Automatic,Second,7,85518.0,1999.0,10689.75
GJ 09 CG 4535,30600.0,9,33,2,0,0,-1.40809086287175,-1.2675209823631872,-1.2788729831221701,-0.5628287448754347,Tesla,Model 3,Electric,Automatic,First,2,29774.0,0.0,9924.666666666666
DL 91 JA 3953,5000.0,0,40,2,1,0,0.30429009647611566,0.24706370502191718,-1.2788729831221701,0.16270334385148588,Audi,Q7,Electric,Manual,First,10,130924.0,0.0,11902.181818181818
DL 24 XH 8108,5200.0,7,19,3,1,2,0.5183377163945988,0.7279125242606503,0.4154498159542341,0.780633591612987,Mercedes,E-Class,Hybrid,Manual,Second,11,163037.0,1998.0,13586.416666666666
GJ 35 EV 1504,2500.0,4,50,3,0,3,1.5885758159870147,0.476400126890333,-0.26380572061243246,-1.0479734672671237,Hyundai,Tucson,Hybrid,Automatic,Third,16,146240.0,1197.0,8602.35294117647
KA 16 VX 9433,4300.0,2,25,4,0,1,0.09024247655763246,0.5144481712862357,2.9196216005751654,1.2545403053436224,Ford,F-150,Petrol,Automatic,Fourth & Above,9,148781.0,4951.0,14878.1
DL 80 RT 2064,7000.0,8,37,0,0,0,-0.5519003831978171,-0.5890199844444405,-0.00940289792828771,-0.2685648633268059,Tata,Nexon,CNG,Automatic,First,6,75087.0,1497.0,10726.714285714286
UP 08 QF 7316,3000.0,1,54,1,0,3,1.3745281960685316,0.8667781534332599,0.4154498159542341,-0.25289010964712255,BMW,X5,Diesel,Automatic,Third,15,172311.0,1998.0,10769.4375
MH 05 UF 4962,2500.0,3,15,3,0,2,1.5885758159870147,1.7778049606491229,0.4162978253631812,0.8277664682541948,Honda,Civic,Hybrid,Automatic,Second,16,233153.0,1999.0,13714.882352941177
DL 30 RM 2528,11100.0,5,9,2,1,2,-0.9799956230347835,-0.9202371202324634,-1.2788729831221701,-0.3174766464286016,Mahindra,Bolero,Electric,Manual,Second,4,52967.0,0.0,10593.4
HR 17 IU 3437,3200.0,0,39,0,1,0,1.1604805761500483,1.766035671827722,0.8386065110188615,1.479456586997281,Audi,Q5,CNG,Manual,First,14,232367.0,2497.0,15491.133333333333
HR 87 QR 4769,21800.0,7,11,1,0,1,-0.9799956230347835,-0.9542422791553657,0.8386065110188615,-0.4841184415355968,Mercedes,C-Class,Diesel,Automatic,Fourth & Above,4,50696.0,2497.0,10139.2
GJ 56 YZ 6930,7800.0,1,53,0,0,1,0.30429009647611566,0.21337299274691487,1.2592191778566475,0.08765750121293274,BMW,X3,CNG,Automatic,Fourth & Above,10,128674.0,2993.0,11697.636363636364
KL 35 GK 1355,13900.0,7,19,2,1,3,-0.3378527632793339,-0.5651070655541388,-1.2788729831221701,-0.6872658698727689,Mercedes,E-Class,Electric,Manual,Third,7,76684.0,0.0,9585.5
TN 32 SN 7913,4800.0,0,39,0,0,3,0.5183377163945988,1.274780165908488,2.097900483305378,1.897265699512902,Audi,Q5,CNG,Automatic,Third,11,199559.0,3982.0,16629.916666666668
KL 16 ZR 9569,7200.0,7,27,2,0,3,0.30429009647611566,-0.011501281451300647,-1.2788729831221701,-0.41324848311853135,Mercedes,GLC,Electric,Automatic,Third,10,113656.0,0.0,10332.363636363636
HR 37 XX 7585,2500.0,1,0,3,0,2,1.3745281960685316,1.8577941984149284,2.097900483305378,1.2647536276053812,BMW,3 Series,Hybrid,Automatic,Second,15,238495.0,3982.0,14905.9375
KA 59 WU 1364,12100.0,11,52,0,0,1,-1.1940432429532666,-1.1107019469604764,-0.43171158358396805,-0.5125341329293372,Volkswagen,Virtus,CNG,Automatic,Fourth & Above,3,40247.0,999.0,10061.75
DL 68 IZ 8340,2500.0,8,48,2,1,0,1.3745281960685316,0.30499675648502117,-1.2788729831221701,-1.1132031420150579,Tata,Tiago,Electric,Manual,First,15,134793.0,0.0,8424.5625
KA 70 XQ 7920,9500.0,3,12,2,0,0,-0.9799956230347835,-0.9099951437008627,-1.2788729831221701,-0.2672859868719367,Honda,CR-V,Electric,Automatic,First,4,53651.0,0.0,10730.2
TS 79 UN 9472,2500.0,10,31,3,1,2,0.9464329562315652,0.6467253945028447,-0.00940289792828771,-0.07356241044400502,Toyota,Innova,Hybrid,Manual,Second,13,157615.0,1497.0,11258.214285714286
DL 63 KJ 1746,4800.0,4,21,3,0,1,-0.12380514336085073,-0.09462749887115639,0.4162978253631812,0.2028519431712276,Hyundai,Elantra,Hybrid,Automatic,Fourth & Above,8,108104.5,1999.0,12011.611111111111
KA 39 BE 6413,3000.0,2,25,2,1,3,0.5183377163945988,0.9554521081410661,-1.2788729831221701,1.2452396239126176,Ford,F-150,Electric,Manual,Third,11,178233.0,0.0,14852.75
HR 66 ZC 7738,5200.0,10,31,2,0,2,0.09024247655763246,0.15816514556561106,-1.2788729831221701,0.38156036858099524,Toyota,Innova,Electric,Automatic,Second,9,124987.0,0.0,12498.7
GJ 45 HA 2385,11400.0,1,2,2,1,1,-0.3378527632793339,-0.21385518619991462,-1.2788729831221701,0.3885496380587322,BMW,7 Series,Electric,Manual,Fourth & Above,7,100142.0,0.0,12517.75
TN 98 JU 9252,2900.0,10,13,0,0,0,0.732385336313082,0.563022691561839,0.24669594357375135,0.08640802000387372,Toyota,Camry,CNG,Automatic,First,12,152025.0,1799.0,11694.23076923077
AP 19 BG 7921,15300.0,4,45,2,1,2,-1.622138482790233,-1.4783649466051019,-1.2788729831221701,-1.3252889471318294,Hyundai,Sonata,Electric,Manual,Second,1,15693.0,0.0,7846.5
DL 30 DR 2178,13100.0,1,53,0,0,1,-0.3378527632793339,-0.13444992078020912,2.097900483305378,0.6317523679828839,BMW,X3,CNG,Automatic,Fourth & Above,7,105445.0,3982.0,13180.625
TN 58 HD 8315,4000.0,11,32,2,1,1,0.30429009647611566,-0.1412030368851096,-1.2788729831221701,-0.7021583004230422,Volkswagen,Jetta,Electric,Manual,Fourth & Above,10,104994.0,0.0,9544.90909090909
AP 57 RK 1674,18100.0,7,27,1,0,2,-0.7659480031163003,-0.7012325167950483,2.097900483305378,-0.07088934900145102,Mercedes,GLC,Diesel,Automatic,Second,5,67593.0,3982.0,11265.5
WB 31 JQ 6476,12200.0,6,23,2,0,3,-1.622138482790233,-1.4408709272554994,-1.2788729831221701,-0.8659416827682045,Maruti,Ertiga,Electric,Automatic,Third,1,18197.0,0.0,9098.5
DL 61 MO 7879,12000.0,2,22,2,0,0,-0.7659480031163003,-0.43750162110633006,-1.2788729831221701,1.006118553985307,Ford,Endeavour,Electric,Automatic,First,5,85206.0,0.0,14201.0
HR 77 OL 4272,4300.0,6,18,4,0,1,-0.3378527632793339,-0.7813864647097538,0.07624605237537437,-1.3496871844163192,Maruti,Dzire,Petrol,Automatic,Fourth & Above,7,62240.0,1598.0,7780.0
WB 92 BS 5550,4100.0,7,11,1,1,0,1.1604805761500483,0.6716116006366465,0.4154498159542341,-0.30827991738702926,Mercedes,C-Class,Diesel,Manual,First,14,159277.0,1998.0,10618.466666666667
HR 44 HQ 6464,28800.0,9,33,2,1,2,-1.1940432429532666,-1.1502473563463793,-1.2788729831221701,-0.7547737745396276,Tesla,Model 3,Electric,Manual,Second,3,37606.0,0.0,9401.5
WB 88 VY 1220,10300.0,11,52,1,1,1,-0.7659480031163003,-0.8581264204472591,0.07624605237537437,-0.7116029586928867,Volkswagen,Virtus,Diesel,Manual,Fourth & Above,5,57115.0,1598.0,9519.166666666666
HR 75 YV 6925,17300.0,10,41,4,1,0,-1.40809086287175,-1.3902749642433958,0.4162978253631812,-1.5654189667212806,Toyota,RAV4,Petrol,Manual,First,2,21576.0,1999.0,7192.0
KA 88 KQ 4523,2500.0,8,37,0,0,3,1.1604805761500483,1.2823119118081887,-0.43171158358396805,0.6892961303803001,Tata,Nexon,CNG,Automatic,Third,14,200062.0,999.0,13337.466666666667
KA 66 UY 7690,10700.0,9,35,2,0,1,-0.12380514336085073,-0.2541792253806174,-1.2788729831221701,-0.23152636490710127,Tesla,Model Y,Electric,Automatic,Fourth & Above,8,97449.0,0.0,10827.666666666666
AP 71 EW 1259,2500.0,6,18,0,0,1,1.5885758159870147,0.9183024827391635,0.4162978253631812,-0.411051062366762,Maruti,Dzire,CNG,Automatic,Fourth & Above,16,175752.0,1999.0,10338.35294117647
UP 09 IW 3688,5100.0,9,35,2,0,0,0.732385336313082,0.4224201190008293,-1.2788729831221701,-0.1786000171289872,Tesla,Model Y,Electric,Automatic,First,12,142635.0,0.0,10971.923076923076
TN 41 IP 4964,12000.0,9,33,2,0,1,0.09024247655763246,-0.6046075539903416,-1.2788729831221701,-1.48741798556816,Tesla,Model 3,Electric,Automatic,Fourth & Above,9,74046.0,0.0,7404.6
GJ 50 MB 6051,4800.0,0,40,4,0,0,0.5183377163945988,0.4917106839130841,0.8386065110188615,0.2983403659937112,Audi,Q7,Petrol,Automatic,First,11,147262.5,2497.0,12271.875
GJ 44 FI 8458,16100.0,5,44,0,1,3,-1.40809086287175,-1.1861990897562817,0.07624605237537437,0.10136587513490836,Mahindra,Scorpio,CNG,Manual,Third,2,35205.0,1598.0,11735.0
WB 22 XH 9266,7800.0,7,27,3,0,0,0.732385336313082,-0.23652529214851617,0.4154498159542341,-1.4205817732637895,Mercedes,GLC,Hybrid,Automatic,First,12,98628.0,1998.0,7586.7692307692305
KL 62 JD 4338,9000.0,5,55,2,0,3,-0.7659480031163003,-0.32448051166112224,-1.2788729831221701,1.4676671630663296,Mahindra,XUV700,Electric,Automatic,Third,5,92754.0,0.0,15459.0
HR 54 YK 9757,7900.0,3,5,4,1,3,-0.7659480031163003,-1.001873459487269,0.24669594357375135,-1.29862821666557,Honda,Accord,Petrol,Manual,Third,5,47515.0,1799.0,7919.166666666667
GJ 78 KK 1948,2500.0,3,12,0,0,2,0.30429009647611566,0.9793500533814677,0.4162978253631812,1.7938664257352417,Honda,CR-V,CNG,Automatic,Second,10,179829.0,1999.0,16348.09090909091
KA 49 OL 3913,3200.0,0,39,0,0,3,1.1604805761500483,1.9584620466926352,1.2592191778566475,1.7937841532559045,Audi,Q5,CNG,Automatic,Third,14,245218.0,2993.0,16347.866666666667
DL 69 CI 7310,5700.0,1,2,1,0,0,0.30429009647611566,0.9165355920509634,0.4154498159542341,1.6539476213491384,BMW,7 Series,Diesel,Automatic,First,10,175634.0,1998.0,15966.727272727272
TS 74 OX 4967,4200.0,1,53,1,0,2,0.732385336313082,1.0621243900286734,0.4154498159542341,1.0271159959050993,BMW,X3,Diesel,Automatic,Second,12,185357.0,1998.0,14258.23076923077
KA 38 XM 2443,2500.0,10,26,1,0,2,0.9464329562315652,0.22723859255431583,1.4330611066908132,-0.8077370801808238,Toyota,Fortuner,Diesel,Automatic,Second,13,129600.0,3198.0,9257.142857142857
TN 25 BZ 6034,3300.0,1,1,3,1,0,1.1604805761500483,0.7137624251051494,0.4154498159542341,-0.23942674650398343,BMW,5 Series,Hybrid,Manual,First,14,162092.0,1998.0,10806.133333333333
HR 85 YK 6239,35100.0,7,11,4,1,1,-1.40809086287175,-1.321486016602791,1.2592191778566475,-1.0035868760699242,Mercedes,C-Class,Petrol,Manual,Fourth & Above,2,26170.0,2993.0,8723.333333333334
MH 77 SD 3316,14200.0,5,9,3,0,0,-1.1940432429532666,-1.1844471727179815,0.24669594357375135,-0.964268413478629,Mahindra,Bolero,Hybrid,Automatic,First,3,35322.0,1799.0,8830.5
KA 89 XM 7234,4900.0,8,48,3,1,0,-0.12380514336085073,-0.3279993193876225,-0.43171158358396805,-0.43250098447691576,Tata,Tiago,Hybrid,Manual,First,8,92519.0,999.0,10279.888888888889
MH 95 DM 9774,4800.0,9,34,2,1,2,1.1604805761500483,0.06848795631450487,-1.2788729831221701,-1.2934795159654349,Tesla,Model S,Electric,Manual,Second,14,118998.0,0.0,7933.2
AP 80 SY 7249,3300.0,2,20,2,0,1,0.732385336313082,0.01712833715750133,-1.2788729831221701,-0.9424948564341132,Ford,EcoSport,Electric,Automatic,Fourth & Above,12,115568.0,0.0,8889.846153846154
MH 85 ZU 6762,4100.0,2,36,4,1,0,0.30429009647611566,0.4747230781015329,1.4330611066908132,0.6698131178410701,Ford,Mustang,Petrol,Manual,First,10,146128.0,3198.0,13284.363636363636
WB 85 OI 6564,2500.0,5,55,1,1,2,0.732385336313082,0.7569314577668523,0.585051697743664,0.4518876878282127,Mahindra,XUV700,Diesel,Manual,Second,12,164975.0,2198.0,12690.384615384615
KA 38 KF 1732,5600.0,0,40,2,1,2,0.732385336313082,0.20711400708871444,-1.2788729831221701,-0.5844094490707762,Audi,Q7,Electric,Manual,Second,12,128256.0,0.0,9865.846153846154
GJ 04 FZ 3980,2500.0,4,51,0,0,0,1.5885758159870147,1.9196952671015326,0.07624605237537437,1.0322757088626195,Hyundai,Verna,CNG,Automatic,First,16,242629.0,1598.0,14272.29411764706
AP 89 TK 1682,30700.0,7,11,2,0,1,-1.1940432429532666,-0.9364535830741645,-1.2788729831221701,0.5548428869188066,Mercedes,C-Class,Electric,Automatic,Fourth & Above,3,51884.0,0.0,12971.0
HR 27 BD 7372,2500.0,9,34,2,0,1,1.5885758159870147,0.8393763741162581,-1.2788729831221701,-0.5248087879099239,Tesla,Model S,Electric,Automatic,Fourth & Above,16,170481.0,0.0,10028.29411764706
TS 55 WT 4893,8800.0,4,51,0,0,1,-0.7659480031163003,-0.7683893365965528,0.4162978253631812,-0.3451402117105642,Hyundai,Verna,CNG,Automatic,Fourth & Above,5,63108.0,1999.0,10518.0
DL 72 MA 5578,10200.0,3,5,1,1,0,-0.9799956230347835,-0.8213810835926565,-0.43171158358396805,0.1669659477133555,Honda,Accord,Diesel,Manual,First,4,59569.0,999.0,11913.8
TS 16 YX 5200,12800.0,5,44,0,1,2,-1.40809086287175,-1.1837434111726814,0.24669594357375135,0.12142257144897482,Mahindra,Scorpio,CNG,Manual,Second,2,35369.0,1799.0,11789.666666666666
KA 34 OZ 1782,4600.0,6,23,0,0,3,-0.5519003831978171,-0.2903855108388199,-0.00940289792828771,0.7767593996202657,Maruti,Ertiga,CNG,Automatic,Third,6,95031.0,1497.0,13575.857142857143
DL 82 BS 6429,5300.0,4,45,0,0,0,-0.3378527632793339,-0.364549998793525,0.4162978253631812,-0.07299897102229036,Hyundai,Sonata,CNG,Automatic,First,7,90078.0,1999.0,11259.75
GJ 96 YN 6435,4300.0,9,33,2,0,1,0.732385336313082,0.9441170551667653,-1.2788729831221701,0.8046955123434301,Tesla,Model 3,Electric,Automatic,Fourth & Above,12,177476.0,0.0,13652.0
GJ 01 YY 2815,3100.0,8,29,0,1,2,0.5183377163945988,0.2644481125558184,0.24669594357375135,-0.16570004301047644,Tata,Harrier,CNG,Manual,Second,11,132085.0,1799.0,11007.083333333334
HR 88 NP 7709,2500.0,6,8,2,0,1,0.732385336313082,0.19270935588491345,-1.2788729831221701,-0.6115593672520128,Maruti,Baleno,Electric,Automatic,Fourth & Above,12,127294.0,0.0,9791.846153846154
UP 42 SP 6484,2500.0,11,52,3,1,1,1.5885758159870147,1.7055271525818179,-0.00940289792828771,0.7235910667749978,Volkswagen,Virtus,Hybrid,Manual,Fourth & Above,16,228326.0,1497.0,13430.941176470587
TS 77 UF 9240,6000.0,2,36,2,0,3,0.09024247655763246,-0.1266037282326086,-1.2788729831221701,-0.3161925286767864,Ford,Mustang,Electric,Automatic,Third,9,105969.0,0.0,10596.9
HR 68 MV 3563,40000.0,9,34,2,1,0,-1.622138482790233,-1.495045592593703,-1.2788729831221701,-1.52964711506357,Tesla,Model S,Electric,Manual,First,1,14579.0,0.0,7289.5
HR 79 NL 6214,5900.0,8,6,4,0,1,-0.5519003831978171,-0.24604853348491684,-0.00940289792828771,0.931954202196794,Tata,Altroz,Petrol,Automatic,Fourth & Above,6,97992.0,1497.0,13998.857142857143
TN 07 SG 6750,10300.0,3,12,2,0,1,-1.1940432429532666,-1.1927725220623822,-1.2788729831221701,-1.015266232765006,Honda,CR-V,Electric,Automatic,Fourth & Above,3,34766.0,0.0,8691.5
TS 74 PU 3543,8100.0,9,34,2,1,0,0.5183377163945988,-0.27358507565101875,-1.2788729831221701,-1.2642933539206054,Tesla,Model S,Electric,Manual,First,11,96153.0,0.0,8012.75
AP 71 BS 9518,3700.0,2,25,0,1,3,0.732385336313082,-0.01723618936300104,1.057392938527226,-1.0072651913883113,Ford,F-150,CNG,Manual,Third,12,113273.0,2755.0,8713.307692307691
DL 39 RA 2179,3100.0,7,28,0,1,3,1.3745281960685316,2.2914310995189586,0.4154498159542341,1.9288259506869798,Mercedes,GLE,CNG,Manual,Third,15,267455.0,1998.0,16715.9375
TS 42 II 7829,13000.0,4,45,0,0,1,-1.40809086287175,-1.2124329243810834,0.4162978253631812,-0.1128983440251212,Hyundai,Sonata,CNG,Automatic,Fourth & Above,2,33453.0,1999.0,11151.0
AP 82 WE 9122,5300.0,10,41,4,0,1,0.09024247655763246,0.2225817874354155,-0.00940289792828771,0.5393967848184001,Toyota,RAV4,Petrol,Automatic,Fourth & Above,9,129289.0,1497.0,12928.9
TS 53 OX 3515,9400.0,2,36,3,1,0,-0.5519003831978171,-0.4977256410041342,1.057392938527226,0.050997011482073806,Ford,Mustang,Hybrid,Manual,First,6,81184.0,2755.0,11597.714285714286
TN 87 PO 6573,2500.0,6,10,3,0,2,1.3745281960685316,0.4870014710195337,0.24669594357375135,-0.834480797848731,Maruti,Brezza,Hybrid,Automatic,Second,15,146948.0,1799.0,9184.25
TS 51 PU 9388,3000.0,4,56,1,0,3,0.732385336313082,-0.09087659957120613,-0.26380572061243246,-1.1460627980570446,Hyundai,i20,Diesel,Automatic,Third,12,108355.0,1197.0,8335.0
UP 90 SD 9271,26700.0,7,27,4,0,3,-0.9799956230347835,-1.1841027787702816,0.4154498159542341,-1.6105465334279305,Mercedes,GLC,Petrol,Automatic,Third,4,35345.0,1998.0,7069.0
UP 22 KG 2643,16900.0,3,14,0,0,3,-1.622138482790233,-1.5183895127878047,-0.43171158358396805,-1.8156384829321368,Honda,City,CNG,Automatic,Third,1,13020.0,999.0,6510.0
AP 45 MY 6230,2500.0,8,43,1,0,1,0.5183377163945988,0.5161252200750358,-0.00940289792828771,0.3481916515731102,Tata,Safari,Diesel,Automatic,Fourth & Above,11,148893.0,1497.0,12407.75
AP 69 PV 9071,34300.0,0,3,0,0,2,-1.622138482790233,-1.5562578733849073,1.2592191778566475,-2.2795718821236735,Audi,A4,CNG,Automatic,Second,1,10491.0,2993.0,5245.5
TN 63 MW 4948,11600.0,3,12,0,1,3,-1.1940432429532666,-0.9688715351076667,0.24669594357375135,0.3562632488702346,Honda,CR-V,CNG,Manual,Third,3,49719.0,1799.0,12429.75
KA 16 KU 5133,21800.0,7,11,2,1,0,-0.7659480031163003,-0.9062667048757623,-1.2788729831221701,-0.9081952716493631,Mercedes,C-Class,Electric,Manual,First,5,53900.0,0.0,8983.333333333334
GJ 62 EF 6773,3400.0,5,9,3,1,0,0.09024247655763246,0.44949247802003117,0.4162978253631812,1.095383082275778,Mahindra,Bolero,Hybrid,Manual,First,9,144443.0,1999.0,14444.3
GJ 43 UL 8661,5900.0,4,17,3,0,1,-0.5519003831978171,-0.6129029560349422,-0.00940289792828771,-0.3521635496184516,Hyundai,Creta,Hybrid,Automatic,Fourth & Above,6,73492.0,1497.0,10498.857142857143
WB 96 SZ 6636,17200.0,1,2,0,0,3,-0.5519003831978171,-0.7918530459898545,1.2592191778566475,-0.978550947656982,BMW,7 Series,CNG,Automatic,Third,6,61541.0,2993.0,8791.57142857143
GJ 99 IU 2926,16500.0,5,44,2,0,0,-1.622138482790233,-1.494326857398503,-1.2788729831221701,-1.5208417361939799,Mahindra,Scorpio,Electric,Automatic,First,1,14627.0,0.0,7313.5
KA 33 MZ 8284,5800.0,1,54,3,0,0,0.5183377163945988,0.05628443164600403,1.2592191778566475,-0.5907430188613227,BMW,X5,Hybrid,Automatic,First,11,118183.0,2993.0,9848.583333333334
TS 92 KS 6571,3900.0,11,38,0,0,2,-0.12380514336085073,0.16334602843101143,-0.00940289792828771,0.9051828221283372,Volkswagen,Polo,CNG,Automatic,Second,8,125333.0,1497.0,13925.888888888889
DL 78 MD 1316,4000.0,10,26,2,1,0,0.30429009647611566,0.26413366590791837,-1.2788729831221701,0.20072657078835301,Toyota,Fortuner,Electric,Manual,First,10,132064.0,0.0,12005.818181818182
AP 59 SZ 5418,6400.0,3,14,4,1,1,-0.7659480031163003,-0.6365463492270438,0.4162978253631812,0.19327201708625666,Honda,City,Petrol,Manual,Fourth & Above,5,71913.0,1999.0,11985.5
MH 15 XZ 6982,35400.0,0,3,1,0,3,-1.622138482790233,-1.4553204994090003,0.4154498159542341,-1.042966487125592,Audi,A4,Diesel,Automatic,Third,1,17232.0,1998.0,8616.0
TS 87 ZL 9637,29800.0,0,4,3,1,1,-1.1940432429532666,-1.0984984222919756,2.097900483305378,-0.43778013523437836,Audi,A6,Hybrid,Manual,Fourth & Above,3,41062.0,3982.0,10265.5
DL 45 DY 4176,2900.0,0,40,1,1,3,1.3745281960685316,1.2241093346468845,0.4154498159542341,0.2943274980192886,Audi,Q7,Diesel,Manual,Third,15,196175.0,1998.0,12260.9375
HR 79 HN 7638,3600.0,0,3,2,0,2,1.1604805761500483,0.5519122433360383,-1.2788729831221701,-0.503808247063431,Audi,A4,Electric,Automatic,Second,14,151283.0,0.0,10085.533333333333
HR 67 AG 1180,8100.0,11,32,0,0,1,-0.5519003831978171,-0.5023674724731345,-0.43171158358396805,0.03474899094890084,Volkswagen,Jetta,CNG,Automatic,Fourth & Above,6,80874.0,999.0,11553.42857142857
AP 04 QF 6614,15900.0,11,38,3,0,3,-1.40809086287175,-1.2434134060241857,0.24669594357375135,-0.3659306895970965,Volkswagen,Polo,Hybrid,Automatic,Third,2,31384.0,1799.0,10461.333333333334
GJ 50 NS 2698,4800.0,2,20,0,0,0,0.09024247655763246,0.6166433318537426,-0.26380572061243246,1.5049432669475953,Ford,EcoSport,CNG,Automatic,First,9,155606.0,1197.0,15560.6
TS 21 ZM 2353,2500.0,3,5,1,1,3,0.732385336313082,1.506227872412804,0.4162978253631812,1.8641632135114374,Honda,Accord,Diesel,Manual,Third,12,215016.0,1999.0,16539.69230769231
TS 58 IU 5470,17400.0,3,7,1,0,3,-1.622138482790233,-1.4276042734440983,0.07624605237537437,-0.7034090644670177,Honda,Amaze,Diesel,Automatic,Third,1,19083.0,1598.0,9541.5
KA 99 WR 6613,3200.0,8,43,3,0,3,0.30429009647611566,-0.18854971786891286,-0.43171158358396805,-0.8076227246110885,Tata,Safari,Hybrid,Automatic,Third,10,101832.0,999.0,9257.454545454546
WB 83 RD 4545,7700.0,3,5,4,0,2,-0.9799956230347835,-0.6561468569461452,-0.43171158358396805,0.9766939129294261,Honda,Accord,Petrol,Automatic,Second,4,70604.0,999.0,14120.8
MH 22 AC 5276,5400.0,5,9,3,0,0,-0.3378527632793339,-0.009794285362700529,-0.00940289792828771,1.0135480924065239,Mahindra,Bolero,Hybrid,Automatic,First,7,113770.0,1497.0,14221.25
GJ 27 MA 4204,3700.0,11,32,4,1,0,0.30429009647611566,-0.12073405747180818,-0.26380572061243246,-0.6565637818066409,Volkswagen,Jetta,Petrol,Manual,First,10,106361.0,1197.0,9669.181818181818
TN 54 VV 8916,22900.0,10,26,3,0,1,-1.622138482790233,-1.423396677822198,0.585051697743664,-0.6518609090012915,Toyota,Fortuner,Hybrid,Automatic,Fourth & Above,1,19364.0,2198.0,9682.0
KL 89 CU 7816,3200.0,8,37,0,0,0,0.09024247655763246,0.447381193384131,0.07624605237537437,1.0902099221898944,Tata,Nexon,CNG,Automatic,First,9,144302.0,1598.0,14430.2
AP 74 HB 4705,20900.0,2,36,0,0,0,-1.622138482790233,-1.5396520956458062,1.4330611066908132,-2.076130941157515,Ford,Mustang,CNG,Automatic,First,1,11600.0,3198.0,5800.0
KA 76 TC 7574,9600.0,11,32,2,0,1,-0.9799956230347835,-0.6739505266772463,-1.2788729831221701,0.8894472839632362,Volkswagen,Jetta,Electric,Automatic,Fourth & Above,4,69415.0,0.0,13883.0
HR 17 KV 2875,4000.0,10,41,3,1,1,0.09024247655763246,0.20196307152311407,0.4162978253631812,0.48887592355412646,Toyota,RAV4,Hybrid,Manual,Fourth & Above,9,127912.0,1999.0,12791.2
GJ 19 SM 8611,28300.0,9,34,2,0,0,-1.40809086287175,-1.246962161050486,-1.2788729831221701,-0.39491506170949775,Tesla,Model S,Electric,Automatic,First,2,31147.0,0.0,10382.333333333334
TS 22 MZ 1056,7200.0,10,30,1,1,2,-0.12380514336085073,-0.47270467202123245,2.9196216005751654,-0.82646015760525,Toyota,Highlander,Diesel,Manual,Second,8,82855.0,4951.0,9206.111111111111
MH 78 HG 7030,2500.0,2,24,4,0,3,0.9464329562315652,0.7271638417656503,-0.00940289792828771,0.0672188255305149,Ford,Explorer,Petrol,Automatic,Third,13,162987.0,1497.0,11641.92857142857
TS 11 PJ 6538,4200.0,6,8,4,1,1,-0.3378527632793339,-0.6082162036162418,-0.00940289792828771,-0.8193006915683436,Maruti,Baleno,Petrol,Manual,Fourth & Above,7,73805.0,1497.0,9225.625
KA 20 RH 4103,5800.0,7,28,4,1,2,0.30429009647611566,0.6969919372171482,0.4154498159542341,1.164915557008486,Mercedes,GLE,Petrol,Manual,Second,10,160972.0,1998.0,14633.818181818182
UP 59 DP 9076,6100.0,3,7,0,0,0,-0.5519003831978171,-0.5923591083721407,-0.26380572061243246,-0.2802529555167978,Honda,Amaze,CNG,Automatic,First,6,74864.0,1197.0,10694.857142857143
MH 33 WM 1078,2500.0,3,14,0,0,0,1.5885758159870147,0.6995075104003484,0.24669594357375135,-0.7264044840394406,Honda,City,CNG,Automatic,First,16,161140.0,1799.0,9478.823529411764
GJ 34 DY 8430,9500.0,4,21,0,0,2,-0.9799956230347835,-1.0190033149728701,-0.26380572061243246,-0.8014789716270789,Hyundai,Elantra,CNG,Automatic,Second,4,46371.0,1197.0,9274.2
TS 84 WS 8455,12500.0,8,6,4,1,1,-1.40809086287175,-1.1734714873412808,-0.00940289792828771,0.20531826456757132,Tata,Altroz,Petrol,Manual,Fourth & Above,2,36055.0,1497.0,12018.333333333334
UP 54 XX 8392,2500.0,11,32,1,1,2,1.1604805761500483,1.346623738128693,-0.26380572061243246,0.7943491921716612,Volkswagen,Jetta,Diesel,Manual,Second,14,204357.0,1197.0,13623.8
UP 39 WO 4558,3900.0,4,17,4,0,3,-0.12380514336085073,0.4716684535219327,0.24669594357375135,1.7445881753863601,Hyundai,Creta,Petrol,Automatic,Third,8,145924.0,1799.0,16213.777777777777
UP 75 LS 5897,2500.0,3,7,3,0,2,1.1604805761500483,2.0789250601381437,0.07624605237537437,1.990559911605498,Honda,Amaze,Hybrid,Automatic,Second,14,253263.0,1598.0,16884.2
TS 38 VX 6752,2800.0,5,9,0,0,1,0.9464329562315652,0.06670609197640474,-0.00940289792828771,-1.088696802981053,Mahindra,Bolero,CNG,Automatic,Fourth & Above,13,118879.0,1497.0,8491.357142857143
UP 27 JQ 6535,13900.0,8,43,2,1,2,-1.40809086287175,-1.3800629350115952,-1.2788729831221701,-1.4820124613176617,Tata,Safari,Electric,Manual,Second,2,22258.0,0.0,7419.333333333333
AP 49 XS 3981,6000.0,7,11,3,0,3,0.30429009647611566,0.40440681817112806,2.097900483305378,0.5131841058274498,Mercedes,C-Class,Hybrid,Automatic,Third,10,141432.0,3982.0,12857.454545454546
KL 57 OO 7137,2500.0,11,52,2,0,0,1.1604805761500483,0.4445960945027308,-1.2788729831221701,-0.6791086647255234,Volkswagen,Virtus,Electric,Automatic,First,14,144116.0,0.0,9607.733333333334
KL 76 FX 8275,3000.0,5,47,2,1,1,0.30429009647611566,0.4057544466621281,-1.2788729831221701,0.5161859395329919,Mahindra,Thar,Electric,Manual,Fourth & Above,10,141522.0,0.0,12865.636363636364
MH 24 VZ 1532,2500.0,3,15,3,1,2,1.3745281960685316,2.269494702415457,0.24669594357375135,1.8952325130725274,Honda,Civic,Hybrid,Manual,Second,15,265990.0,1799.0,16624.375
UP 30 II 7210,2700.0,8,48,1,1,0,0.5183377163945988,0.10253803618710722,-0.26380572061243246,-0.49629921563853024,Tata,Tiago,Diesel,Manual,First,11,121272.0,1197.0,10106.0
TN 52 TL 3138,2500.0,10,30,2,0,2,1.5885758159870147,2.2745857433814574,-1.2788729831221701,1.5437862103041846,Toyota,Highlander,Electric,Automatic,Second,16,266330.0,0.0,15666.470588235294
DL 62 WB 1540,32200.0,1,53,1,0,0,-1.40809086287175,-1.2743190194177878,0.8386065110188615,-0.6183515505253505,BMW,X3,Diesel,Automatic,First,2,29320.0,2497.0,9773.333333333334
KA 75 UY 9524,4200.0,8,43,3,0,1,-0.12380514336085073,-0.0543109465154036,-0.00940289792828771,0.3126134367192448,Tata,Safari,Hybrid,Automatic,Fourth & Above,8,110797.0,1497.0,12310.777777777777
AP 98 JE 6982,4100.0,10,41,1,1,3,0.5183377163945988,0.273417328845919,-0.26380572061243246,-0.14738607793101638,Toyota,RAV4,Diesel,Manual,Third,11,132684.0,1197.0,11057.0
MH 06 HX 3130,13500.0,4,21,2,0,1,-1.622138482790233,-1.437007725581299,-1.2788729831221701,-0.8186127713441569,Hyundai,Elantra,Electric,Automatic,Fourth & Above,1,18455.0,0.0,9227.5
DL 76 YS 3158,4800.0,2,36,4,1,3,0.09024247655763246,0.6309581411581436,2.9196216005751654,1.5400180261114633,Ford,Mustang,Petrol,Manual,Third,9,156562.0,4951.0,15656.2
MH 40 SL 7696,10900.0,6,18,2,1,0,-1.622138482790233,-1.5016789194994036,-1.2788729831221701,-1.6109134242141634,Maruti,Dzire,Electric,Manual,First,1,14136.0,0.0,7068.0
TN 31 GY 3994,2500.0,2,22,2,0,3,0.9464329562315652,0.8212582577372568,-1.2788729831221701,0.23190037557963752,Ford,Endeavour,Electric,Automatic,Third,13,169271.0,0.0,12090.785714285714
TS 88 CE 1347,2500.0,6,23,4,1,2,1.5885758159870147,1.3478366037705931,0.24669594357375135,0.20804476668487076,Maruti,Ertiga,Petrol,Manual,Second,16,204438.0,1799.0,12025.764705882353
HR 68 PT 3252,2500.0,2,24,3,0,3,1.5885758159870147,0.4684940397431325,-0.00940289792828771,-1.059368663451299,Ford,Explorer,Hybrid,Automatic,Third,16,145712.0,1497.0,8571.29411764706
TN 13 LF 7647,2500.0,11,38,2,1,1,1.3745281960685316,2.065134328580243,-1.2788729831221701,1.5822746724158403,Volkswagen,Polo,Electric,Manual,Fourth & Above,15,252342.0,0.0,15771.375
TS 38 XR 4090,5300.0,11,52,1,0,0,-0.12380514336085073,-0.3602974822219247,0.07624605237537437,-0.5204324762440737,Volkswagen,Virtus,Diesel,Automatic,First,8,90362.0,1598.0,10040.222222222223
KA 34 KO 3515,18300.0,1,0,1,1,1,-0.7659480031163003,-0.6897776746215475,0.8386065110188615,-0.024110773756752787,BMW,3 Series,Diesel,Manual,Fourth & Above,5,68358.0,2497.0,11393.0
TS 06 XD 8082,19300.0,1,1,0,0,0,-0.9799956230347835,-0.9124358486345628,2.097900483305378,-0.2792466265031303,BMW,5 Series,CNG,Automatic,First,4,53488.0,3982.0,10697.6
MH 71 XX 6780,3500.0,5,9,4,1,0,0.732385336313082,-0.2033886049198139,-0.43171158358396805,-1.3581256724996764,Mahindra,Bolero,Petrol,Manual,First,12,100841.0,999.0,7757.0
DL 97 PS 6578,4800.0,2,24,0,1,3,0.09024247655763246,0.3879208296312269,-1.2788729831221701,0.9445175909767988,Ford,Explorer,CNG,Manual,Third,9,140331.0,0.0,14033.1
DL 78 UO 2364,2500.0,6,8,3,0,0,0.9464329562315652,0.5856329029108406,-0.43171158358396805,-0.1804848681461728,Maruti,Baleno,Hybrid,Automatic,First,13,153535.0,999.0,10966.785714285714
KA 40 FJ 8663,4400.0,7,42,2,0,1,0.5183377163945988,1.2770561606932882,-1.2788729831221701,1.9019129828051848,Mercedes,S-Class,Electric,Automatic,Fourth & Above,11,199711.0,0.0,16642.583333333332
WB 74 ZP 8365,25500.0,1,2,0,1,2,-1.1940432429532666,-1.2600341574131868,0.4154498159542341,-1.4272845857045833,BMW,7 Series,CNG,Manual,Second,3,30274.0,1998.0,7568.5
TS 39 TO 9501,29100.0,1,54,3,0,2,-1.40809086287175,-1.262235283948487,1.2592191778566475,-0.519657929028693,BMW,X5,Hybrid,Automatic,Second,2,30127.0,2993.0,10042.333333333334
WB 83 BF 1768,12400.0,5,55,2,0,2,-0.9799956230347835,-0.9958540522274686,-1.2788729831221701,-0.6880363405238582,Mahindra,XUV700,Electric,Automatic,Second,4,47917.0,0.0,9583.4
TN 73 JA 2078,2500.0,1,53,2,0,0,1.5885758159870147,1.7607499734130216,-1.2788729831221701,0.8031847855765886,BMW,X3,Electric,Automatic,First,16,232014.0,0.0,13647.882352941177
MH 17 LI 3519,17800.0,8,43,3,1,1,-1.622138482790233,-1.5195724311299048,0.07624605237537437,-1.8301306689883374,Tata,Safari,Hybrid,Manual,Fourth & Above,1,12941.0,1598.0,6470.5
KA 87 KE 8647,16900.0,10,16,0,1,3,-1.1940432429532666,-0.9739476024237671,0.4162978253631812,0.32516925473699404,Toyota,Corolla,CNG,Manual,Third,3,49380.0,1999.0,12345.0
TS 54 SZ 1208,3200.0,1,0,1,0,3,0.9464329562315652,1.3340159249128922,0.4154498159542341,1.1293152387053778,BMW,3 Series,Diesel,Automatic,Third,13,203515.0,1998.0,14536.785714285714
HR 58 ZJ 3680,2500.0,10,31,0,1,2,1.1604805761500483,1.0798531915102747,-0.00940289792828771,0.35858077566993957,Toyota,Innova,CNG,Manual,Second,14,186541.0,1497.0,12436.066666666668
KA 46 HT 1325,4800.0,2,22,3,0,1,0.09024247655763246,0.5614055373726389,2.9196216005751654,1.3695972559062686,Ford,Endeavour,Hybrid,Automatic,Fourth & Above,9,151917.0,4951.0,15191.7
TN 93 GE 1260,15100.0,2,24,3,0,2,-1.1940432429532666,-0.9837104221585677,0.07624605237537437,0.26536605658102685,Ford,Explorer,Hybrid,Automatic,Second,3,48728.0,1598.0,12182.0
KL 65 PH 6322,2500.0,0,3,2,1,3,1.3745281960685316,1.1199376522925775,-1.2788729831221701,0.13479879803038386,Audi,A4,Electric,Manual,Third,15,189218.0,0.0,11826.125
MH 93 WX 2002,2500.0,4,50,1,1,1,1.3745281960685316,1.7200515929848188,0.24669594357375135,1.0538143561955877,Hyundai,Tucson,Diesel,Manual,Fourth & Above,15,229296.0,1799.0,14331.0
DL 88 SM 1314,28500.0,9,35,2,1,2,-1.40809086287175,-1.1256007286109775,-1.2788729831221701,0.5963015457631273,Tesla,Model Y,Electric,Manual,Second,2,39252.0,0.0,13084.0
DL 43 OG 5065,6500.0,7,27,1,0,2,0.30429009647611566,0.6468152364022448,2.097900483305378,1.0531472820388004,Mercedes,GLC,Diesel,Automatic,Second,10,157621.0,3982.0,14329.181818181818
WB 27 BF 4768,3100.0,6,46,1,0,3,0.09024247655763246,-0.23243748572581588,-0.26380572061243246,-0.5755109363862191,Maruti,Swift,Diesel,Automatic,Third,9,98901.0,1197.0,9890.1
GJ 48 GW 8514,2500.0,8,43,2,0,0,0.9464329562315652,1.5131307250167045,-1.2788729831221701,1.4427972090566836,Tata,Safari,Electric,Automatic,First,13,215477.0,0.0,15391.214285714286
MH 42 DA 8986,5600.0,2,36,4,0,0,0.09024247655763246,-0.3074404980749211,1.057392938527226,-0.7592865312102923,Ford,Mustang,Petrol,Automatic,First,9,93892.0,2755.0,9389.2
TN 35 EE 5901,17300.0,9,33,2,1,3,-0.7659480031163003,-0.37085390540142543,-1.2788729831221701,1.2782903689057672,Tesla,Model 3,Electric,Manual,Third,5,89657.0,0.0,14942.833333333334
DL 66 ZB 8967,5400.0,4,17,1,0,3,-0.3378527632793339,-0.7496573005716516,-0.43171158358396805,-1.2525069874128725,Hyundai,Creta,Diesel,Automatic,Third,7,64359.0,999.0,8044.875
HR 79 IY 2120,2500.0,6,46,0,1,3,1.1604805761500483,1.7982140454628242,0.4162978253631812,1.532019806971585,Maruti,Swift,CNG,Manual,Third,14,234516.0,1999.0,15634.4
AP 56 ZH 3845,4700.0,0,40,3,0,1,0.9464329562315652,0.5372230927841373,0.4154498159542341,-0.26521043328124777,Audi,Q7,Hybrid,Automatic,Fourth & Above,13,150302.0,1998.0,10735.857142857143
KA 86 VR 6974,3000.0,6,8,2,1,1,-0.12380514336085073,-0.248384422869317,-0.1366043092703601,-0.21575006109908537,Maruti,Baleno,Electric,Manual,Fourth & Above,8,97836.0,1347.0,10870.666666666666
TS 06 JE 1896,10700.0,9,35,2,0,1,0.09024247655763246,-0.19395520548281323,-1.2788729831221701,-0.4812200043243568,Tesla,Model Y,Electric,Automatic,Fourth & Above,9,101471.0,0.0,10147.1
HR 25 VG 7921,10400.0,4,56,2,0,1,-0.9799956230347835,-0.8977017771329618,-1.2788729831221701,-0.2070425197724905,Hyundai,i20,Electric,Automatic,Fourth & Above,4,54472.0,0.0,10894.4
AP 94 DB 4547,2500.0,10,26,4,1,0,1.3745281960685316,1.8076324712499248,1.4330611066908132,1.187935869237862,Toyota,Fortuner,Petrol,Manual,First,15,235145.0,3198.0,14696.5625
AP 85 DM 4982,33800.0,0,4,0,1,2,-1.622138482790233,-1.422737837226598,0.4154498159542341,-0.643789311704167,Audi,A6,CNG,Manual,Second,1,19408.0,1998.0,9704.0
TS 54 TB 6742,2500.0,6,23,0,0,0,0.9464329562315652,0.6828118907618472,0.24669594357375135,-0.010404782242479765,Maruti,Ertiga,CNG,Automatic,First,13,160025.0,1799.0,11430.357142857143
TN 02 PE 8999,9600.0,11,38,0,1,1,-0.9799956230347835,-0.9951652643320685,0.07624605237537437,-0.684660945290515,Volkswagen,Polo,CNG,Manual,Fourth & Above,4,47963.0,1598.0,9592.6
TS 54 JA 8636,2500.0,2,36,3,0,2,0.9464329562315652,1.2258911989849848,1.057392938527226,0.9400782124633802,Ford,Mustang,Hybrid,Automatic,Second,13,196294.0,2755.0,14021.0
HR 45 JT 9988,2500.0,6,8,2,0,3,1.5885758159870147,2.5301260525748748,-1.2788729831221701,1.9121013960601345,Maruti,Baleno,Electric,Automatic,Third,16,283396.0,0.0,16670.352941176472
AP 68 QX 7846,35500.0,1,54,2,0,0,-1.40809086287175,-1.176181717973181,-1.2788729831221701,0.18318252046485115,BMW,X5,Electric,Automatic,First,2,35874.0,0.0,11958.0
TS 56 BL 6987,2500.0,5,44,2,1,0,1.1604805761500483,1.8193268918218257,-1.2788729831221701,1.5665075408774802,Mahindra,Scorpio,Electric,Manual,First,14,235926.0,0.0,15728.4
MH 03 XB 3206,6200.0,8,29,0,1,1,-0.3378527632793339,-0.553966670028538,-0.26380572061243246,-0.6531450267531067,Tata,Harrier,CNG,Manual,Fourth & Above,7,77428.0,1197.0,9678.5
DL 03 VG 2628,7800.0,4,56,1,1,1,-0.7659480031163003,-0.7051556130688486,0.4162978253631812,-0.0869102466669553,Hyundai,i20,Diesel,Manual,Fourth & Above,5,67331.0,1999.0,11221.833333333334
KL 87 EA 2695,15700.0,8,6,2,1,3,-1.622138482790233,-1.5154995983571045,-1.2788729831221701,-1.7802335220606593,Tata,Altroz,Electric,Manual,Third,1,13213.0,0.0,6606.5
TS 38 SB 9311,2500.0,2,25,3,0,3,1.3745281960685316,0.43198828128692995,0.585051697743664,-0.918728094637467,Ford,F-150,Hybrid,Automatic,Third,15,143274.0,2198.0,8954.625
KL 31 QQ 8836,2600.0,9,34,2,1,1,1.3745281960685316,1.6289968279429126,-1.2788729831221701,0.9143729267529357,Tesla,Model S,Electric,Manual,Fourth & Above,15,223215.0,0.0,13950.9375
TN 04 AS 2302,15900.0,2,25,1,0,2,-0.9799956230347835,-1.148031256161179,1.057392938527226,-1.4337785526209061,Ford,F-150,Diesel,Automatic,Second,4,37754.0,2755.0,7550.8
UP 73 UN 6146,15700.0,7,19,1,1,1,-0.5519003831978171,-0.8198387976529564,1.2592191778566475,-1.0765107875811737,Mercedes,E-Class,Diesel,Manual,Fourth & Above,6,59672.0,2993.0,8524.57142857143
TS 20 OY 6362,22200.0,7,28,1,0,0,-0.9799956230347835,-1.090742071643775,2.097900483305378,-1.1530337229954701,Mercedes,GLE,Diesel,Automatic,First,4,41580.0,3982.0,8316.0
AP 96 OO 2672,2500.0,11,52,4,1,2,1.3745281960685316,0.11547526970070811,-0.00940289792828771,-1.403436684599443,Volkswagen,Virtus,Petrol,Manual,Second,15,122136.0,1497.0,7633.5
GJ 02 KC 7763,2500.0,2,25,4,0,0,1.1604805761500483,1.3918142135268963,1.057392938527226,0.8681676183617264,Ford,F-150,Petrol,Automatic,First,14,207375.0,2755.0,13825.0
HR 99 IP 1551,2500.0,8,6,1,1,2,1.3745281960685316,1.7403109412995201,0.07624605237537437,1.0848395583064097,Tata,Altroz,Diesel,Manual,Second,15,230649.0,1598.0,14415.5625
HR 39 JE 1242,7900.0,0,40,2,0,3,0.30429009647611566,0.14238291857100996,-1.2788729831221701,-0.07047242765345894,Audi,Q7,Electric,Automatic,Third,10,123933.0,0.0,11266.636363636364
KL 31 OC 5918,5200.0,2,24,0,0,2,-0.12380514336085073,0.10030696235200706,0.4162978253631812,0.733559465457157,Ford,Explorer,CNG,Automatic,Second,8,121123.0,1999.0,13458.111111111111
WB 76 ZD 5318,2900.0,4,21,4,1,2,0.09024247655763246,0.7007353496921485,0.07624605237537437,1.7109891324960074,Hyundai,Elantra,Petrol,Manual,Second,9,161222.0,1598.0,16122.2
KA 65 SX 3033,3000.0,3,7,2,1,0,0.09024247655763246,0.3064941214750213,-1.2788729831221701,0.7450023814233325,Honda,Amaze,Electric,Manual,First,9,134893.0,0.0,13489.3
AP 72 RV 4463,2500.0,3,7,2,1,3,0.732385336313082,1.1080485742719766,-1.2788729831221701,1.113673999087898,Honda,Amaze,Electric,Manual,Third,12,188424.0,0.0,14494.153846153846
GJ 82 DJ 1159,3000.0,7,11,4,1,0,1.3745281960685316,0.5982856370763414,0.4154498159542341,-0.6640600276435362,Mercedes,C-Class,Petrol,Manual,First,15,154380.0,1998.0,9648.75
TN 65 LN 1022,4000.0,4,21,2,1,3,0.09024247655763246,-0.37116835204932547,-1.2788729831221701,-0.9154352498310263,Hyundai,Elantra,Electric,Manual,Third,9,89636.0,0.0,8963.6
GJ 59 QG 2133,2700.0,0,39,2,1,3,1.3745281960685316,1.9643466911033358,-1.2788729831221701,1.4279283047824758,Audi,Q5,Electric,Manual,Third,15,245611.0,0.0,15350.6875
MH 59 KV 8739,2600.0,10,16,2,0,3,0.9464329562315652,0.41854194367672903,-1.2788729831221701,-0.4729230312585464,Toyota,Corolla,Electric,Automatic,Third,13,142376.0,0.0,10169.714285714286
WB 75 TQ 8369,2500.0,0,39,1,1,1,1.3745281960685316,1.1364386144823786,1.2592191778566475,0.16006840093217672,Audi,Q5,Diesel,Manual,Fourth & Above,15,190320.0,2993.0,11895.0
WB 52 JC 1070,5100.0,10,26,1,0,3,0.09024247655763246,-0.28111682155071926,0.585051697743664,-0.6947871309905439,Toyota,Fortuner,Diesel,Automatic,Third,9,95650.0,2198.0,9565.0
WB 72 BL 9010,5000.0,8,37,2,0,2,0.09024247655763246,-0.3486479825997239,-1.2788729831221701,-0.8602548755815942,Tata,Nexon,Electric,Automatic,Second,9,91140.0,0.0,9114.0
KA 22 KH 7490,2500.0,8,29,4,0,3,1.1604805761500483,1.417748575153698,-0.00940289792828771,0.9105312744787553,Tata,Harrier,Petrol,Automatic,Third,14,209107.0,1497.0,13940.466666666667
AP 82 US 9500,9500.0,10,30,3,0,1,-0.3378527632793339,-0.8206922956972564,1.4330611066908132,-1.4700732236489984,Toyota,Highlander,Hybrid,Automatic,Fourth & Above,7,59615.0,3198.0,7451.875
KL 60 AY 2176,11600.0,0,39,1,0,0,-0.12380514336085073,-0.09304777880670627,0.4154498159542341,0.20715271849873595,Audi,Q5,Diesel,Automatic,First,8,108210.0,1998.0,12023.333333333334
KA 15 CO 2746,3800.0,5,9,3,1,2,0.09024247655763246,0.27961641990451946,-0.43171158358396805,0.679145485294522,Mahindra,Bolero,Hybrid,Manual,Second,9,133098.0,999.0,13309.8
KA 46 KS 7928,2500.0,0,40,4,1,0,1.3745281960685316,2.344767240462762,1.2592191778566475,2.0105050119720853,Audi,Q7,Petrol,Manual,First,15,271017.0,2993.0,16938.5625
TS 21 HS 2784,5300.0,5,44,0,0,1,0.09024247655763246,-0.26728116904311827,0.4162978253631812,-0.6608864223426216,Mahindra,Scorpio,CNG,Automatic,Fourth & Above,9,96574.0,1999.0,9657.4
UP 75 FM 7622,3100.0,5,47,4,1,3,0.30429009647611566,0.6095158745013421,0.24669594357375135,0.9700631958109619,Mahindra,Thar,Petrol,Manual,Third,10,155130.0,1799.0,14102.727272727272
KL 28 SJ 8005,7800.0,4,45,0,0,1,-0.9799956230347835,-0.7320632619391504,-0.26380572061243246,0.6046666556892378,Hyundai,Sonata,CNG,Automatic,Fourth & Above,4,65534.0,1197.0,13106.8
AP 43 VH 3513,11400.0,9,33,2,1,3,-0.12380514336085073,-0.09027765357520608,-1.2788729831221701,0.21469436243796805,Tesla,Model 3,Electric,Manual,Third,8,108395.0,0.0,12043.888888888889
KA 98 PT 7398,13900.0,5,9,4,1,3,-1.40809086287175,-1.2444016669175857,0.24669594357375135,-0.37400228689422094,Mahindra,Bolero,Petrol,Manual,Third,2,31318.0,1799.0,10439.333333333334
MH 16 WD 7366,13500.0,5,47,4,0,2,-1.1940432429532666,-1.3145831639988905,-0.00940289792828771,-1.7614303692662219,Mahindra,Thar,Petrol,Automatic,Second,3,26631.0,1497.0,6657.75
AP 27 SR 8337,2500.0,2,25,0,1,3,1.5885758159870147,1.2088811326985835,1.4330611066908132,0.007765561023602171,Ford,F-150,CNG,Manual,Third,16,195158.0,3198.0,11479.882352941177
DL 77 WH 5104,7600.0,10,13,3,0,1,-0.3378527632793339,-0.12768183102540867,-0.43171158358396805,0.6524816974050444,Toyota,Camry,Hybrid,Automatic,Fourth & Above,7,105897.0,999.0,13237.125
MH 47 KE 1897,17700.0,11,32,0,0,1,-1.622138482790233,-1.4156103798741975,0.4162978253631812,-0.5564693045807303,Volkswagen,Jetta,CNG,Automatic,Fourth & Above,1,19884.0,1999.0,9942.0
TN 11 KN 2209,2800.0,4,21,4,1,0,0.5183377163945988,0.26393900845921836,0.4162978253631812,-0.1667395669048033,Hyundai,Elantra,Petrol,Manual,First,11,132051.0,1999.0,11004.25
TN 07 VX 9388,15900.0,8,37,3,1,2,-1.40809086287175,-1.3856930273739954,-0.43171158358396805,-1.5279961065255219,Tata,Nexon,Hybrid,Manual,Second,2,21882.0,999.0,7294.0
WB 28 CB 5320,6600.0,2,24,0,1,1,-0.3378527632793339,-0.13928640969790945,0.07624605237537437,0.6169391524887294,Ford,Explorer,CNG,Manual,Fourth & Above,7,105122.0,1598.0,13140.25
TS 41 XN 2150,2500.0,11,49,2,1,1,0.9464329562315652,0.8733216384395605,-1.2788729831221701,0.3230203229890582,Volkswagen,Tiguan,Electric,Manual,Fourth & Above,13,172748.0,0.0,12339.142857142857
KA 68 XM 5709,3700.0,0,4,0,1,2,0.732385336313082,1.5602977222017078,0.4154498159542341,1.9660741849796757,Audi,A6,CNG,Manual,Second,12,218627.0,1998.0,16817.46153846154
KA 89 UN 4911,9400.0,3,14,1,1,2,-0.9799956230347835,-1.1437038713400787,-0.26380572061243246,-1.4125722651766428,Honda,City,Diesel,Manual,Second,4,38043.0,1197.0,7608.6
TN 32 EH 2109,3400.0,8,48,0,1,1,0.30429009647611566,0.011453323845400936,0.07624605237537437,-0.36211724900079717,Tata,Tiago,CNG,Manual,Fourth & Above,10,115189.0,1598.0,10471.727272727272
KA 23 MT 4938,8500.0,9,34,2,1,1,0.09024247655763246,0.32581012984602264,-1.2788729831221701,0.7923312928473801,Tesla,Model S,Electric,Manual,Fourth & Above,9,136183.0,0.0,13618.3
HR 34 JV 9523,6600.0,5,44,1,0,2,-0.5519003831978171,-0.20997701087581433,0.24669594357375135,1.0582170456303828,Mahindra,Scorpio,Diesel,Automatic,Second,6,100401.0,1799.0,14343.0
DL 29 BN 5218,23700.0,7,19,2,1,0,-1.1940432429532666,-0.9508881815777654,-1.2788729831221701,0.466422207436671,Mercedes,E-Class,Electric,Manual,First,3,50920.0,0.0,12730.0
WB 89 BY 7367,2500.0,10,26,4,0,3,1.5885758159870147,1.0159606273869703,1.4330611066908132,-0.27029449131904704,Toyota,Fortuner,Petrol,Automatic,Third,16,182274.0,3198.0,10722.0
MH 03 WX 5365,38100.0,9,33,2,1,3,-1.622138482790233,-1.4434913159879994,-1.2788729831221701,-0.8980446265635856,Tesla,Model 3,Electric,Manual,Third,1,18022.0,0.0,9011.0
DL 42 QJ 2187,13100.0,8,29,2,0,0,-1.40809086287175,-1.3837015319372954,-1.2788729831221701,-1.511730615002529,Tata,Harrier,Electric,Automatic,First,2,22015.0,0.0,7338.333333333333
UP 26 TL 9009,2500.0,6,46,0,0,1,0.5183377163945988,0.665247799429146,-0.26380572061243246,0.6526804299142536,Maruti,Swift,CNG,Automatic,Fourth & Above,11,158852.0,1197.0,13237.666666666666
KA 09 PV 4548,20600.0,0,39,1,0,1,-0.7659480031163003,-0.9913320099576682,1.2592191778566475,-1.2555796977475733,Audi,Q5,Diesel,Automatic,Fourth & Above,5,48219.0,2993.0,8036.5
AP 14 DF 6976,2500.0,8,6,1,0,1,1.5885758159870147,0.7731329469586535,0.4162978253631812,-0.6202867195743045,Tata,Altroz,Diesel,Automatic,Fourth & Above,16,166057.0,1999.0,9768.058823529413
TN 96 QW 3394,2500.0,6,10,4,1,3,0.5183377163945988,-0.040729846056102664,0.07624605237537437,-0.7888334691949178,Maruti,Brezza,Petrol,Manual,Third,11,111704.0,1598.0,9308.666666666666
TN 61 VW 9547,8800.0,0,4,0,0,2,-0.12380514336085073,0.4843661086371336,0.8386065110188615,1.779157440578085,Audi,A6,CNG,Automatic,Second,8,146772.0,2497.0,16308.0
MH 24 AP 3191,2500.0,6,8,2,0,3,1.1604805761500483,0.36517585543312536,-1.2788729831221701,-0.8088412467374867,Maruti,Baleno,Electric,Automatic,Third,14,138812.0,0.0,9254.133333333333
WB 92 FP 8043,15400.0,10,13,1,0,3,-1.40809086287175,-1.1727976730957808,0.4162978253631812,0.21082162636106522,Toyota,Camry,Diesel,Automatic,Third,2,36100.0,1999.0,12033.333333333334
TN 03 LC 1530,18400.0,1,54,3,0,3,-0.5519003831978171,-0.8827281272329608,0.4154498159542341,-1.2966452593209303,BMW,X5,Hybrid,Automatic,Third,6,55472.0,1998.0,7924.571428571428
TN 02 GN 1175,3300.0,6,46,1,1,1,-0.3378527632793339,-0.09202957061350621,-0.26380572061243246,0.7616775676576193,Maruti,Swift,Diesel,Manual,Fourth & Above,7,108278.0,1197.0,13534.75
WB 19 UI 4235,2900.0,5,55,0,1,0,0.732385336313082,0.17375271511151213,1.057392938527226,-0.6472888853574655,Mahindra,XUV700,CNG,Manual,First,12,126028.0,2755.0,9694.461538461539
AP 91 MH 3031,2800.0,5,44,0,1,0,0.30429009647611566,0.418212523378929,0.24669594357375135,0.5439362244553371,Mahindra,Scorpio,CNG,Manual,First,10,142354.0,1799.0,12941.272727272728
HR 48 II 2053,10300.0,8,6,3,1,2,-0.9799956230347835,-0.6901969368187475,-0.26380572061243246,0.809831983350691,Tata,Altroz,Hybrid,Manual,Second,4,68330.0,1197.0,13666.0
HR 38 ZX 6427,2500.0,10,30,2,1,0,0.9464329562315652,0.72318085089225,-1.2788729831221701,0.06024790059208929,Toyota,Highlander,Electric,Manual,First,13,162721.0,0.0,11622.92857142857
AP 89 FQ 1058,2500.0,6,46,2,0,3,0.9464329562315652,0.5389750098224373,-0.26380572061243246,-0.26214427456772965,Maruti,Swift,Electric,Automatic,Third,13,150419.0,1197.0,10744.214285714286
DL 16 KF 6429,12400.0,0,4,3,1,1,-0.3378527632793339,-0.7378580644504508,2.097900483305378,-1.2163682449689293,Audi,A6,Hybrid,Manual,Fourth & Above,7,65147.0,3982.0,8143.375
DL 59 UO 5983,3600.0,4,45,0,1,3,0.09024247655763246,0.32606468189432264,0.24669594357375135,0.7929550071839764,Hyundai,Sonata,CNG,Manual,Third,9,136200.0,1799.0,13620.0
WB 26 TL 1765,10700.0,1,53,3,0,1,-0.12380514336085073,0.2037599095111142,0.8386065110188615,1.0152092923553007,BMW,X3,Hybrid,Automatic,Fourth & Above,8,128032.0,2497.0,14225.777777777777
GJ 71 RF 7584,2500.0,3,15,3,0,1,0.9464329562315652,1.6857769083637164,-0.26380572061243246,1.7449579780042297,Honda,Civic,Hybrid,Automatic,Fourth & Above,13,227007.0,1197.0,16214.785714285714
TS 69 ZQ 1114,2500.0,10,16,0,1,2,1.1604805761500483,2.056254954189542,-0.43171158358396805,1.953528401581721,Toyota,Corolla,CNG,Manual,Second,14,251749.0,999.0,16783.266666666666
DL 48 WK 5833,34300.0,9,34,2,0,2,-1.622138482790233,-1.5284068845709053,-1.2788729831221701,-1.938363450927051,Tesla,Model S,Electric,Automatic,Second,1,12351.0,0.0,6175.5
UP 78 CD 4086,3400.0,11,49,3,0,1,0.5183377163945988,-0.26214520712741796,-0.00940289792828771,-1.2409346405304422,Volkswagen,Tiguan,Hybrid,Automatic,Fourth & Above,11,96917.0,1497.0,8076.416666666667
HR 42 YV 2705,2500.0,5,55,2,0,2,1.5885758159870147,1.9614268293728354,-1.2788729831221701,1.0924242159938644,Mahindra,XUV700,Electric,Automatic,Second,16,245416.0,0.0,14436.235294117647
WB 22 FD 4360,2500.0,3,14,3,0,0,1.5885758159870147,1.59334456753101,-0.43171158358396805,0.5619001391010515,Honda,City,Hybrid,Automatic,First,16,220834.0,999.0,12990.235294117647
KA 17 VQ 9457,25300.0,1,54,1,0,1,-0.9799956230347835,-1.1279815389450776,2.097900483305378,-1.335525200067728,BMW,X5,Diesel,Automatic,Fourth & Above,4,39093.0,3982.0,7818.6
UP 78 YU 8850,2500.0,0,4,3,0,0,1.5885758159870147,1.9189615582564326,0.4154498159542341,1.0312182001258305,Audi,A6,Hybrid,Automatic,First,16,242580.0,1998.0,14269.411764705883
WB 63 XR 9504,28800.0,0,4,3,0,0,-1.40809086287175,-1.3730253195585946,0.8386065110188615,-1.4245329048078363,Audi,A6,Hybrid,Automatic,First,2,22728.0,2497.0,7576.0
HR 31 SO 7486,2500.0,11,49,0,0,0,0.732385336313082,0.7054819967104489,0.24669594357375135,0.35491563079003313,Volkswagen,Tiguan,CNG,Automatic,First,12,161539.0,1799.0,12426.076923076924
UP 37 TS 5869,2500.0,9,33,2,1,1,1.3745281960685316,1.750807469879421,-1.2788729831221701,1.1009139608782397,Tesla,Model 3,Electric,Manual,Fourth & Above,15,231350.0,0.0,14459.375
TN 58 MS 3791,36500.0,7,27,3,0,3,-1.40809086287175,-1.2154725753107838,0.4154498159542341,-0.13772462056021573,Mercedes,GLC,Hybrid,Automatic,Third,2,33250.0,1998.0,11083.333333333334
KL 46 SD 7406,4700.0,9,35,2,0,2,0.732385336313082,0.47813707027873315,-1.2788729831221701,-0.07358458516185461,Tesla,Model Y,Electric,Automatic,Second,12,146356.0,0.0,11258.153846153846
UP 95 BO 8031,6900.0,10,31,0,1,3,-0.12380514336085073,-0.4064911921634279,0.4162978253631812,-0.6461944846361382,Toyota,Innova,CNG,Manual,Third,8,87277.0,1999.0,9697.444444444445
GJ 10 MP 9622,6800.0,4,56,2,0,1,-0.5519003831978171,-0.5296644362408364,-1.2788729831221701,-0.06079985238004552,Hyundai,i20,Electric,Automatic,Fourth & Above,6,79051.0,0.0,11293.0
KL 60 MD 4167,13800.0,7,19,1,1,1,-0.3378527632793339,-0.12077897842150818,0.4154498159542341,0.6736237789617168,Mercedes,E-Class,Diesel,Manual,Fourth & Above,7,106358.0,1998.0,13294.75
DL 26 WW 9209,2500.0,4,51,0,1,1,1.5885758159870147,1.7563027993927214,0.24669594357375135,0.7967749877229899,Hyundai,Verna,CNG,Manual,Fourth & Above,16,231717.0,1799.0,13630.411764705883
TN 94 FH 2425,2500.0,4,50,0,0,2,1.5885758159870147,0.7956832637080551,0.24669594357375135,-0.5877845122762583,Hyundai,Tucson,CNG,Automatic,Second,16,167563.0,1799.0,9856.64705882353
MH 34 TW 1878,10700.0,2,20,3,0,0,-0.5519003831978171,-0.7764751075425534,-0.00940289792828771,-0.9247228280196659,Ford,EcoSport,Hybrid,Automatic,First,6,62568.0,1497.0,8938.285714285714
UP 32 WL 6143,6300.0,1,1,4,0,1,0.732385336313082,0.2093900018735146,1.2592191778566475,-0.5801196491086684,BMW,5 Series,Petrol,Automatic,Fourth & Above,12,128408.0,2993.0,9877.538461538461
HR 10 GN 6065,11400.0,4,50,1,1,0,-1.40809086287175,-1.1608037795258799,0.07624605237537437,0.3087814662852568,Hyundai,Tucson,Diesel,Manual,First,2,36901.0,1598.0,12300.333333333334
UP 12 UE 8825,10900.0,7,27,4,1,0,-0.12380514336085073,0.2653016106001185,0.8386065110188615,1.1827560847350045,Mercedes,GLC,Petrol,Manual,First,8,132142.0,2497.0,14682.444444444445
MH 70 UH 1432,11300.0,11,38,2,1,2,-1.1940432429532666,-1.1668381604355804,-1.2788729831221701,-0.8564025223261484,Volkswagen,Polo,Electric,Manual,Second,3,36498.0,0.0,9124.5
TS 44 SK 1836,5500.0,4,17,3,1,0,-0.3378527632793339,-0.5295446470416364,-0.00940289792828771,-0.5783451677098687,Hyundai,Creta,Hybrid,Manual,First,7,79059.0,1497.0,9882.375
UP 87 JZ 4545,4100.0,2,20,2,0,1,0.30429009647611566,0.5818745167859403,-1.2788729831221701,0.9084922511395088,Ford,EcoSport,Electric,Automatic,Fourth & Above,10,153284.0,0.0,13934.90909090909
GJ 23 WX 5000,32900.0,1,1,0,1,3,-1.622138482790233,-1.4581355455902005,2.097900483305378,-1.077454221031487,BMW,5 Series,CNG,Manual,Third,1,17044.0,3982.0,8522.0
MH 20 BS 8276,10600.0,8,48,1,0,0,-0.9799956230347835,-0.7285744015124501,-0.26380572061243246,0.6217637663276924,Tata,Tiago,Diesel,Automatic,First,4,65767.0,1197.0,13153.4
KL 04 XC 6583,2500.0,4,50,0,1,1,1.5885758159870147,1.2049730100746834,0.4162978253631812,0.002132708364379111,Hyundai,Tucson,CNG,Manual,Fourth & Above,16,194897.0,1999.0,11464.529411764706
AP 77 PF 2876,3000.0,11,38,1,0,3,0.5183377163945988,0.4917106839130841,0.24669594357375135,0.2983403659937112,Volkswagen,Polo,Diesel,Automatic,Third,11,147262.5,1799.0,12271.875
UP 49 ZU 3403,2500.0,8,29,1,1,0,1.1604805761500483,1.1458270929696792,0.4162978253631812,0.46634882927942417,Tata,Harrier,Diesel,Manual,First,14,190947.0,1999.0,12729.8
GJ 17 EQ 4820,7500.0,3,15,1,1,1,-0.5519003831978171,-0.7493278802738516,-0.43171158358396805,-0.8296981143853377,Honda,Civic,Diesel,Manual,Fourth & Above,6,64381.0,999.0,9197.285714285714
KL 95 RR 8289,14700.0,11,52,4,0,3,-1.40809086287175,-1.2705157123431876,0.24669594357375135,-0.5872881306242962,Volkswagen,Virtus,Petrol,Automatic,Third,2,29574.0,1799.0,9858.0
UP 71 BJ 5238,3800.0,2,22,1,1,0,0.732385336313082,-0.13766925550870934,1.057392938527226,-1.2342576985938059,Ford,Endeavour,Diesel,Manual,First,12,105230.0,2755.0,8094.615384615385
AP 89 AU 7989,9000.0,8,6,3,0,1,-0.7659480031163003,-0.7032389858816483,-0.43171158358396805,-0.07908324322731995,Tata,Altroz,Hybrid,Automatic,Fourth & Above,5,67459.0,999.0,11243.166666666666
GJ 60 WI 8688,3800.0,7,28,1,1,3,0.732385336313082,1.0028886310242693,2.097900483305378,0.9154683074176021,Mercedes,GLE,Diesel,Manual,Third,12,181401.0,3982.0,13953.923076923076
KL 07 NC 3331,2500.0,5,44,0,0,1,1.5885758159870147,1.3245675518259916,-0.00940289792828771,0.17450663246099005,Mahindra,Scorpio,CNG,Automatic,Fourth & Above,16,202884.0,1497.0,11934.35294117647
WB 93 CW 7187,4800.0,0,40,0,1,2,0.732385336313082,0.7290056007033504,0.8386065110188615,0.39925297118787334,Audi,Q7,CNG,Manual,Second,12,163110.0,2497.0,12546.923076923076
AP 94 WM 9892,30000.0,7,11,2,1,1,-1.40809086287175,-1.4302995304260986,-1.2788729831221701,-1.8923186572548187,Mercedes,C-Class,Electric,Manual,Fourth & Above,2,18903.0,0.0,6301.0
UP 48 UC 3364,3100.0,6,46,2,0,3,0.30429009647611566,-0.33900495206412323,-1.2788729831221701,-1.1427607809809481,Maruti,Swift,Electric,Automatic,Third,10,91784.0,0.0,8344.0
WB 88 IC 7535,2500.0,5,55,3,1,3,0.9464329562315652,1.6176767486185117,1.057392938527226,1.6257708854479902,Mahindra,XUV700,Hybrid,Manual,Third,13,222459.0,2755.0,15889.92857142857
KA 61 AW 9428,2500.0,10,13,3,1,1,1.1604805761500483,2.0603128133124424,-0.43171158358396805,1.960156895119662,Toyota,Camry,Hybrid,Manual,Fourth & Above,14,252020.0,999.0,16801.333333333332
WB 14 XB 8721,21800.0,9,34,2,1,0,-0.9799956230347835,-0.8743878042386601,-1.2788729831221701,-0.09279272893955705,Tesla,Model S,Electric,Manual,First,4,56029.0,0.0,11205.8
MH 83 JN 2363,14500.0,7,11,0,0,1,-0.3378527632793339,-0.5974501493381411,2.097900483305378,-0.7863263821556593,Mercedes,C-Class,CNG,Automatic,Fourth & Above,7,74524.0,3982.0,9315.5
KA 64 RX 6932,6200.0,11,38,0,1,0,-0.5519003831978171,-0.09869284481900667,0.4162978253631812,1.4477502346708282,Volkswagen,Polo,CNG,Manual,First,6,107833.0,1999.0,15404.714285714286
WB 30 WV 3877,4700.0,10,31,3,0,1,0.5183377163945988,0.4917106839130841,-0.26380572061243246,0.2983403659937112,Toyota,Innova,Hybrid,Automatic,Fourth & Above,11,147262.5,1197.0,12271.875
KL 87 WU 6468,2500.0,10,13,2,0,1,1.5885758159870147,2.5997984455595797,-1.2788729831221701,2.012521562433182,Toyota,Camry,Electric,Automatic,Fourth & Above,16,288049.0,0.0,16944.058823529413
MH 45 EM 5225,13700.0,11,32,2,0,3,-1.1940432429532666,-1.1427455577464787,-1.2788729831221701,-0.7088207035639534,Volkswagen,Jetta,Electric,Automatic,Third,3,38107.0,0.0,9526.75
WB 47 CG 4905,2500.0,11,32,4,0,2,1.3745281960685316,0.7544458318834522,0.07624605237537437,-0.4249160270420863,Volkswagen,Jetta,Petrol,Automatic,Second,15,164809.0,1598.0,10300.5625
WB 49 YA 9686,15100.0,5,55,2,0,1,-1.40809086287175,-1.174699326633081,-1.2788729831221701,0.19528991641053775,Mahindra,XUV700,Electric,Automatic,Fourth & Above,2,35973.0,0.0,11991.0
GJ 39 TX 7405,17000.0,4,50,2,0,0,-1.622138482790233,-1.4153558278258975,-1.2788729831221701,-0.5533507328977505,Hyundai,Tucson,Electric,Automatic,First,1,19901.0,0.0,9950.5
MH 37 XB 6824,2500.0,6,23,4,1,2,1.1604805761500483,0.5904544181786409,-0.00940289792828771,-0.44084978814586057,Maruti,Ertiga,Petrol,Manual,Second,14,153857.0,1497.0,10257.133333333333
DL 41 EO 2790,5000.0,5,44,0,0,2,-0.12380514336085073,-0.31009083410722127,-0.26380572061243246,-0.38374527555085125,Mahindra,Scorpio,CNG,Automatic,Second,8,93715.0,1197.0,10412.777777777777
WB 55 QT 6267,2500.0,3,15,0,0,0,1.1604805761500483,1.4316141749610989,0.24669594357375135,0.9331806656822015,Honda,Civic,CNG,Automatic,First,14,210033.0,1799.0,14002.2
WB 59 XW 4253,6300.0,0,4,0,0,0,0.5183377163945988,-0.23351558851861595,0.8386065110188615,-1.1824767085906627,Audi,A6,CNG,Automatic,First,11,98829.0,2497.0,8235.75
UP 64 VE 1141,2500.0,11,49,1,1,1,1.5885758159870147,2.3231452900071607,-0.00940289792828771,1.6137760232308542,Volkswagen,Tiguan,Diesel,Manual,Fourth & Above,16,269573.0,1497.0,15857.235294117647
KA 98 ZJ 8708,5500.0,4,50,0,0,0,-0.3378527632793339,-0.27705896242781897,0.4162978253631812,0.19496888697258394,Hyundai,Tucson,CNG,Automatic,First,7,95921.0,1999.0,11990.125
KL 93 RI 8773,5700.0,11,49,3,1,2,-0.12380514336085073,-0.1816318916151124,0.07624605237537437,-0.03401682498504183,Volkswagen,Tiguan,Hybrid,Manual,Second,8,102294.0,1598.0,11366.0
TS 19 TF 7943,7300.0,2,36,2,0,0,-0.12380514336085073,-0.1978034335071135,-1.2788729831221701,-0.0780437193329931,Ford,Mustang,Electric,Automatic,First,8,101214.0,0.0,11246.0
TS 66 IO 5831,14300.0,5,9,2,0,3,-1.40809086287175,-1.2497622335817862,-1.2788729831221701,-0.4177845873846838,Mahindra,Bolero,Electric,Automatic,Third,2,30960.0,0.0,10320.0
UP 56 FW 8433,5400.0,3,5,1,1,1,-0.12380514336085073,-0.6799699339370467,-0.43171158358396805,-1.3907381868314923,Honda,Accord,Diesel,Manual,Fourth & Above,8,69013.0,999.0,7668.111111111111
KA 20 IQ 5691,2500.0,4,51,3,0,2,1.1604805761500483,2.084375468701744,0.24669594357375135,1.9994631280180837,Hyundai,Verna,Hybrid,Automatic,Second,14,253627.0,1799.0,16908.466666666667
AP 71 ZM 3229,10800.0,7,28,3,0,0,0.09024247655763246,-0.00444869234840016,0.4154498159542341,-0.016883025267963852,Mercedes,GLE,Hybrid,Automatic,First,9,114127.0,1998.0,11412.7
HR 67 AK 4802,6700.0,9,33,2,1,1,0.09024247655763246,0.5529304515292383,-1.2788729831221701,1.3488312374054847,Tesla,Model 3,Electric,Manual,Fourth & Above,9,151351.0,0.0,15135.1
KL 87 FZ 9061,2500.0,3,14,3,1,2,1.3745281960685316,0.4012324043923278,-0.43171158358396805,-0.965827699320119,Honda,City,Hybrid,Manual,Second,15,141220.0,999.0,8826.25
KA 14 EU 2253,9700.0,3,7,3,0,3,-1.1940432429532666,-1.043739784607672,0.07624605237537437,-0.10235023392092454,Honda,Amaze,Hybrid,Automatic,Third,3,44719.0,1598.0,11179.75
TS 90 JL 9366,2500.0,1,2,0,0,0,1.5885758159870147,1.4466327458108,2.097900483305378,0.3504415553651563,BMW,7 Series,CNG,Automatic,First,16,211036.0,3982.0,12413.882352941177
MH 81 RV 9556,10700.0,4,56,3,0,0,-0.9799956230347835,-0.9724202901339669,0.24669594357375135,-0.573199524432952,Hyundai,i20,Hybrid,Automatic,First,4,49482.0,1799.0,9896.4
TS 79 IM 9617,4400.0,2,25,0,0,1,0.732385336313082,-0.11404083596650773,0.585051697743664,-1.1897228016187629,Ford,F-150,CNG,Automatic,Fourth & Above,12,106808.0,2198.0,8216.0
DL 11 VH 3745,4200.0,7,19,3,0,0,0.5183377163945988,1.3061050414992903,1.2592191778566475,1.9612269932461752,Mercedes,E-Class,Hybrid,Automatic,First,11,201651.0,2993.0,16804.25
AP 49 QN 5800,2700.0,0,40,1,1,2,1.1604805761500483,1.6855523036152165,0.4154498159542341,1.3479873885971485,Audi,Q7,Diesel,Manual,Second,14,226992.0,1998.0,15132.8
KL 95 MA 4984,20900.0,2,20,0,0,2,-1.622138482790233,-1.4888015805854027,0.07624605237537437,-1.4531503861340047,Ford,EcoSport,CNG,Automatic,Second,1,14996.0,1598.0,7498.0
WB 69 HH 5357,22800.0,2,36,3,0,0,-1.622138482790233,-1.4978157178252032,0.585051697743664,-1.5635845127901158,Ford,Mustang,Hybrid,Automatic,First,1,14394.0,2198.0,7197.0
MH 58 PU 1598,9800.0,11,49,2,1,2,-0.7659480031163003,-0.7193206858742495,-1.2788729831221701,-0.14475669396301394,Volkswagen,Tiguan,Electric,Manual,Second,5,66385.0,0.0,11064.166666666666
KL 29 XU 3073,10800.0,10,41,0,0,2,-0.5519003831978171,-0.756530205875752,-0.43171158358396805,-0.8549087526964855,Toyota,RAV4,CNG,Automatic,Second,6,63900.0,999.0,9128.57142857143
MH 43 KK 5757,9100.0,2,22,4,0,2,-0.7659480031163003,-0.4401220098388302,1.4330611066908132,0.9954175727201803,Ford,Endeavour,Petrol,Automatic,Second,5,85031.0,3198.0,14171.833333333334
AP 62 RR 2132,2500.0,8,48,2,1,3,0.09024247655763246,0.7495494483661519,-1.2788729831221701,1.8305955288079416,Tata,Tiago,Electric,Manual,Third,9,164482.0,0.0,16448.2
TS 49 TA 5866,11000.0,4,56,2,0,2,-1.1940432429532666,-1.000825303994269,-1.2788729831221701,0.1605270144149679,Hyundai,i20,Electric,Automatic,Second,3,47585.0,0.0,11896.25
KA 89 FJ 9918,10400.0,7,42,1,1,2,-0.12380514336085073,0.17954751762281254,0.8386065110188615,0.9492912477621183,Mercedes,S-Class,Diesel,Manual,Second,8,126415.0,2497.0,14046.111111111111
AP 21 HV 5288,18500.0,0,39,2,1,0,-0.7659480031163003,-0.6441529633762443,-1.2788729831221701,0.16220859718520236,Audi,Q5,Electric,Manual,First,5,71405.0,0.0,11900.833333333334
UP 42 GB 2394,3700.0,4,56,4,0,1,-0.12380514336085073,0.43383004022463006,-0.43171158358396805,1.6415733957407372,Hyundai,i20,Petrol,Automatic,Fourth & Above,8,143397.0,999.0,15933.0
GJ 64 CY 7159,4700.0,2,36,0,1,0,0.09024247655763246,0.5526160048813383,1.057392938527226,1.3480607667543953,Ford,Mustang,CNG,Manual,First,9,151330.0,2755.0,15133.0
WB 03 DL 4579,5200.0,2,22,0,1,3,0.09024247655763246,-0.26099223608511785,0.585051697743664,-0.6454770093208386,Ford,Endeavour,CNG,Manual,Third,9,96994.0,2198.0,9699.4
WB 58 PF 9380,8200.0,1,54,2,0,0,-0.12380514336085073,0.2752590877836191,-1.2788729831221701,1.2098652372733263,BMW,X5,Electric,Automatic,First,8,132807.0,0.0,14756.333333333334
UP 86 JL 9104,7000.0,5,47,2,0,1,-0.5519003831978171,-0.12579515113800854,-1.2788729831221701,1.3528827599448852,Mahindra,Thar,Electric,Automatic,Fourth & Above,6,106023.0,0.0,15146.142857142857
DL 89 UM 3195,7000.0,4,56,3,1,3,-0.5519003831978171,-0.407958609853628,-0.00940289792828771,0.36521276340584485,Hyundai,i20,Hybrid,Manual,Third,6,87179.0,1497.0,12454.142857142857
TS 17 XV 7012,35800.0,0,3,3,1,2,-1.40809086287175,-1.393659009120796,1.2592191778566475,-1.593058072617494,Audi,A4,Hybrid,Manual,Second,2,21350.0,2993.0,7116.666666666667
KA 09 TU 4030,19800.0,2,36,0,1,0,-1.40809086287175,-1.1446771585835789,2.9196216005751654,0.44049525854287774,Ford,Mustang,CNG,Manual,First,2,37978.0,4951.0,12659.333333333334
WB 18 PU 7319,6500.0,3,12,3,1,0,-0.7659480031163003,-0.6889541238770474,-0.26380572061243246,-0.020747608216284512,Honda,CR-V,Hybrid,Manual,First,5,68413.0,1197.0,11402.166666666666
TS 88 HF 2500,28500.0,0,39,0,1,3,-1.40809086287175,-1.3674401481458942,0.4154498159542341,-1.378916150386209,Audi,Q5,CNG,Manual,Third,2,23101.0,1998.0,7700.333333333333
TN 74 IC 3884,8600.0,2,25,0,1,1,-0.3378527632793339,-0.8077251148838556,1.057392938527226,-1.430357296039284,Ford,F-150,CNG,Manual,Fourth & Above,7,60481.0,2755.0,7560.125
UP 73 BW 1440,2700.0,9,33,2,0,1,1.3745281960685316,0.9605880700567664,-1.2788729831221701,-0.10922943616279193,Tesla,Model 3,Electric,Automatic,Fourth & Above,15,178576.0,0.0,11161.0
KA 71 TC 2865,12600.0,7,28,1,1,3,-0.12380514336085073,-0.5860552017642403,1.2592191778566475,-1.1350560744700566,Mercedes,GLE,Diesel,Manual,Third,8,75285.0,2993.0,8365.0
WB 80 NW 3881,8900.0,1,53,3,0,0,0.09024247655763246,-0.23712423814451622,0.8386065110188615,-0.5869946179953102,BMW,X3,Hybrid,Automatic,First,9,98588.0,2497.0,9858.8
MH 80 CW 4339,12100.0,5,9,3,1,0,-1.1940432429532666,-1.2702911075946874,-0.43171158358396805,-1.490114632846972,Mahindra,Bolero,Hybrid,Manual,First,3,29589.0,999.0,7397.25
UP 07 RR 9655,3300.0,6,46,3,1,2,0.09024247655763246,-0.5497590744066377,0.24669594357375135,-1.353025890571039,Maruti,Swift,Hybrid,Manual,Second,9,77709.0,1799.0,7770.9
UP 14 VS 1591,19000.0,9,33,2,1,2,-0.9799956230347835,-0.7953868273662548,-1.2788729831221701,0.29435042869342815,Tesla,Model 3,Electric,Manual,Second,4,61305.0,0.0,12261.0
MH 30 YN 7532,2500.0,6,8,2,1,0,1.1604805761500483,1.3961715456477966,-1.2788729831221701,0.8752852996146451,Maruti,Baleno,Electric,Manual,First,14,207666.0,0.0,13844.4
DL 89 RS 2511,5700.0,5,47,4,0,0,-0.3378527632793339,0.20346043651311418,-0.43171158358396805,1.6667054145976927,Mahindra,Thar,Petrol,Automatic,First,7,128012.0,999.0,16001.5
TN 98 HI 5317,40100.0,0,3,4,1,2,-1.622138482790233,-1.5158589659547044,0.8386065110188615,-1.7846362114954546,Audi,A4,Petrol,Manual,Second,1,13189.0,2497.0,6594.5
KL 59 LY 3514,23600.0,0,39,3,0,1,-1.1940432429532666,-1.2969891253663894,1.2592191778566475,-1.6536562008102995,Audi,Q5,Hybrid,Automatic,Fourth & Above,3,27806.0,2993.0,6951.5
DL 85 PU 9254,13300.0,4,51,2,1,0,-1.40809086287175,-1.4087674218698971,-1.2788729831221701,-1.7164556737205023,Hyundai,Verna,Electric,Manual,First,2,20341.0,0.0,6780.333333333333
TN 25 YS 7211,3400.0,9,33,2,0,1,1.1604805761500483,1.3972197011407965,-1.2788729831221701,0.8769974566170659,Tesla,Model 3,Electric,Automatic,Fourth & Above,14,207736.0,0.0,13849.066666666668
AP 51 VT 5023,30700.0,1,0,4,0,3,-1.1940432429532666,-1.132159187267178,2.097900483305378,-0.6439727570972835,BMW,3 Series,Petrol,Automatic,Third,3,38814.0,3982.0,9703.5
TS 67 AZ 1432,10500.0,9,33,2,0,0,0.09024247655763246,0.043122593383903125,-1.2788729831221701,0.09967817751823675,Tesla,Model 3,Electric,Automatic,First,9,117304.0,0.0,11730.4
HR 28 AZ 7655,3300.0,0,40,2,1,2,1.1604805761500483,0.5566888376541386,-1.2788729831221701,-0.49600570300954416,Audi,Q7,Electric,Manual,Second,14,151602.0,0.0,10106.8
UP 94 AS 9075,15700.0,4,56,0,1,2,-1.622138482790233,-1.4818837543316021,-0.26380572061243246,-1.3683986145141984,Hyundai,i20,CNG,Manual,Second,1,15458.0,1197.0,7729.0
TS 15 GT 2873,7800.0,2,24,0,0,3,-0.5519003831978171,-0.10887492675100736,0.4162978253631812,1.4121094154367724,Ford,Explorer,CNG,Automatic,Third,6,107153.0,1999.0,15307.57142857143
GJ 27 RW 9012,2500.0,0,40,0,1,2,1.5885758159870147,2.5825038799250786,2.097900483305378,1.987594570780298,Audi,Q7,CNG,Manual,Second,16,286894.0,3982.0,16876.117647058825
KL 47 QJ 7771,8500.0,1,54,4,1,3,0.30429009647611566,-0.2684041927856184,0.8386065110188615,-0.9854980485183796,BMW,X5,Petrol,Manual,Third,10,96499.0,2497.0,8772.636363636364
KA 17 BM 4735,11300.0,8,43,3,1,1,-1.1940432429532666,-0.9509480761773654,-0.26380572061243246,0.4660553166504381,Tata,Safari,Hybrid,Manual,Fourth & Above,3,50916.0,1197.0,12729.0
HR 46 QJ 1079,5700.0,3,14,2,0,1,-0.5519003831978171,-0.6593961389744454,-1.2788729831221701,-0.5149058197974861,Honda,City,Electric,Automatic,Fourth & Above,6,70387.0,0.0,10055.285714285714
HR 92 GW 7213,2500.0,6,46,4,0,1,0.9464329562315652,1.3335667154158921,-0.26380572061243246,1.1285290441634501,Maruti,Swift,Petrol,Automatic,Fourth & Above,13,203485.0,1197.0,14534.642857142857
KA 12 QT 3726,12100.0,3,15,3,0,0,-1.1940432429532666,-1.089798731700075,-0.26380572061243246,-0.38448924853404565,Honda,Civic,Hybrid,Automatic,First,3,41643.0,1197.0,10410.75
AP 65 HM 9299,6400.0,8,37,3,0,3,-0.5519003831978171,-0.6301825480195433,-0.00940289792828771,-0.4126481163774228,Tata,Nexon,Hybrid,Automatic,Third,6,72338.0,1497.0,10334.0
TS 36 KS 6802,41400.0,7,19,4,1,3,-1.622138482790233,-1.4516819024833,1.2592191778566475,-0.9983892565982913,Mercedes,E-Class,Petrol,Manual,Third,1,17475.0,2993.0,8737.5
WB 18 EP 3454,14800.0,11,52,4,1,0,-1.1940432429532666,-1.3123071692140904,0.24669594357375135,-1.7474885193893706,Volkswagen,Virtus,Petrol,Manual,First,3,26783.0,1799.0,6695.75
DL 50 ZQ 4797,23000.0,1,2,3,1,0,-0.9799956230347835,-0.8940781538571615,2.097900483305378,-0.18928500571881693,BMW,7 Series,Hybrid,Manual,First,4,54714.0,3982.0,10942.8
UP 74 CN 6909,2500.0,6,10,2,1,2,1.3745281960685316,2.2343665197500546,-1.2788729831221701,1.8414371515411243,Maruti,Brezza,Electric,Manual,Second,15,263644.0,0.0,16477.75
WB 33 RI 4093,3300.0,10,26,3,1,2,0.9464329562315652,0.019089885294401462,1.4330611066908132,-1.1720334244253894,Toyota,Fortuner,Hybrid,Manual,Second,13,115699.0,3198.0,8264.214285714286
UP 43 WD 5995,34500.0,9,35,2,0,3,-1.40809086287175,-1.407255083229997,-1.2788729831221701,-1.704103683917327,Tesla,Model Y,Electric,Automatic,Third,2,20442.0,0.0,6814.0
KA 95 YW 8798,11300.0,2,22,2,0,3,-0.7659480031163003,-0.87173746820636,-1.2788729831221701,-0.7671869128071751,Ford,Endeavour,Electric,Automatic,Third,5,56206.0,0.0,9367.666666666666
KA 54 XW 2095,19500.0,9,34,2,1,0,-0.7659480031163003,-0.45918346616153155,-1.2788729831221701,0.9175755775744271,Tesla,Model S,Electric,Manual,First,5,83758.0,0.0,13959.666666666666
KA 53 WG 4734,3500.0,11,52,3,0,2,0.30429009647611566,-0.06723320637910449,-0.26380572061243246,-0.5373909836966181,Volkswagen,Virtus,Hybrid,Automatic,Second,10,109934.0,1197.0,9994.0
KL 02 OR 2694,4700.0,2,20,2,1,0,-0.12380514336085073,0.38016447898302635,-1.2788729831221701,1.4954693315342025,Ford,EcoSport,Electric,Manual,First,8,139813.0,0.0,15534.777777777777
HR 73 JR 5617,6500.0,2,22,2,1,2,-0.3378527632793339,-0.17272256992461177,-1.2788729831221701,0.5145307617814636,Ford,Endeavour,Electric,Manual,Second,7,102889.0,0.0,12861.125
GJ 26 UG 8919,2500.0,3,12,1,0,3,0.5183377163945988,0.7029514498773487,-0.26380572061243246,0.7296663465587964,Honda,CR-V,Diesel,Automatic,Third,11,161370.0,1197.0,13447.5
MH 54 KM 5487,19900.0,2,22,2,1,2,-1.622138482790233,-1.4203570268924979,-1.2788729831221701,-0.6146214941986493,Ford,Endeavour,Electric,Manual,Second,1,19567.0,0.0,9783.5
KL 05 VQ 5548,19800.0,11,52,0,1,0,-1.622138482790233,-1.5592825506647074,0.24669594357375135,-2.316627851533199,Volkswagen,Virtus,CNG,Manual,First,1,10289.0,1799.0,5144.5
AP 33 IM 2338,14500.0,3,15,2,1,0,-1.622138482790233,-1.4623880621618008,-1.2788729831221701,-1.1295527126765628,Honda,Civic,Electric,Manual,First,1,16760.0,0.0,8380.0
KL 28 XY 9457,4600.0,3,7,3,0,2,0.09024247655763246,-0.5044188625094347,0.4162978253631812,-1.2419313604997084,Honda,Amaze,Hybrid,Automatic,Second,9,80737.0,1999.0,8073.7
TN 61 RR 2982,2500.0,6,10,2,0,1,0.5183377163945988,0.07643896441140542,-1.2788729831221701,-0.549590102338863,Maruti,Brezza,Electric,Automatic,Fourth & Above,11,119529.0,0.0,9960.75
GJ 04 RF 3719,8200.0,11,32,4,1,0,-0.5519003831978171,-0.741975818172951,0.4162978253631812,-0.803963346379571,Volkswagen,Jetta,Petrol,Manual,First,6,64872.0,1999.0,9267.42857142857
TS 93 GR 4522,2500.0,8,6,2,1,2,1.3745281960685316,1.518551186280505,-1.2788729831221701,0.7452362742995562,Tata,Altroz,Electric,Manual,Second,15,215839.0,0.0,13489.9375
DL 88 XP 1157,35000.0,0,39,0,1,0,-1.40809086287175,-1.4214650769850978,0.4154498159542341,-1.8201634692956763,Audi,Q5,CNG,Manual,First,2,19493.0,1998.0,6497.666666666667
AP 97 ZS 4683,2600.0,9,34,2,1,1,1.5885758159870147,1.3377593373878924,-1.2788729831221701,0.193520207912238,Tesla,Model S,Electric,Manual,Fourth & Above,16,203765.0,0.0,11986.176470588236
WB 89 WN 9056,23600.0,2,36,4,1,3,-1.622138482790233,-1.4111332585540972,1.4330611066908132,-0.5016191320389077,Ford,Mustang,Petrol,Manual,Third,1,20183.0,3198.0,10091.5
KL 37 VI 6575,26400.0,9,35,2,0,3,-1.40809086287175,-1.1437487922897787,-1.2788729831221701,0.4480776681250247,Tesla,Model Y,Electric,Automatic,Third,2,38040.0,0.0,12680.0
GJ 14 OS 5447,14400.0,8,43,3,0,0,-1.40809086287175,-1.3906942264405957,0.24669594357375135,-1.568843280726121,Tata,Safari,Hybrid,Automatic,First,2,21548.0,1799.0,7182.666666666667
MH 08 FN 3941,10700.0,5,9,4,1,3,-0.7659480031163003,-1.0417482891709717,-0.00940289792828771,-1.4614665772886177,Mahindra,Bolero,Petrol,Manual,Third,5,44852.0,1497.0,7475.333333333333
TS 57 HH 1165,4200.0,8,48,2,0,3,0.09024247655763246,-0.5341565312108367,-1.2788729831221701,-1.3147958706455676,Tata,Tiago,Electric,Automatic,Third,9,78751.0,0.0,7875.1
GJ 44 EU 3432,26300.0,0,3,4,0,2,-1.40809086287175,-1.1840428841706816,1.2592191778566475,0.11897663287408887,Audi,A4,Petrol,Automatic,Second,2,35349.0,2993.0,11783.0
UP 76 AB 6868,24400.0,7,28,1,0,2,-0.9799956230347835,-0.7511846128614517,2.097900483305378,0.5109627488853483,Mercedes,GLE,Diesel,Automatic,Second,4,64257.0,3982.0,12851.4
HR 17 ER 6815,24500.0,1,54,1,0,1,-1.1940432429532666,-1.0567668600206728,0.8386065110188615,-0.18214897992658624,BMW,X5,Diesel,Automatic,Fourth & Above,3,43849.0,2497.0,10962.25
DL 64 VF 4051,5100.0,9,35,2,0,2,0.5183377163945988,0.939220671649465,-1.2788729831221701,1.2120971562229095,Tesla,Model Y,Electric,Automatic,Second,11,177149.0,0.0,14762.416666666666
UP 40 EU 4401,3700.0,4,56,1,0,0,0.30429009647611566,-0.3337791482490229,-0.43171158358396805,-1.131120336945013,Hyundai,i20,Diesel,Automatic,First,10,92133.0,999.0,8375.727272727272
WB 81 RZ 9431,6800.0,7,11,1,1,2,0.30429009647611566,0.6128100774793425,0.8386065110188615,0.9774010115356204,Mercedes,C-Class,Diesel,Manual,Second,10,155350.0,2497.0,14122.727272727272
WB 02 IO 4590,12500.0,1,2,4,1,3,-0.12380514336085073,-0.2622649963266179,2.097900483305378,-0.2535398120810769,BMW,7 Series,Petrol,Manual,Third,8,96909.0,3982.0,10767.666666666666
GJ 03 UU 7326,8900.0,5,47,4,0,1,-0.7659480031163003,-0.49471593737423397,0.24669594357375135,0.7724702716193044,Mahindra,Thar,Petrol,Automatic,Fourth & Above,5,81385.0,1799.0,13564.166666666666
GJ 29 OT 3577,21300.0,7,27,1,1,3,-0.7659480031163003,-0.8258731785626569,2.097900483305378,-0.5798891664352658,Mercedes,GLC,Diesel,Manual,Third,5,59269.0,3982.0,9878.166666666666
TS 79 GI 3175,2500.0,8,43,2,1,1,1.5885758159870147,1.0353065830577717,-1.2788729831221701,-0.24241079156534454,Tata,Safari,Electric,Manual,Fourth & Above,16,183566.0,0.0,10798.0
DL 87 GC 7099,2500.0,6,23,1,0,1,0.30429009647611566,0.4855939479289337,0.4162978253631812,0.6940279097324433,Maruti,Ertiga,Diesel,Automatic,Fourth & Above,10,146854.0,1999.0,13350.363636363636
WB 88 XA 3093,4600.0,10,16,0,0,3,0.5183377163945988,-0.19434452038021327,-0.00940289792828771,-1.1024945171918845,Toyota,Corolla,CNG,Automatic,Third,11,101445.0,1497.0,8453.75
DL 39 PN 8717,9800.0,4,21,0,0,0,-0.9799956230347835,-0.9056078642801624,0.07624605237537437,-0.24578618679868774,Hyundai,Elantra,CNG,Automatic,First,4,53944.0,1598.0,10788.8
MH 40 EP 7244,11200.0,3,12,3,1,0,-1.1940432429532666,-1.1947190965493824,-0.26380572061243246,-1.027190183317576,Honda,CR-V,Hybrid,Manual,First,3,34636.0,1197.0,8659.0
UP 87 NH 5213,2500.0,2,24,2,1,1,0.9464329562315652,0.5259030134597364,-1.2788729831221701,-0.2850225357378259,Ford,Explorer,Electric,Manual,Fourth & Above,13,149546.0,0.0,10681.857142857143
WB 84 LG 2220,13800.0,0,39,3,0,3,-0.3378527632793339,-0.8189703259587564,2.097900483305378,-1.4647991685969002,Audi,Q5,Hybrid,Automatic,Third,7,59730.0,3982.0,7466.25
KL 27 MV 7161,20300.0,5,47,4,1,2,-1.622138482790233,-1.4764483194179017,0.4162978253631812,-1.3018079368129223,Mahindra,Thar,Petrol,Manual,Second,1,15821.0,1999.0,7910.5
DL 37 QO 5389,16000.0,1,1,2,1,2,-0.7659480031163003,-0.509195456827535,-1.2788729831221701,0.7133397065714311,BMW,5 Series,Electric,Manual,Second,5,80418.0,0.0,13403.0
GJ 56 MX 1375,2900.0,0,4,4,1,0,1.1604805761500483,0.8953179301426619,0.4154498159542341,0.05714330570096636,Audi,A6,Petrol,Manual,First,14,174217.0,1998.0,11614.466666666667
KL 99 RS 4239,5700.0,9,35,2,0,3,0.30429009647611566,1.0058534137044695,-1.2788729831221701,1.8529024886109033,Tesla,Model Y,Electric,Automatic,Third,10,181599.0,0.0,16509.0
UP 86 AT 4241,9100.0,11,52,3,1,1,-0.7659480031163003,-0.6019721916079414,0.07624605237537437,0.3344638213215617,Volkswagen,Virtus,Hybrid,Manual,Fourth & Above,5,74222.0,1598.0,12370.333333333334
KL 32 WI 7856,12500.0,5,47,3,1,0,-1.1940432429532666,-1.1250392167397274,-0.00940289792828771,-0.6003586148838442,Mahindra,Thar,Hybrid,Manual,First,3,39289.5,1497.0,9822.375
TS 17 QS 1491,6800.0,8,48,1,1,1,-0.3378527632793339,-0.5630706491677387,0.24669594357375135,-0.6810287265068091,Tata,Tiago,Diesel,Manual,Fourth & Above,7,76820.0,1799.0,9602.5
HR 95 OO 2483,11200.0,11,49,4,1,1,-0.9799956230347835,-0.9026281079500621,0.24669594357375135,-0.23118393350661684,Volkswagen,Tiguan,Petrol,Manual,Fourth & Above,4,54143.0,1799.0,10828.6
GJ 06 MF 6298,32300.0,0,4,3,1,1,-1.40809086287175,-1.3280893962086915,1.2592191778566475,-1.0575198216461645,Audi,A6,Hybrid,Manual,Fourth & Above,2,25729.0,2993.0,8576.333333333334
WB 22 IH 5885,6600.0,10,16,0,0,3,0.09024247655763246,-0.5079825911856349,0.07624605237537437,-1.2506633612120523,Toyota,Corolla,CNG,Automatic,Third,9,80499.0,1598.0,8049.9
AP 05 HQ 8403,11100.0,1,53,1,1,2,-0.12380514336085073,-0.07148572295070478,0.4154498159542341,0.2658552442960043,BMW,X3,Diesel,Manual,Second,8,109650.0,1998.0,12183.333333333334
HR 76 ZB 4472,2500.0,3,15,2,0,1,1.3745281960685316,0.621150400473643,-1.2788729831221701,-0.6290448882324312,Honda,Civic,Electric,Automatic,Fourth & Above,15,155907.0,0.0,9744.1875
MH 15 ZK 1725,4600.0,5,9,0,1,0,-0.12380514336085073,-0.18392286004981254,0.07624605237537437,-0.04025396835100159,Mahindra,Bolero,CNG,Manual,First,8,102141.0,1598.0,11349.0
HR 16 KQ 4630,18700.0,1,2,0,0,0,-0.9799956230347835,-0.7420656600723511,0.4154498159542341,0.5556500466485192,BMW,7 Series,CNG,Automatic,First,4,64866.0,1998.0,12973.2
GJ 41 KX 1005,22200.0,1,1,2,1,0,-0.7659480031163003,-0.9687667195583667,-1.2788729831221701,-1.1634289619387366,BMW,5 Series,Electric,Manual,First,5,49726.0,0.0,8287.666666666666
HR 46 OD 9879,7100.0,10,16,0,1,0,-0.5519003831978171,-0.24516508814081678,-0.43171158358396805,0.9350465673950428,Toyota,Corolla,CNG,Manual,First,6,98051.0,999.0,14007.285714285714
WB 93 LB 6836,2500.0,3,12,4,0,0,1.3745281960685316,1.0174280450771704,-0.26380572061243246,-0.02218459712902992,Honda,CR-V,Petrol,Automatic,First,15,182372.0,1197.0,11398.25
GJ 56 ZV 9068,2500.0,4,21,0,1,1,0.9464329562315652,1.2109774436845837,0.24669594357375135,0.9139765536713806,Hyundai,Elantra,CNG,Manual,Fourth & Above,13,195298.0,1799.0,13949.857142857143
GJ 92 ZL 1282,2500.0,3,14,0,1,2,1.5885758159870147,1.5414758442774066,0.4162978253631812,0.4871407459533538,Honda,City,CNG,Manual,Second,16,217370.0,1999.0,12786.470588235294
HR 74 LF 3208,14500.0,5,47,1,1,2,-1.1940432429532666,-1.2437278526720856,-0.43171158358396805,-1.3273985691526689,Mahindra,Thar,Diesel,Manual,Second,3,31363.0,999.0,7840.75
GJ 72 LM 3531,7200.0,10,26,1,0,0,-0.12380514336085073,-0.6874118379373473,2.9196216005751654,-1.410998711360133,Toyota,Fortuner,Diesel,Automatic,First,8,68516.0,4951.0,7612.888888888889
MH 93 BU 4760,11500.0,9,35,2,1,2,-0.12380514336085073,-0.0688503605683046,-1.2788729831221701,0.27302999744900347,Tesla,Model Y,Electric,Manual,Second,8,109826.0,0.0,12202.888888888889
GJ 56 BU 2039,8500.0,10,30,2,1,2,-0.7659480031163003,-0.3675746760733252,-1.2788729831221701,1.2916818826032692,Toyota,Highlander,Electric,Manual,Second,5,89876.0,0.0,14979.333333333334
TS 75 XQ 9115,2500.0,6,46,1,1,2,0.9464329562315652,1.1655773371877807,-0.43171158358396805,0.8345184919672206,Maruti,Swift,Diesel,Manual,Second,13,192266.0,999.0,13733.285714285714
GJ 90 TD 1330,2600.0,0,4,4,0,3,1.3745281960685316,1.071467947566274,2.097900483305378,0.060572205840634746,Audi,A6,Petrol,Automatic,Third,15,185981.0,3982.0,11623.8125
MH 12 CE 1802,2900.0,0,40,0,1,3,0.9464329562315652,0.9940541775832687,1.2592191778566475,0.5343232093744938,Audi,Q7,CNG,Manual,Third,13,180811.0,2993.0,12915.07142857143
AP 06 RW 2234,2500.0,1,54,3,1,0,1.5885758159870147,1.4855941828506027,1.2592191778566475,0.4065974274697487,BMW,X5,Hybrid,Manual,First,16,213638.0,2993.0,12566.941176470587
TS 34 IS 6773,36200.0,9,34,2,1,3,-1.622138482790233,-1.4274096159953984,-1.2788729831221701,-0.7010242743565037,Tesla,Model S,Electric,Manual,Third,1,19096.0,0.0,9548.0
KL 34 KM 8081,2500.0,10,30,3,1,1,1.5885758159870147,1.6818538120899162,1.057392938527226,0.6894702236553356,Toyota,Highlander,Hybrid,Manual,Fourth & Above,16,226745.0,2755.0,13337.941176470587
WB 80 VA 5757,16800.0,0,4,3,1,3,-0.7659480031163003,-0.669129011409446,0.4154498159542341,0.06021295861244856,Audi,A6,Hybrid,Manual,Third,5,69737.0,1998.0,11622.833333333334
DL 87 YU 9743,27900.0,0,39,2,0,2,-1.40809086287175,-1.1206145031942771,-1.2788729831221701,0.6370264230349822,Audi,Q5,Electric,Automatic,Second,2,39585.0,0.0,13195.0
HR 64 EQ 7567,19800.0,7,28,0,0,2,-0.9799956230347835,-0.7321381301886504,0.4154498159542341,0.6042997649030049,Mercedes,GLE,CNG,Automatic,Second,4,65529.0,1998.0,13105.8
WB 50 ET 8307,5600.0,3,14,0,0,0,-0.3378527632793339,-0.13269800374190902,-0.26380572061243246,0.6371181457315405,Honda,City,CNG,Automatic,First,7,105562.0,1197.0,13195.25
HR 77 QE 5424,2500.0,8,37,0,0,1,0.9464329562315652,1.3586326053484938,-0.43171158358396805,1.1723986996030162,Tata,Nexon,CNG,Automatic,Fourth & Above,13,205159.0,999.0,14654.214285714286
KL 96 PV 5839,10600.0,8,48,2,0,1,-1.1940432429532666,-1.119236927403477,-1.2788729831221701,-0.5648160699675294,Tata,Tiago,Electric,Automatic,Fourth & Above,3,39677.0,0.0,9919.25
MH 42 EI 3937,2500.0,10,16,2,1,2,1.1604805761500483,1.9079559255799319,-1.2788729831221701,1.7112826451249934,Toyota,Corolla,Electric,Manual,Second,14,241845.0,0.0,16123.0
KA 58 FD 6930,5400.0,1,53,4,1,3,0.732385336313082,0.39732428176842755,1.2592191778566475,-0.22590070618486283,BMW,X3,Petrol,Manual,Third,12,140959.0,2993.0,10843.0
KA 66 IL 7778,3400.0,10,41,1,0,2,0.732385336313082,0.809376666541606,-0.43171158358396805,0.5507365323498146,Toyota,RAV4,Diesel,Automatic,Second,12,168477.5,999.0,12959.807692307691
MH 75 II 4706,5700.0,10,41,1,1,0,0.09024247655763246,-0.22300408628881524,-0.43171158358396805,-0.5523968168535447,Toyota,RAV4,Diesel,Manual,First,9,99531.0,999.0,9953.1
GJ 63 QH 5345,9400.0,9,33,2,0,0,-0.12380514336085073,0.38691759508792684,-1.2788729831221701,1.5138546364887637,Tesla,Model 3,Electric,Automatic,First,8,140264.0,0.0,15584.888888888889
MH 13 DN 9698,26400.0,9,33,2,1,3,-1.40809086287175,-1.1676317638802804,-1.2788729831221701,0.2530140667778519,Tesla,Model 3,Electric,Manual,Third,2,36445.0,0.0,12148.333333333334
TN 88 SM 3467,2500.0,2,24,0,1,0,1.1604805761500483,0.4708898237271326,0.4162978253631812,-0.6361579833505224,Ford,Explorer,CNG,Manual,First,14,145872.0,1999.0,9724.8
KL 58 JY 6682,27500.0,7,19,0,0,2,-1.1940432429532666,-1.1568357623023797,1.2592191778566475,-0.7951317610252495,Mercedes,E-Class,CNG,Automatic,Second,3,37166.0,2993.0,9291.5
KL 81 EK 6092,3900.0,2,20,0,1,2,0.30429009647611566,0.6663558495217461,0.4162978253631812,1.0966738707691615,Ford,EcoSport,CNG,Manual,Second,10,158926.0,1999.0,14447.818181818182
TS 06 HI 6511,4400.0,7,19,4,1,1,0.732385336313082,0.9001094981106622,0.8386065110188615,0.7217499722866164,Mercedes,E-Class,Petrol,Manual,Fourth & Above,12,174537.0,2497.0,13425.923076923076
AP 49 WB 9720,2500.0,4,45,4,0,1,0.5183377163945988,0.4888731772570339,0.07624605237537437,0.29254654899444976,Hyundai,Sonata,Petrol,Automatic,Fourth & Above,11,147073.0,1598.0,12256.083333333334
KL 41 GC 4524,20300.0,2,22,0,0,0,-1.622138482790233,-1.4914519166177027,1.057392938527226,-1.4856202207156188,Ford,Endeavour,CNG,Automatic,First,1,14819.0,2755.0,7409.5
WB 05 PJ 2346,15900.0,9,35,2,0,2,-0.7659480031163003,-0.640948602297644,-1.2788729831221701,0.1752943685608432,Tesla,Model Y,Electric,Automatic,Second,5,71619.0,0.0,11936.5
TS 19 SZ 7257,12700.0,7,27,4,0,0,0.09024247655763246,-0.5661103000974389,1.2592191778566475,-1.3930903644276746,Mercedes,GLC,Petrol,Automatic,First,9,76617.0,2993.0,7661.7
WB 47 HH 4981,37000.0,7,27,1,1,1,-1.40809086287175,-1.3095969385821902,0.4154498159542341,-0.906483114646943,Mercedes,GLC,Diesel,Manual,Fourth & Above,2,26964.0,1998.0,8988.0
TN 96 GZ 5956,29500.0,7,42,0,0,0,-1.40809086287175,-1.3836116900378954,0.4154498159542341,-1.510996833430063,Mercedes,S-Class,CNG,Automatic,First,2,22021.0,1998.0,7340.333333333333
GJ 65 CP 9384,13300.0,1,53,0,0,1,-0.3378527632793339,-0.20148695138251377,0.4154498159542341,0.42643111173728193,BMW,X3,CNG,Automatic,Fourth & Above,7,100968.0,1998.0,12621.0
DL 66 EP 5726,2700.0,8,37,1,0,3,0.732385336313082,-0.018883290852001158,-0.26380572061243246,-1.0103696518872047,Tata,Nexon,Diesel,Automatic,Third,12,113163.0,1197.0,8704.846153846154
KL 02 JO 4387,8200.0,0,3,1,1,3,0.30429009647611566,-0.16987757644361157,1.2592191778566475,-0.7660306509354105,Audi,A4,Diesel,Manual,Third,10,103079.0,2993.0,9370.818181818182
KL 61 XP 5191,5300.0,11,38,0,1,1,-0.3378527632793339,-0.04016084735990262,0.24669594357375135,0.9205412780964768,Volkswagen,Polo,CNG,Manual,Fourth & Above,7,111742.0,1799.0,13967.75
KL 49 WE 3655,2500.0,10,30,3,0,0,1.5885758159870147,0.7712013461215533,0.585051697743664,-0.6230707731874843,Toyota,Highlander,Hybrid,Automatic,First,16,165928.0,2198.0,9760.470588235294
DL 65 NR 3703,2500.0,6,8,0,1,0,0.9464329562315652,1.5543981041411075,0.24669594357375135,1.5150222809751086,Maruti,Baleno,CNG,Manual,First,13,218233.0,1799.0,15588.07142857143
TS 83 SN 3721,17800.0,5,44,1,1,2,-1.40809086287175,-1.4031223558575967,-0.43171158358396805,-1.6703497315838978,Mahindra,Scorpio,Diesel,Manual,Second,2,20718.0,999.0,6906.0
DL 33 UI 4368,9100.0,11,38,4,0,3,-0.9799956230347835,-0.9212253811258634,-0.26380572061243246,-0.3223196048068758,Volkswagen,Polo,Petrol,Automatic,Third,4,52901.0,1197.0,10580.2
MH 34 FD 1476,4000.0,4,56,4,1,3,-0.12380514336085073,0.01251645298830101,0.07624605237537437,0.4945505010478619,Hyundai,i20,Petrol,Manual,Third,8,115260.0,1598.0,12806.666666666666
GJ 13 CW 7730,13000.0,8,29,4,0,2,-1.40809086287175,-1.2866123859856886,0.07624605237537437,-0.7187573290244287,Tata,Harrier,Petrol,Automatic,Second,2,28499.0,1598.0,9499.666666666666
UP 32 PS 4233,14900.0,9,35,2,0,3,-0.7659480031163003,-0.36215421480952487,-1.2788729831221701,1.3138176267059887,Tesla,Model Y,Electric,Automatic,Third,5,90238.0,0.0,15039.666666666666
AP 67 PP 8997,10900.0,3,5,3,0,2,-1.1940432429532666,-1.2108307438417834,0.07624605237537437,-1.1258838048142334,Honda,Accord,Hybrid,Automatic,Second,3,33560.0,1598.0,8390.0
UP 10 SL 4605,3200.0,4,56,4,1,3,0.30429009647611566,0.0733693661819052,-0.43171158358396805,-0.22419966708505548,Hyundai,i20,Petrol,Manual,Third,10,119324.0,999.0,10847.636363636364
WB 63 MD 6952,4500.0,6,46,1,1,2,-0.3378527632793339,-0.624956744204443,0.24669594357375135,-0.8705736789443952,Maruti,Swift,Diesel,Manual,Second,7,72687.0,1799.0,9085.875
HR 37 FX 4257,3500.0,10,13,4,0,3,0.9464329562315652,0.018281308199801408,0.24669594357375135,-1.1734485746008594,Toyota,Camry,Petrol,Automatic,Third,13,115645.0,1799.0,8260.357142857143
GJ 51 DZ 7299,18300.0,8,43,3,1,0,-1.622138482790233,-1.4405714542574992,-0.43171158358396805,-0.8622727749058753,Tata,Safari,Hybrid,Manual,First,1,18217.0,999.0,9108.5
WB 04 MO 7240,2500.0,7,28,0,1,3,1.5885758159870147,1.0030683148230695,2.097900483305378,-0.28887643055119716,Mercedes,GLE,CNG,Manual,Third,16,181413.0,3982.0,10671.35294117647
DL 59 FN 6006,11700.0,5,55,0,0,0,-0.9799956230347835,-0.8898855318851613,0.585051697743664,-0.168739121689773,Mahindra,XUV700,CNG,Automatic,First,4,54994.0,2198.0,10998.8
UP 61 DV 6964,3100.0,1,1,0,0,2,1.3745281960685316,0.9634630108375666,1.2592191778566475,-0.1048267467279968,BMW,5 Series,CNG,Automatic,Second,15,178768.0,2993.0,11173.0
WB 43 JV 2570,11700.0,4,51,2,0,0,-1.40809086287175,-1.264301647634687,-1.2788729831221701,-0.5365349051954077,Hyundai,Verna,Electric,Automatic,First,2,29989.0,0.0,9996.333333333334
AP 66 RW 9782,3200.0,5,9,2,1,1,0.30429009647611566,0.446842141987731,-1.2788729831221701,0.6077085138441877,Mahindra,Bolero,Electric,Manual,Fourth & Above,10,144266.0,0.0,13115.09090909091
KL 76 JG 4187,2500.0,11,52,3,0,2,1.1604805761500483,0.09719244317280686,-0.00940289792828771,-1.2465908734848665,Volkswagen,Virtus,Hybrid,Automatic,Second,14,120915.0,1497.0,8061.0
KL 85 NZ 6745,3900.0,8,43,2,1,2,-0.12380514336085073,0.32157258692432233,-1.2788729831221701,1.3359533708087088,Tata,Safari,Electric,Manual,Second,8,135900.0,0.0,15100.0
WB 34 OX 2282,10100.0,0,40,2,0,3,-0.12380514336085073,0.171851061574212,-1.2788729831221701,0.9283377073039265,Audi,Q7,Electric,Automatic,Third,8,125901.0,0.0,13989.0
HR 04 YL 4954,4200.0,4,50,3,0,0,0.09024247655763246,-0.22301905993871524,0.4162978253631812,-0.5524335059321681,Hyundai,Tucson,Hybrid,Automatic,First,9,99530.0,1999.0,9953.0
HR 43 AH 8224,2700.0,5,9,3,0,3,0.5183377163945988,0.6087372447065421,-0.26380572061243246,0.5372932776439979,Mahindra,Bolero,Hybrid,Automatic,Third,11,155078.0,1197.0,12923.166666666666
GJ 48 MS 4088,2500.0,4,50,4,0,2,1.3745281960685316,1.8631847123789287,0.24669594357375135,1.2730086702956223,Hyundai,Tucson,Petrol,Automatic,Second,15,238855.0,1799.0,14928.4375
KL 27 BZ 5502,2800.0,2,22,3,1,3,0.9464329562315652,0.3769900652042262,1.057392938527226,-0.545646026386859,Ford,Endeavour,Hybrid,Manual,Third,13,139601.0,2755.0,9971.5
MH 53 LQ 4775,2500.0,3,12,1,0,0,1.5885758159870147,1.9704559402625363,-0.00940289792828771,1.1054380479996557,Honda,CR-V,Diesel,Automatic,First,16,246019.0,1497.0,14471.70588235294
HR 89 ZM 8075,8800.0,6,18,2,0,3,-1.1940432429532666,-1.193131889659982,-1.2788729831221701,-1.0174675774824036,Maruti,Dzire,Electric,Automatic,Third,3,34742.0,0.0,8685.5
UP 80 PI 2826,10600.0,9,33,2,0,2,0.09024247655763246,0.043122593383903125,-1.2788729831221701,0.09967817751823675,Tesla,Model 3,Electric,Automatic,Second,9,117304.0,0.0,11730.4
TN 23 UP 8146,2500.0,4,56,0,0,0,0.732385336313082,1.187663470790282,-0.43171158358396805,1.2637323306571655,Hyundai,i20,CNG,Automatic,First,12,193741.0,999.0,14903.153846153846
KL 61 SU 8689,2500.0,10,30,4,0,3,0.9464329562315652,1.2222825493590845,1.4330611066908132,0.9337624496432275,Toyota,Highlander,Petrol,Automatic,Third,13,196053.0,3198.0,14003.785714285714
TS 58 UL 5416,4700.0,1,2,4,0,0,0.30429009647611566,1.042344198510772,1.2592191778566475,1.934185474615417,BMW,7 Series,Petrol,Automatic,First,10,184036.0,2993.0,16730.545454545456
KL 04 XM 9648,4800.0,9,35,2,1,1,0.30429009647611566,0.781158823305054,-1.2788729831221701,1.3523967487735118,Tesla,Model Y,Electric,Manual,Fourth & Above,10,166593.0,0.0,15144.818181818182
AP 13 GS 2798,11400.0,5,44,4,1,2,-1.1940432429532666,-0.9956893420785685,0.24669594357375135,0.1919878993344414,Mahindra,Scorpio,Petrol,Manual,Second,3,47928.0,1799.0,11982.0
DL 32 PN 9200,25100.0,2,24,0,0,0,-1.622138482790233,-1.4876635831930025,0.4162978253631812,-1.4392085362571534,Ford,Explorer,CNG,Automatic,First,1,15072.0,1999.0,7536.0
AP 83 LD 1490,6900.0,5,47,4,0,0,-0.5519003831978171,-0.12584007208770853,-0.43171158358396805,1.3527255210365,Mahindra,Thar,Petrol,Automatic,First,6,106020.0,999.0,15145.714285714286
HR 66 GZ 1174,2500.0,8,43,0,1,3,1.3745281960685316,1.2702431499887878,0.07624605237537437,0.36497690504326663,Tata,Safari,CNG,Manual,Third,15,199256.0,1598.0,12453.5
UP 17 PF 9422,21100.0,1,53,3,0,0,-0.7659480031163003,-0.72728666762105,1.2592191778566475,-0.17728767700899994,BMW,X3,Hybrid,Automatic,First,5,65853.0,2993.0,10975.5
KA 55 PX 9507,2500.0,10,26,0,1,1,1.5885758159870147,0.72331561374135,1.4330611066908132,-0.6920894046211843,Toyota,Fortuner,CNG,Manual,Fourth & Above,16,162730.0,3198.0,9572.35294117647
MH 81 BO 7090,3200.0,4,51,4,0,2,-0.12380514336085073,0.45525733323153156,-0.43171158358396805,1.6999090307517726,Hyundai,Verna,Petrol,Automatic,Second,8,144828.0,999.0,16092.0
WB 05 ET 7589,6800.0,8,37,4,1,3,-0.5519003831978171,-0.8037271503605553,-0.26380572061243246,-1.020114432440227,Tata,Nexon,Petrol,Manual,Third,6,60748.0,1197.0,8678.285714285714
TN 32 AO 2922,4500.0,8,29,1,1,3,0.09024247655763246,-0.5555688505678382,0.07624605237537437,-1.3672612530768762,Tata,Harrier,Diesel,Manual,Third,9,77321.0,1598.0,7732.1
WB 78 LG 2530,2500.0,4,50,1,1,0,1.3745281960685316,1.9458692071267345,-0.43171158358396805,1.3996318528942613,Hyundai,Tucson,Diesel,Manual,First,15,244377.0,999.0,15273.5625
GJ 17 ZB 5930,2500.0,6,10,4,1,0,1.5885758159870147,0.2785982117113194,0.4162978253631812,-1.3330691899810632,Maruti,Brezza,Petrol,Manual,First,16,133030.0,1999.0,7825.294117647059
KL 28 QL 8265,2500.0,6,46,4,0,3,1.3745281960685316,1.4256097413511986,0.24669594357375135,0.60290557991532,Maruti,Swift,Petrol,Automatic,Third,15,209632.0,1799.0,13102.0
DL 68 DL 2386,3400.0,5,9,1,0,3,0.30429009647611566,0.4098123057850284,0.4162978253631812,0.5252247943574577,Mahindra,Bolero,Diesel,Automatic,Third,10,141793.0,1999.0,12890.272727272728
UP 46 DQ 6624,13000.0,6,8,0,1,1,-1.622138482790233,-1.5161883862525045,-0.00940289792828771,-1.7886720101440168,Maruti,Baleno,CNG,Manual,Fourth & Above,1,13167.0,1497.0,6583.5
DL 07 QD 7934,11300.0,2,25,0,1,3,-0.7659480031163003,-0.5743308338925395,1.4330611066908132,0.4473438865525588,Ford,F-150,CNG,Manual,Third,5,76068.0,3198.0,12678.0
